Hour,DayOfWeek_encoded,ParkID_encoded,OccupancyRate_lag1
7,1,0,0.0
8,1,0,10.571923743500866
8,1,0,11.091854419410746
9,1,0,13.864818024263432
9,1,0,18.54419410745234
10,1,0,25.99653379549393
10,1,0,30.67590987868284
11,1,0,37.954939341421145
11,1,0,42.80762564991335
12,1,0,44.88734835355286
13,1,0,46.10051993067591
13,1,0,46.62045060658579
14,1,0,45.58058925476603
14,1,0,41.247833622183705
14,1,0,37.26169844020797
15,1,0,33.27556325823224
16,1,0,28.59618717504333
16,1,0,28.07625649913345
7,2,0,24.783362218370883
8,2,0,9.358752166377815
9,2,0,10.225303292894282
9,2,0,12.305025996533796
10,2,0,14.38474870017331
10,2,0,19.75736568457539
11,2,0,22.18370883882149
11,2,0,25.64991334488735
12,2,0,28.07625649913345
12,2,0,30.84922010398613
12,2,0,31.7157712305026
13,2,0,30.329289428076255
13,2,0,31.022530329289427
14,2,0,30.155979202772965
14,2,0,27.38301559792028
15,2,0,25.12998266897747
16,2,0,22.357019064124785
16,2,0,20.97053726169844
7,3,0,19.75736568457539
8,3,0,10.051993067590988
8,3,0,10.918544194107453
9,3,0,12.131715771230503
10,3,0,16.464471403812826
10,3,0,23.39688041594454
10,3,0,27.729636048526864
11,3,0,30.67590987868284
12,3,0,33.10225303292894
12,3,0,34.48873483535529
12,3,0,35.70190641247834
13,3,0,34.31542461005199
13,3,0,36.04852686308492
14,3,0,34.66204506065858
15,3,0,30.329289428076255
15,3,0,27.38301559792028
16,3,0,26.51646447140381
16,3,0,23.39688041594454
8,4,0,22.357019064124785
8,4,0,10.051993067590988
9,4,0,10.571923743500866
9,4,0,12.998266897746968
9,4,0,17.85095320623917
10,4,0,22.18370883882149
10,4,0,29.80935875216638
11,4,0,32.582322357019066
12,4,0,34.48873483535529
12,4,0,36.39514731369151
13,4,0,35.70190641247834
13,4,0,34.66204506065858
14,4,0,34.835355285961874
14,4,0,33.44887348353553
15,4,0,31.36915077989601
15,4,0,29.80935875216638
15,4,0,27.55632582322357
16,4,0,27.38301559792028
7,5,0,22.87694974003466
8,5,0,10.051993067590988
8,5,0,10.571923743500866
9,5,0,12.998266897746968
10,5,0,18.02426343154246
10,5,0,27.38301559792028
10,5,0,33.10225303292894
11,5,0,38.64818024263432
12,5,0,44.0207972270364
12,5,0,53.03292894280762
13,5,0,55.45927209705373
13,5,0,60.31195840554593
14,5,0,61.871750433275565
14,5,0,68.4575389948007
14,5,0,69.32409012131716
15,5,0,68.4575389948007
16,5,0,70.36395147313692
16,5,0,66.03119584055459
8,6,0,63.258232235701904
8,6,0,7.279029462738301
9,6,0,7.279029462738301
9,6,0,7.452339688041595
9,6,0,7.452339688041595
10,6,0,8.665511265164644
11,6,0,11.091854419410746
11,6,0,17.33102253032929
11,6,0,21.837088388214905
12,6,0,25.64991334488735
13,6,0,29.462738301559792
13,6,0,32.75563258232236
14,6,0,35.52859618717504
14,6,0,36.04852686308492
15,6,0,36.22183708838821
15,6,0,33.10225303292894
16,6,0,31.19584055459272
16,6,0,26.8630849220104
8,0,0,23.050259965337958
8,0,0,9.358752166377815
9,0,0,9.705372616984402
9,0,0,11.26516464471404
10,0,0,12.65164644714038
10,0,0,15.944540727902949
10,0,0,19.584055459272097
11,0,0,24.956672443674176
11,0,0,25.82322357019064
12,0,0,27.55632582322357
13,0,0,29.636048526863085
13,0,0,30.502599653379548
14,0,0,29.80935875216638
14,0,0,27.90294627383016
14,0,0,26.689774696707104
15,0,0,23.743500866551127
15,0,0,22.357019064124785
16,0,0,22.53032928942808
8,1,0,19.75736568457539
8,1,0,9.705372616984402
8,1,0,11.091854419410746
9,1,0,12.824956672443674
9,1,0,16.11785095320624
10,1,0,22.357019064124785
10,1,0,28.942807625649912
11,1,0,34.66204506065858
12,1,0,37.954939341421145
12,1,0,38.9948006932409
13,1,0,38.30155979202773
13,1,0,37.60831889081456
14,1,0,37.60831889081456
14,1,0,36.04852686308492
15,1,0,33.10225303292894
15,1,0,28.942807625649912
16,1,0,27.55632582322357
16,1,0,25.99653379549393
8,2,0,22.0103986135182
8,2,0,8.838821490467938
9,2,0,9.878682842287697
9,2,0,11.091854419410746
10,2,0,12.65164644714038
10,2,0,17.157712305025996
11,2,0,19.410745233968804
11,2,0,22.0103986135182
12,2,0,22.18370883882149
12,2,0,24.783362218370883
13,2,0,27.38301559792028
13,2,0,27.209705372616984
14,2,0,28.42287694974004
14,2,0,28.942807625649912
15,2,0,27.55632582322357
15,2,0,24.263431542461007
15,2,0,22.18370883882149
16,2,0,20.97053726169844
7,3,0,19.23743500866551
8,3,0,10.051993067590988
9,3,0,11.26516464471404
9,3,0,13.17157712305026
9,3,0,16.81109185441941
10,3,0,22.0103986135182
11,3,0,28.76949740034662
11,3,0,34.66204506065858
11,3,0,38.12824956672444
12,3,0,39.86135181975737
13,3,0,40.03466204506066
13,3,0,37.08838821490468
13,3,0,35.18197573656846
14,3,0,35.52859618717504
15,3,0,31.36915077989601
15,3,0,28.07625649913345
16,3,0,24.956672443674176
16,3,0,22.87694974003466
8,4,0,22.53032928942808
8,4,0,9.185441941074524
9,4,0,9.878682842287697
9,4,0,11.611785095320624
10,4,0,17.33102253032929
10,4,0,23.223570190641247
11,4,0,27.209705372616984
11,4,0,35.52859618717504
12,4,0,38.12824956672444
12,4,0,38.82149046793761
13,4,0,36.915077989601386
13,4,0,35.52859618717504
14,4,0,34.835355285961874
14,4,0,31.542461005199307
15,4,0,30.155979202772965
15,4,0,29.636048526863085
16,4,0,27.90294627383016
16,4,0,23.91681109185442
8,5,0,23.223570190641247
8,5,0,9.185441941074524
9,5,0,10.918544194107453
9,5,0,13.344887348353552
10,5,0,17.504332755632582
10,5,0,26.689774696707104
11,5,0,29.636048526863085
11,5,0,36.5684575389948
12,5,0,41.421143847487
12,5,0,47.83362218370884
13,5,0,51.47313691507799
13,5,0,57.53899480069324
14,5,0,61.005199306759096
14,5,0,67.76429809358753
15,5,0,70.8838821490468
15,5,0,76.60311958405546
16,5,0,74.17677642980937
16,5,0,71.40381282495667
8,6,0,68.1109185441941
8,6,0,8.31889081455806
9,6,0,8.31889081455806
9,6,0,9.532062391681109
10,6,0,9.878682842287697
10,6,0,9.878682842287697
11,6,0,9.705372616984402
11,6,0,9.705372616984402
12,6,0,9.705372616984402
12,6,0,11.26516464471404
13,6,0,18.197573656845755
13,6,0,22.703639514731368
14,6,0,25.30329289428076
14,6,0,29.462738301559792
15,6,0,31.19584055459272
15,6,0,33.27556325823224
15,6,0,32.06239168110918
16,6,0,29.98266897746967
8,0,0,26.689774696707104
8,0,0,8.665511265164644
9,0,0,9.358752166377815
9,0,0,11.43847487001733
10,0,0,13.17157712305026
10,0,0,19.410745233968804
11,0,0,20.623916811091853
11,0,0,24.956672443674176
12,0,0,26.51646447140381
12,0,0,27.55632582322357
12,0,0,26.689774696707104
13,0,0,26.689774696707104
14,0,0,27.209705372616984
14,0,0,27.90294627383016
14,0,0,25.476603119584052
15,0,0,23.050259965337958
15,0,0,20.97053726169844
16,0,0,19.930675909878683
8,1,0,19.064124783362217
8,1,0,9.878682842287697
9,1,0,10.398613518197571
9,1,0,12.478336221837088
10,1,0,15.771230502599654
10,1,0,25.12998266897747
11,1,0,30.84922010398613
11,1,0,38.12824956672444
12,1,0,39.51473136915078
12,1,0,40.03466204506066
13,1,0,38.82149046793761
13,1,0,41.074523396880416
13,1,0,39.34142114384749
14,1,0,39.168110918544194
15,1,0,34.66204506065858
15,1,0,28.59618717504333
15,1,0,27.209705372616984
16,1,0,25.82322357019064
8,2,0,21.49046793760832
8,2,0,8.492201039861351
8,2,0,8.838821490467938
9,2,0,10.225303292894282
9,2,0,13.17157712305026
10,2,0,18.197573656845755
10,2,0,23.39688041594454
11,2,0,27.03639514731369
11,2,0,30.67590987868284
12,2,0,31.36915077989601
12,2,0,29.636048526863085
13,2,0,28.59618717504333
13,2,0,28.942807625649912
14,2,0,27.90294627383016
14,2,0,27.03639514731369
15,2,0,24.956672443674176
15,2,0,22.0103986135182
16,2,0,20.27729636048527
7,5,0,19.064124783362217
8,5,0,9.878682842287697
8,5,0,10.225303292894282
9,5,0,12.478336221837088
9,5,0,16.11785095320624
10,5,0,22.53032928942808
10,5,0,27.03639514731369
11,5,0,34.31542461005199
11,5,0,41.421143847487
12,5,0,45.233968804159446
12,5,0,56.1525129982669
13,5,0,62.21837088388215
13,5,0,65.8578856152513
14,5,0,70.7105719237435
14,5,0,74.52339688041594
15,5,0,73.48353552859619
15,5,0,69.84402079722703
16,5,0,66.55112651646448
7,6,0,58.925476603119584
8,6,0,8.145580589254767
8,6,0,8.31889081455806
9,6,0,8.838821490467938
9,6,0,8.665511265164644
10,6,0,9.358752166377815
10,6,0,10.398613518197571
11,6,0,13.864818024263432
11,6,0,18.54419410745234
12,6,0,21.66377816291161
13,6,0,24.956672443674176
13,6,0,30.329289428076255
13,6,0,33.27556325823224
14,6,0,37.26169844020797
14,6,0,39.168110918544194
15,6,0,37.954939341421145
15,6,0,37.26169844020797
16,6,0,31.022530329289427
7,0,0,25.99653379549393
8,0,0,8.145580589254767
9,0,0,9.532062391681109
9,0,0,10.74523396880416
9,0,0,12.65164644714038
10,0,0,15.077989601386482
11,0,0,19.75736568457539
11,0,0,23.743500866551127
12,0,0,26.8630849220104
12,0,0,29.98266897746967
12,0,0,33.10225303292894
13,0,0,34.31542461005199
13,0,0,36.04852686308492
14,0,0,37.954939341421145
14,0,0,37.26169844020797
15,0,0,36.22183708838821
16,0,0,36.22183708838821
16,0,0,33.27556325823224
8,1,0,30.329289428076255
8,1,0,9.358752166377815
9,1,0,9.532062391681109
9,1,0,14.211438474870018
9,1,0,16.464471403812826
10,1,0,22.357019064124785
10,1,0,29.98266897746967
11,1,0,35.008665511265164
12,1,0,43.15424610051993
12,1,0,50.25996533795494
13,1,0,52.51299826689775
13,1,0,57.36568457538995
13,1,0,59.79202772963605
14,1,0,62.91161178509532
15,1,0,63.258232235701904
15,1,0,58.925476603119584
15,1,0,52.33968804159446
16,1,0,47.31369150779896
7,2,0,39.168110918544194
8,2,0,9.705372616984402
8,2,0,10.918544194107453
9,2,0,12.131715771230503
9,2,0,15.077989601386482
10,2,0,18.71750433275563
10,2,0,21.66377816291161
11,2,0,27.55632582322357
11,2,0,31.542461005199307
12,2,0,34.31542461005199
12,2,0,35.52859618717504
13,2,0,40.03466204506066
13,2,0,42.287694974003465
14,2,0,45.06065857885616
14,2,0,46.273830155979205
15,2,0,43.67417677642981
15,2,0,41.247833622183705
16,2,0,36.741767764298096
7,3,0,31.19584055459272
8,3,0,9.358752166377815
8,3,0,10.398613518197571
9,3,0,11.95840554592721
9,3,0,15.59792027729636
10,3,0,17.677642980935875
10,3,0,20.27729636048527
11,3,0,27.729636048526864
11,3,0,32.75563258232236
12,3,0,35.87521663778163
12,3,0,38.47487001733102
13,3,0,42.80762564991335
13,3,0,46.96707105719238
14,3,0,48.35355285961872
14,3,0,48.52686308492201
15,3,0,46.10051993067591
15,3,0,45.58058925476603
16,3,0,41.76776429809359
8,4,0,38.9948006932409
8,4,0,9.878682842287697
9,4,0,11.95840554592721
10,4,0,17.157712305025996
10,4,0,23.39688041594454
10,4,0,29.636048526863085
11,4,0,33.968804159445405
12,4,0,39.86135181975737
12,4,0,45.407279029462735
13,4,0,46.62045060658579
13,4,0,46.10051993067591
14,4,0,47.66031195840554
14,4,0,51.2998266897747
15,4,0,50.25996533795494
15,4,0,48.8734835355286
16,4,0,46.62045060658579
16,4,0,44.36741767764298
7,5,0,38.12824956672444
8,5,0,8.838821490467938
8,5,0,9.705372616984402
9,5,0,11.43847487001733
9,5,0,15.771230502599654
10,5,0,21.49046793760832
10,5,0,28.42287694974004
11,5,0,36.915077989601386
12,5,0,46.273830155979205
12,5,0,54.41941074523397
12,5,0,58.752166377816295
13,5,0,58.578856152513
13,5,0,63.77816291161179
14,5,0,63.4315424610052
14,5,0,64.81802426343154
15,5,0,71.75043327556325
15,5,0,72.27036395147314
16,5,0,72.27036395147314
7,6,0,63.95147313691508
8,6,0,7.452339688041595
8,6,0,7.625649913344887
9,6,0,7.79896013864818
9,6,0,7.625649913344887
10,6,0,8.145580589254767
10,6,0,10.571923743500866
11,6,0,14.558058925476605
11,6,0,18.54419410745234
12,6,0,21.14384748700173
13,6,0,24.61005199306759
13,6,0,29.2894280762565
13,6,0,30.67590987868284
14,6,0,31.542461005199307
15,6,0,31.7157712305026
15,6,0,27.209705372616984
8,0,0,25.476603119584052
8,0,0,8.492201039861351
9,0,0,10.051993067590988
9,0,0,11.611785095320624
10,0,0,15.944540727902949
10,0,0,19.23743500866551
11,0,0,22.357019064124785
11,0,0,28.76949740034662
12,0,0,30.84922010398613
12,0,0,34.31542461005199
13,0,0,34.48873483535529
13,0,0,34.31542461005199
13,0,0,34.835355285961874
14,0,0,32.75563258232236
15,0,0,32.06239168110918
15,0,0,27.729636048526864
16,0,0,24.4367417677643
16,0,0,22.53032928942808
8,1,0,20.97053726169844
8,1,0,8.665511265164644
9,1,0,9.358752166377815
9,1,0,11.95840554592721
10,1,0,15.771230502599654
10,1,0,23.39688041594454
11,1,0,28.249566724436743
11,1,0,32.06239168110918
12,1,0,35.87521663778163
12,1,0,41.421143847487
13,1,0,42.287694974003465
13,1,0,42.114384748700175
14,1,0,41.76776429809359
14,1,0,39.68804159445407
15,1,0,34.48873483535529
15,1,0,31.19584055459272
16,1,0,28.942807625649912
16,1,0,26.51646447140381
7,2,0,23.050259965337958
8,2,0,8.665511265164644
8,2,0,9.01213171577123
9,2,0,9.878682842287697
9,2,0,14.038128249566723
10,2,0,16.81109185441941
10,2,0,21.66377816291161
11,2,0,24.956672443674176
11,2,0,28.942807625649912
12,2,0,29.2894280762565
13,2,0,31.889081455805893
13,2,0,33.27556325823224
14,2,0,32.582322357019066
14,2,0,32.582322357019066
14,2,0,29.636048526863085
15,2,0,26.51646447140381
16,2,0,22.53032928942808
16,2,0,21.66377816291161
8,3,0,19.930675909878683
8,3,0,8.838821490467938
9,3,0,9.705372616984402
9,3,0,10.398613518197571
10,3,0,13.864818024263432
10,3,0,20.623916811091853
11,3,0,23.91681109185442
11,3,0,32.06239168110918
12,3,0,33.795493934142115
12,3,0,33.795493934142115
12,3,0,33.10225303292894
13,3,0,33.968804159445405
13,3,0,33.10225303292894
14,3,0,32.40901213171577
15,3,0,30.67590987868284
15,3,0,26.689774696707104
16,3,0,24.61005199306759
16,3,0,20.797227036395142
8,4,0,18.71750433275563
8,4,0,8.31889081455806
8,4,0,9.705372616984402
9,4,0,12.305025996533796
10,4,0,16.81109185441941
10,4,0,19.930675909878683
11,4,0,23.39688041594454
11,4,0,26.689774696707104
12,4,0,31.022530329289427
12,4,0,31.7157712305026
13,4,0,31.542461005199307
13,4,0,29.636048526863085
13,4,0,29.98266897746967
14,4,0,31.022530329289427
15,4,0,28.942807625649912
15,4,0,27.03639514731369
16,4,0,25.12998266897747
16,4,0,23.570190641247837
8,5,0,20.623916811091853
8,5,0,7.452339688041595
8,5,0,8.31889081455806
9,5,0,10.225303292894282
9,5,0,15.59792027729636
10,5,0,23.39688041594454
10,5,0,31.36915077989601
11,5,0,38.82149046793761
12,5,0,42.114384748700175
12,5,0,48.18024263431543
13,5,0,49.91334488734835
13,5,0,57.36568457538995
13,5,0,60.831889081455806
14,5,0,62.56499133448874
15,5,0,59.96533795493934
15,5,0,63.95147313691508
16,5,0,67.59098786828423
16,5,0,63.77816291161179
8,6,0,58.925476603119584
8,6,0,6.065857885615252
9,6,0,6.065857885615252
9,6,0,6.239168110918544
10,6,0,6.759098786828423
10,6,0,7.972270363951473
10,6,0,9.185441941074524
11,6,0,13.344887348353552
11,6,0,16.63778162911612
12,6,0,21.49046793760832
13,6,0,26.51646447140381
13,6,0,30.84922010398613
13,6,0,32.582322357019066
14,6,0,37.43500866551126
15,6,0,38.9948006932409
15,6,0,36.5684575389948
15,6,0,32.582322357019066
16,6,0,28.249566724436743
8,0,0,22.53032928942808
8,0,0,5.1993067590987865
8,0,0,6.58578856152513
9,0,0,8.492201039861351
9,0,0,10.571923743500866
10,0,0,15.077989601386482
10,0,0,19.064124783362217
11,0,0,24.61005199306759
11,0,0,27.209705372616984
12,0,0,27.209705372616984
12,0,0,27.729636048526864
13,0,0,26.689774696707104
13,0,0,27.90294627383016
14,0,0,28.07625649913345
15,0,0,27.03639514731369
15,0,0,25.64991334488735
16,0,0,21.49046793760832
16,0,0,20.623916811091853
7,1,0,20.450606585788563
8,1,0,5.892547660311958
8,1,0,6.239168110918544
9,1,0,7.972270363951473
9,1,0,11.785095320623917
10,1,0,19.410745233968804
11,1,0,25.99653379549393
11,1,0,30.84922010398613
11,1,0,33.968804159445405
12,1,0,40.901213171577126
13,1,0,43.32755632582322
13,1,0,43.8474870017331
14,1,0,41.074523396880416
14,1,0,38.64818024263432
15,1,0,33.968804159445405
15,1,0,28.249566724436743
16,1,0,24.956672443674176
16,1,0,22.0103986135182
8,2,0,18.370883882149048
8,2,0,5.545927209705373
9,2,0,6.412478336221837
9,2,0,7.452339688041595
10,2,0,10.571923743500866
10,2,0,15.251299826689774
11,2,0,18.54419410745234
11,2,0,22.53032928942808
12,2,0,26.16984402079723
12,2,0,26.34315424610052
13,2,0,27.729636048526864
13,2,0,29.80935875216638
14,2,0,29.80935875216638
14,2,0,28.249566724436743
15,2,0,26.34315424610052
15,2,0,23.223570190641247
16,2,0,21.49046793760832
16,2,0,18.71750433275563
8,3,0,16.291161178509533
8,3,0,6.239168110918544
9,3,0,7.105719237435009
9,3,0,8.492201039861351
10,3,0,11.26516464471404
10,3,0,16.11785095320624
11,3,0,21.837088388214905
11,3,0,27.729636048526864
12,3,0,32.23570190641248
12,3,0,34.835355285961874
13,3,0,36.04852686308492
13,3,0,36.04852686308492
14,3,0,34.66204506065858
14,3,0,34.835355285961874
15,3,0,32.92894280762565
15,3,0,28.07625649913345
16,3,0,26.51646447140381
16,3,0,25.476603119584052
8,4,0,23.570190641247837
8,4,0,6.759098786828423
9,4,0,7.279029462738301
9,4,0,10.918544194107453
10,4,0,14.211438474870018
10,4,0,21.14384748700173
11,4,0,25.476603119584052
11,4,0,29.2894280762565
12,4,0,33.10225303292894
12,4,0,32.582322357019066
13,4,0,30.84922010398613
13,4,0,28.42287694974004
14,4,0,28.76949740034662
14,4,0,29.462738301559792
15,4,0,27.90294627383016
15,4,0,28.07625649913345
16,4,0,24.61005199306759
16,4,0,23.91681109185442
8,5,0,21.49046793760832
8,5,0,5.719237435008665
9,5,0,6.412478336221837
9,5,0,8.665511265164644
10,5,0,12.65164644714038
10,5,0,21.49046793760832
11,5,0,27.55632582322357
11,5,0,36.741767764298096
12,5,0,43.500866551126514
12,5,0,50.43327556325824
13,5,0,53.03292894280762
13,5,0,55.63258232235702
14,5,0,59.09878682842288
14,5,0,66.37781629116118
15,5,0,72.09705372616985
15,5,0,77.81629116117851
16,5,0,76.60311958405546
16,5,0,72.44367417677643
8,6,0,61.69844020797227
8,6,0,3.9861351819757367
9,6,0,4.15944540727903
9,6,0,4.679376083188908
10,6,0,4.852686308492201
10,6,0,5.545927209705373
11,6,0,7.972270363951473
11,6,0,11.95840554592721
12,6,0,16.464471403812826
12,6,0,22.18370883882149
13,6,0,26.689774696707104
13,6,0,33.10225303292894
14,6,0,35.35528596187175
14,6,0,38.12824956672444
15,6,0,40.38128249566724
15,6,0,38.12824956672444
16,6,0,35.52859618717504
16,6,0,29.462738301559792
8,0,0,23.050259965337958
8,0,0,5.37261698440208
9,0,0,6.239168110918544
9,0,0,7.279029462738301
10,0,0,10.571923743500866
10,0,0,14.731369150779896
11,0,0,17.157712305025996
11,0,0,22.357019064124785
12,0,0,23.39688041594454
12,0,0,27.38301559792028
13,0,0,26.689774696707104
13,0,0,28.249566724436743
14,0,0,26.34315424610052
14,0,0,24.783362218370883
15,0,0,21.837088388214905
15,0,0,20.97053726169844
16,0,0,19.584055459272097
16,0,0,17.85095320623917
7,1,0,15.424610051993067
8,1,0,5.545927209705373
8,1,0,6.58578856152513
9,1,0,8.145580589254767
9,1,0,13.69150779896014
10,1,0,19.584055459272097
11,1,0,29.636048526863085
11,1,0,36.22183708838821
11,1,0,39.168110918544194
12,1,0,39.34142114384749
12,1,0,38.47487001733102
13,1,0,39.86135181975737
14,1,0,40.38128249566724
14,1,0,42.98093587521664
15,1,0,37.43500866551126
15,1,0,29.462738301559792
15,1,0,27.38301559792028
16,1,0,23.570190641247837
8,2,0,19.75736568457539
8,2,0,6.58578856152513
9,2,0,6.932409012131716
9,2,0,9.358752166377815
10,2,0,11.091854419410746
10,2,0,17.157712305025996
11,2,0,22.357019064124785
11,2,0,25.82322357019064
12,2,0,28.249566724436743
12,2,0,30.155979202772965
13,2,0,29.80935875216638
13,2,0,30.502599653379548
14,2,0,32.40901213171577
14,2,0,31.542461005199307
15,2,0,31.36915077989601
15,2,0,27.55632582322357
16,2,0,25.12998266897747
16,2,0,24.263431542461007
8,3,0,21.66377816291161
8,3,0,5.892547660311958
9,3,0,6.58578856152513
9,3,0,8.838821490467938
9,3,0,11.95840554592721
10,3,0,18.71750433275563
11,3,0,25.30329289428076
11,3,0,31.542461005199307
12,3,0,32.23570190641248
12,3,0,36.22183708838821
13,3,0,36.39514731369151
13,3,0,37.08838821490468
14,3,0,36.741767764298096
14,3,0,33.44887348353553
14,3,0,30.329289428076255
15,3,0,25.99653379549393
15,3,0,23.570190641247837
16,3,0,22.53032928942808
8,4,0,19.75736568457539
8,4,0,6.065857885615252
9,4,0,6.412478336221837
10,4,0,12.65164644714038
10,4,0,20.27729636048527
11,4,0,27.209705372616984
11,4,0,33.62218370883882
12,4,0,34.1421143847487
12,4,0,35.52859618717504
13,4,0,33.44887348353553
13,4,0,34.835355285961874
14,4,0,37.60831889081456
14,4,0,36.915077989601386
15,4,0,33.968804159445405
15,4,0,29.11611785095321
16,4,0,28.42287694974004
16,4,0,26.689774696707104
7,5,0,24.263431542461007
8,5,0,5.025996533795494
8,5,0,5.892547660311958
9,5,0,8.838821490467938
10,5,0,17.677642980935875
10,5,0,26.34315424610052
10,5,0,33.968804159445405
11,5,0,40.72790294627383
12,5,0,46.62045060658579
12,5,0,50.77989601386482
13,5,0,58.925476603119584
13,5,0,69.32409012131716
14,5,0,74.35008665511265
14,5,0,85.2686308492201
15,5,0,81.97573656845753
15,5,0,83.53552859618718
16,5,0,84.74870017331023
16,5,0,78.33622183708839
8,6,0,74.69670710571924
8,6,0,3.466204506065858
9,6,0,3.812824956672444
9,6,0,3.639514731369151
10,6,0,4.15944540727903
10,6,0,4.852686308492201
11,6,0,7.625649913344887
11,6,0,16.464471403812826
12,6,0,22.18370883882149
12,6,0,28.249566724436743
13,6,0,33.62218370883882
13,6,0,42.63431542461005
14,6,0,46.447140381282495
14,6,0,53.20623916811092
15,6,0,53.55285961871751
15,6,0,50.25996533795494
16,6,0,47.83362218370884
16,6,0,40.03466204506066
8,0,0,31.19584055459272
8,0,0,4.506065857885615
9,0,0,5.545927209705373
9,0,0,6.759098786828423
10,0,0,9.358752166377815
10,0,0,13.518197573656844
11,0,0,15.944540727902949
11,0,0,17.157712305025996
11,0,0,19.930675909878683
12,0,0,21.14384748700173
12,0,0,23.570190641247837
13,0,0,25.30329289428076
14,0,0,25.476603119584052
14,0,0,23.91681109185442
14,0,0,20.623916811091853
15,0,0,19.23743500866551
15,0,0,16.984402079722702
16,0,0,16.11785095320624
7,1,0,14.38474870017331
8,1,0,4.15944540727903
9,1,0,5.545927209705373
9,1,0,7.79896013864818
10,1,0,11.43847487001733
10,1,0,20.103986135181977
11,1,0,26.689774696707104
11,1,0,32.582322357019066
12,1,0,36.22183708838821
12,1,0,39.51473136915078
12,1,0,40.20797227036395
13,1,0,40.55459272097054
13,1,0,40.55459272097054
14,1,0,39.34142114384749
14,1,0,35.52859618717504
15,1,0,30.329289428076255
15,1,0,27.729636048526864
16,1,0,23.743500866551127
8,2,0,21.14384748700173
8,2,0,4.852686308492201
8,2,0,5.025996533795494
9,2,0,5.892547660311958
10,2,0,8.145580589254767
10,2,0,12.478336221837088
11,2,0,17.33102253032929
11,2,0,22.18370883882149
11,2,0,26.34315424610052
12,2,0,28.76949740034662
13,2,0,30.67590987868284
13,2,0,32.40901213171577
13,2,0,31.36915077989601
14,2,0,30.67590987868284
15,2,0,25.99653379549393
15,2,0,21.837088388214905
16,2,0,20.623916811091853
16,2,0,17.677642980935875
8,3,0,15.944540727902949
8,3,0,5.545927209705373
9,3,0,5.892547660311958
9,3,0,9.01213171577123
10,3,0,14.038128249566723
10,3,0,19.064124783362217
11,3,0,22.703639514731368
11,3,0,28.942807625649912
12,3,0,32.40901213171577
12,3,0,34.66204506065858
13,3,0,36.5684575389948
13,3,0,39.86135181975737
13,3,0,37.954939341421145
14,3,0,37.08838821490468
14,3,0,33.62218370883882
15,3,0,30.502599653379548
15,3,0,27.209705372616984
16,3,0,25.476603119584052
8,4,0,23.223570190641247
9,4,0,7.625649913344887
9,4,0,10.398613518197571
10,4,0,18.370883882149048
10,4,0,38.47487001733102
11,4,0,49.04679376083189
11,4,0,57.36568457538995
12,4,0,64.12478336221837
12,4,0,65.8578856152513
13,4,0,67.59098786828423
13,4,0,66.89774696707106
14,4,0,66.55112651646448
14,4,0,61.871750433275565
15,4,0,61.52512998266898
15,4,0,59.09878682842288
16,4,0,57.712305025996535
16,4,0,45.75389948006932
8,5,0,42.98093587521664
8,5,0,6.759098786828423
9,5,0,7.105719237435009
9,5,0,10.225303292894282
10,5,0,19.23743500866551
10,5,0,27.729636048526864
11,5,0,33.795493934142115
11,5,0,42.80762564991335
12,5,0,51.64644714038128
12,5,0,63.77816291161179
13,5,0,74.17677642980937
13,5,0,84.74870017331023
14,5,0,88.0415944540728
14,5,0,95.49393414211438
15,5,0,99.30675909878684
15,5,0,98.26689774696708
16,5,0,95.49393414211438
16,5,0,94.10745233968804
8,6,0,86.82842287694974
8,6,0,3.812824956672444
9,6,0,3.812824956672444
9,6,0,3.9861351819757367
10,6,0,4.15944540727903
10,6,0,6.065857885615252
11,6,0,11.26516464471404
11,6,0,16.984402079722702
12,6,0,25.476603119584052
12,6,0,30.67590987868284
13,6,0,38.64818024263432
13,6,0,44.88734835355286
14,6,0,50.43327556325824
14,6,0,52.68630849220104
15,6,0,51.99306759098787
15,6,0,50.60658578856152
16,6,0,49.04679376083189
16,6,0,41.59445407279029
8,0,0,34.48873483535529
8,0,0,3.466204506065858
9,0,0,4.852686308492201
9,0,0,5.719237435008665
10,0,0,8.838821490467938
10,0,0,14.211438474870018
11,0,0,19.410745233968804
11,0,0,25.476603119584052
12,0,0,32.40901213171577
12,0,0,35.52859618717504
13,0,0,37.60831889081456
13,0,0,38.82149046793761
14,0,0,38.82149046793761
14,0,0,36.22183708838821
15,0,0,34.48873483535529
15,0,0,29.636048526863085
16,0,0,25.99653379549393
16,0,0,22.703639514731368
7,1,0,23.050259965337958
8,1,0,3.466204506065858
9,1,0,4.15944540727903
9,1,0,6.58578856152513
10,1,0,9.185441941074524
10,1,0,15.59792027729636
11,1,0,22.87694974003466
11,1,0,28.59618717504333
11,1,0,32.582322357019066
12,1,0,33.27556325823224
13,1,0,35.70190641247834
13,1,0,36.04852686308492
14,1,0,35.70190641247834
14,1,0,31.19584055459272
14,1,0,29.2894280762565
15,1,0,26.34315424610052
16,1,0,23.91681109185442
16,1,0,22.18370883882149
8,2,0,19.75736568457539
8,2,0,2.946273830155979
9,2,0,4.15944540727903
9,2,0,6.065857885615252
10,2,0,8.492201039861351
10,2,0,14.038128249566723
10,2,0,18.54419410745234
11,2,0,23.223570190641247
12,2,0,27.55632582322357
12,2,0,31.542461005199307
13,2,0,32.75563258232236
13,2,0,35.35528596187175
14,2,0,34.835355285961874
14,2,0,33.968804159445405
15,2,0,31.36915077989601
15,2,0,26.689774696707104
16,2,0,22.87694974003466
16,2,0,19.75736568457539
8,3,0,18.370883882149048
8,3,0,3.812824956672444
8,3,0,3.812824956672444
9,3,0,5.37261698440208
9,3,0,8.145580589254767
10,3,0,16.291161178509533
10,3,0,22.0103986135182
11,3,0,26.51646447140381
11,3,0,30.155979202772965
12,3,0,33.968804159445405
12,3,0,33.10225303292894
13,3,0,35.87521663778163
13,3,0,35.18197573656846
14,3,0,32.92894280762565
14,3,0,29.98266897746967
15,3,0,29.11611785095321
15,3,0,26.51646447140381
16,3,0,21.317157712305026
7,4,0,18.71750433275563
8,4,0,3.119584055459272
9,4,0,4.15944540727903
9,4,0,6.932409012131716
10,4,0,10.051993067590988
10,4,0,15.771230502599654
11,4,0,21.14384748700173
11,4,0,26.8630849220104
12,4,0,31.36915077989601
12,4,0,34.1421143847487
12,4,0,33.968804159445405
13,4,0,34.66204506065858
13,4,0,35.18197573656846
14,4,0,33.968804159445405
14,4,0,32.23570190641248
15,4,0,30.329289428076255
15,4,0,25.82322357019064
16,4,0,22.703639514731368
8,0,0,18.197573656845755
8,0,0,1.9064124783362215
9,0,0,2.4263431542461005
9,0,0,4.506065857885615
10,0,0,6.759098786828423
10,0,0,10.918544194107453
11,0,0,15.077989601386482
11,0,0,19.584055459272097
11,0,0,21.837088388214905
12,0,0,25.64991334488735
13,0,0,27.90294627383016
13,0,0,29.80935875216638
14,0,0,30.67590987868284
14,0,0,29.462738301559792
15,0,0,28.59618717504333
15,0,0,25.82322357019064
16,0,0,24.61005199306759
16,0,0,18.370883882149048
7,1,0,16.464471403812826
8,1,0,1.9064124783362215
8,1,0,1.9064124783362215
9,1,0,3.812824956672444
10,1,0,6.759098786828423
10,1,0,14.38474870017331
11,1,0,20.797227036395142
11,1,0,33.62218370883882
11,1,0,38.12824956672444
12,1,0,39.168110918544194
12,1,0,41.59445407279029
13,1,0,41.247833622183705
14,1,0,39.68804159445407
14,1,0,36.04852686308492
15,1,0,34.48873483535529
15,1,0,30.84922010398613
16,1,0,25.99653379549393
16,1,0,22.18370883882149
7,2,0,19.23743500866551
8,2,0,1.9064124783362215
8,2,0,2.599653379549393
9,2,0,3.466204506065858
9,2,0,5.892547660311958
10,2,0,11.785095320623917
10,2,0,16.81109185441941
11,2,0,23.570190641247837
11,2,0,25.99653379549393
12,2,0,30.67590987868284
12,2,0,29.80935875216638
13,2,0,30.84922010398613
13,2,0,31.7157712305026
14,2,0,30.155979202772965
14,2,0,27.209705372616984
15,2,0,23.743500866551127
15,2,0,21.66377816291161
16,2,0,19.930675909878683
7,3,0,17.85095320623917
8,3,0,2.4263431542461005
8,3,0,2.946273830155979
9,3,0,4.506065857885615
9,3,0,7.625649913344887
10,3,0,14.211438474870018
10,3,0,21.49046793760832
11,3,0,27.55632582322357
11,3,0,32.23570190641248
12,3,0,36.22183708838821
12,3,0,37.954939341421145
13,3,0,38.64818024263432
13,3,0,37.43500866551126
14,3,0,37.26169844020797
14,3,0,33.968804159445405
15,3,0,29.2894280762565
15,3,0,25.64991334488735
16,3,0,23.91681109185442
8,4,0,18.197573656845755
8,4,0,2.079722703639515
8,4,0,3.292894280762565
9,4,0,4.679376083188908
9,4,0,10.051993067590988
10,4,0,15.424610051993067
10,4,0,23.050259965337958
11,4,0,27.90294627383016
11,4,0,32.92894280762565
12,4,0,35.52859618717504
13,4,0,35.18197573656846
13,4,0,36.39514731369151
14,4,0,36.22183708838821
14,4,0,37.60831889081456
14,4,0,37.60831889081456
15,4,0,34.66204506065858
16,4,0,28.07625649913345
16,4,0,27.209705372616984
7,5,0,23.570190641247837
8,5,0,1.2131715771230502
9,5,0,2.4263431542461005
9,5,0,7.79896013864818
9,5,0,14.558058925476605
10,5,0,21.49046793760832
11,5,0,28.59618717504333
11,5,0,34.835355285961874
12,5,0,42.287694974003465
12,5,0,50.95320623916811
12,5,0,59.61871750433276
13,5,0,66.37781629116118
13,5,0,70.7105719237435
14,5,0,78.85615251299826
15,5,0,80.93587521663778
15,5,0,82.49566724436741
15,5,0,79.37608318890814
16,5,0,78.50953206239168
8,6,0,72.79029462738302
8,6,0,0.5199306759098787
8,6,0,0.3466204506065858
9,6,0,0.5199306759098787
9,6,0,0.8665511265164645
10,6,0,1.9064124783362215
10,6,0,6.065857885615252
11,6,0,14.211438474870018
11,6,0,20.27729636048527
12,6,0,28.07625649913345
13,6,0,35.35528596187175
13,6,0,44.54072790294627
13,6,0,49.91334488734835
14,6,0,54.41941074523397
14,6,0,56.1525129982669
15,6,0,56.32582322357019
15,6,0,56.1525129982669
16,6,0,49.39341421143848
8,0,0,44.194107452339686
8,0,0,1.2131715771230502
9,0,0,1.9064124783362215
9,0,0,3.9861351819757367
10,0,0,6.932409012131716
10,0,0,12.998266897746968
11,0,0,17.157712305025996
11,0,0,24.61005199306759
11,0,0,27.209705372616984
12,0,0,27.209705372616984
12,0,0,28.942807625649912
13,0,0,31.36915077989601
14,0,0,32.75563258232236
14,0,0,31.889081455805893
14,0,0,28.59618717504333
15,0,0,27.55632582322357
15,0,0,22.703639514731368
16,0,0,19.930675909878683
7,1,1,0.0
8,1,1,29.33753943217665
8,1,1,30.914826498422716
9,1,1,34.38485804416404
9,1,1,36.59305993690852
10,1,1,40.69400630914826
10,1,1,44.79495268138801
11,1,1,49.21135646687697
11,1,1,52.6813880126183
12,1,1,55.20504731861199
13,1,1,60.25236593059937
13,1,1,61.51419558359621
14,1,1,63.09148264984227
14,1,1,63.40694006309148
14,1,1,64.03785488958991
15,1,1,59.93690851735016
16,1,1,55.20504731861199
16,1,1,53.94321766561514
7,2,1,51.73501577287066
8,2,1,29.96845425867508
9,2,1,31.861198738170348
9,2,1,35.646687697160885
10,2,1,39.11671924290221
10,2,1,44.4794952681388
11,2,1,45.11041009463722
11,2,1,49.21135646687697
12,2,1,51.10410094637224
12,2,1,55.5205047318612
12,2,1,55.83596214511041
13,2,1,54.25867507886435
13,2,1,54.25867507886435
14,2,1,55.5205047318612
14,2,1,53.62776025236593
15,2,1,52.6813880126183
16,2,1,52.6813880126183
16,2,1,51.10410094637224
7,3,1,50.1577287066246
8,3,1,32.17665615141956
8,3,1,35.01577287066246
9,3,1,37.22397476340694
10,3,1,41.00946372239748
10,3,1,43.217665615141954
10,3,1,45.74132492113565
11,3,1,50.1577287066246
12,3,1,53.62776025236593
12,3,1,53.62776025236593
12,3,1,52.36593059936909
13,3,1,52.99684542586751
13,3,1,54.889589905362776
14,3,1,57.09779179810725
15,3,1,55.83596214511041
15,3,1,55.20504731861199
16,3,1,55.5205047318612
16,3,1,53.62776025236593
8,4,1,49.8422712933754
8,4,1,31.54574132492113
9,4,1,34.70031545741325
9,4,1,39.11671924290221
9,4,1,43.217665615141954
10,4,1,46.37223974763407
10,4,1,49.8422712933754
11,4,1,53.31230283911672
12,4,1,54.57413249211356
12,4,1,57.72870662460568
13,4,1,59.93690851735016
13,4,1,59.93690851735016
14,4,1,60.25236593059937
14,4,1,61.198738170347006
15,4,1,60.88328075709779
15,4,1,56.782334384858046
15,4,1,56.782334384858046
16,4,1,54.25867507886435
7,5,1,49.8422712933754
8,5,1,28.07570977917981
8,5,1,30.914826498422716
9,5,1,34.70031545741325
10,5,1,38.170347003154575
10,5,1,43.53312302839117
10,5,1,47.94952681388013
11,5,1,55.83596214511041
12,5,1,61.82965299684543
12,5,1,68.13880126182966
13,5,1,78.54889589905363
13,5,1,90.53627760252364
14,5,1,97.47634069400632
14,5,1,97.79179810725552
15,5,1,96.52996845425868
16,5,1,96.21451104100946
16,5,1,88.9589905362776
8,6,1,87.38170347003154
8,6,1,18.29652996845426
9,6,1,21.13564668769716
9,6,1,24.29022082018928
9,6,1,24.9211356466877
10,6,1,29.02208201892745
11,6,1,37.53943217665615
11,6,1,45.74132492113565
11,6,1,45.42586750788644
12,6,1,48.89589905362776
13,6,1,47.63406940063091
13,6,1,49.21135646687697
14,6,1,49.8422712933754
14,6,1,49.52681388012618
15,6,1,51.10410094637224
15,6,1,51.41955835962145
16,6,1,48.26498422712934
16,6,1,42.90220820189275
8,0,1,37.22397476340694
8,0,1,23.028391167192428
9,0,1,26.182965299684543
9,0,1,27.12933753943217
10,0,1,30.28391167192429
10,0,1,35.33123028391167
10,0,1,38.170347003154575
11,0,1,39.74763406940063
11,0,1,41.00946372239748
12,0,1,44.16403785488959
13,0,1,44.79495268138801
13,0,1,46.37223974763407
14,0,1,47.94952681388013
14,0,1,47.63406940063091
14,0,1,44.79495268138801
15,0,1,43.53312302839117
15,0,1,40.69400630914826
16,0,1,38.48580441640379
8,1,1,34.38485804416404
8,1,1,23.34384858044164
8,1,1,26.182965299684543
9,1,1,27.12933753943217
9,1,1,32.17665615141956
10,1,1,36.59305993690852
10,1,1,41.640378548895896
11,1,1,47.3186119873817
12,1,1,50.78864353312303
12,1,1,53.62776025236593
13,1,1,53.94321766561514
13,1,1,54.57413249211356
14,1,1,53.31230283911672
14,1,1,52.99684542586751
15,1,1,51.73501577287066
15,1,1,50.78864353312303
16,1,1,48.58044164037855
16,1,1,47.94952681388013
8,2,1,46.056782334384856
8,2,1,22.39747634069401
9,2,1,25.236593059936908
9,2,1,27.7602523659306
10,2,1,29.652996845425868
10,2,1,33.4384858044164
11,2,1,37.85488958990536
11,2,1,42.586750788643535
12,2,1,45.42586750788644
12,2,1,48.58044164037855
13,2,1,49.21135646687697
13,2,1,50.1577287066246
14,2,1,53.62776025236593
14,2,1,55.83596214511041
15,2,1,57.72870662460568
15,2,1,56.46687697160883
15,2,1,56.46687697160883
16,2,1,53.62776025236593
7,3,1,50.78864353312303
8,3,1,31.861198738170348
9,3,1,34.06940063091483
9,3,1,36.90851735015773
9,3,1,41.32492113564669
10,3,1,44.16403785488959
11,3,1,47.3186119873817
11,3,1,49.52681388012618
11,3,1,51.10410094637224
12,3,1,53.31230283911672
13,3,1,55.83596214511041
13,3,1,57.72870662460568
13,3,1,57.72870662460568
14,3,1,58.3596214511041
15,3,1,55.20504731861199
15,3,1,55.5205047318612
16,3,1,55.5205047318612
16,3,1,52.36593059936909
8,4,1,50.473186119873816
8,4,1,29.96845425867508
9,4,1,32.80757097791798
9,4,1,37.85488958990536
10,4,1,40.37854889589905
10,4,1,45.74132492113565
11,4,1,47.3186119873817
11,4,1,50.78864353312303
12,4,1,51.73501577287066
12,4,1,55.5205047318612
13,4,1,58.99053627760252
13,4,1,58.99053627760252
14,4,1,60.25236593059937
14,4,1,60.25236593059937
15,4,1,61.82965299684543
15,4,1,59.305993690851736
16,4,1,56.782334384858046
16,4,1,57.41324921135647
8,5,1,56.15141955835962
8,5,1,36.2776025236593
9,5,1,40.063091482649845
9,5,1,44.4794952681388
10,5,1,46.056782334384856
10,5,1,52.36593059936909
11,5,1,52.6813880126183
11,5,1,60.56782334384858
12,5,1,64.66876971608833
12,5,1,70.34700315457414
13,5,1,72.2397476340694
13,5,1,83.91167192429022
14,5,1,89.58990536277602
14,5,1,99.05362776025235
15,5,1,99.6845425867508
15,5,1,97.47634069400632
16,5,1,97.1608832807571
16,5,1,92.74447949526814
8,6,1,88.64353312302839
8,6,1,23.974763406940063
9,6,1,26.81388012618297
9,6,1,29.652996845425868
10,6,1,30.914826498422716
10,6,1,33.753943217665615
11,6,1,35.01577287066246
11,6,1,38.801261829652994
12,6,1,39.74763406940063
12,6,1,42.27129337539432
13,6,1,48.89589905362776
13,6,1,52.36593059936909
14,6,1,54.25867507886435
14,6,1,53.31230283911672
15,6,1,52.99684542586751
15,6,1,50.473186119873816
15,6,1,47.3186119873817
16,6,1,43.53312302839117
8,0,1,38.170347003154575
8,0,1,24.9211356466877
9,0,1,26.498422712933756
9,0,1,29.33753943217665
10,0,1,32.49211356466877
10,0,1,38.801261829652994
11,0,1,39.74763406940063
11,0,1,42.586750788643535
12,0,1,42.586750788643535
12,0,1,45.42586750788644
12,0,1,47.94952681388013
13,0,1,49.21135646687697
14,0,1,47.63406940063091
14,0,1,47.63406940063091
14,0,1,46.37223974763407
15,0,1,45.11041009463722
15,0,1,43.84858044164038
16,0,1,41.640378548895896
8,1,1,37.85488958990536
8,1,1,23.65930599369085
9,1,1,26.182965299684543
9,1,1,30.28391167192429
10,1,1,33.4384858044164
10,1,1,36.90851735015773
11,1,1,41.00946372239748
11,1,1,44.79495268138801
12,1,1,50.1577287066246
12,1,1,53.31230283911672
13,1,1,53.62776025236593
13,1,1,57.72870662460568
13,1,1,55.83596214511041
14,1,1,58.67507886435331
15,1,1,59.305993690851736
15,1,1,56.15141955835962
15,1,1,54.889589905362776
16,1,1,52.99684542586751
8,2,1,48.89589905362776
8,2,1,27.444794952681388
8,2,1,30.28391167192429
9,2,1,34.70031545741325
9,2,1,37.85488958990536
10,2,1,42.27129337539432
10,2,1,46.056782334384856
11,2,1,50.1577287066246
11,2,1,53.31230283911672
12,2,1,54.57413249211356
12,2,1,56.46687697160883
13,2,1,55.5205047318612
13,2,1,54.57413249211356
14,2,1,54.57413249211356
14,2,1,52.36593059936909
15,2,1,50.78864353312303
15,2,1,48.58044164037855
16,2,1,48.58044164037855
7,5,1,45.42586750788644
8,5,1,29.652996845425868
8,5,1,30.914826498422716
9,5,1,33.12302839116719
9,5,1,36.59305993690852
10,5,1,38.170347003154575
10,5,1,44.16403785488959
11,5,1,50.473186119873816
11,5,1,57.09779179810725
12,5,1,62.46056782334385
12,5,1,71.29337539432177
13,5,1,78.86435331230284
13,5,1,88.01261829652996
14,5,1,93.05993690851734
15,5,1,3.785488958990536
15,5,1,0.0
16,5,1,0.0
7,6,1,1.892744479495268
8,6,1,0.6309148264984227
8,6,1,3.470031545741325
9,6,1,6.94006309148265
9,6,1,9.46372239747634
10,6,1,12.618296529968454
10,6,1,17.350157728706623
11,6,1,22.71293375394322
11,6,1,29.02208201892745
12,6,1,33.4384858044164
13,6,1,35.646687697160885
13,6,1,42.586750788643535
13,6,1,42.586750788643535
14,6,1,42.586750788643535
14,6,1,43.53312302839117
15,6,1,41.640378548895896
15,6,1,38.170347003154575
16,6,1,27.12933753943217
7,0,1,23.028391167192428
8,0,1,5.993690851735016
9,0,1,9.14826498422713
9,0,1,10.725552050473189
9,0,1,13.564668769716087
10,0,1,14.511041009463725
11,0,1,16.7192429022082
11,0,1,21.45110410094637
12,0,1,25.55205047318612
12,0,1,29.02208201892745
12,0,1,31.23028391167193
13,0,1,35.96214511041009
13,0,1,36.59305993690852
14,0,1,38.170347003154575
14,0,1,36.59305993690852
15,0,1,36.90851735015773
16,0,1,33.4384858044164
16,0,1,31.23028391167193
8,1,1,28.706624605678236
8,1,1,7.255520504731861
9,1,1,9.14826498422713
9,1,1,11.67192429022082
9,1,1,14.195583596214512
10,1,1,22.0820189274448
10,1,1,27.12933753943217
11,1,1,29.02208201892745
12,1,1,35.96214511041009
12,1,1,38.170347003154575
13,1,1,42.27129337539432
13,1,1,43.217665615141954
13,1,1,48.89589905362776
14,1,1,49.52681388012618
15,1,1,49.8422712933754
15,1,1,50.473186119873816
15,1,1,48.26498422712934
16,1,1,45.11041009463722
7,2,1,38.170347003154575
8,2,1,8.201892744479496
8,2,1,12.933753943217663
9,2,1,15.141955835962143
9,2,1,19.558359621451103
10,2,1,21.13564668769716
10,2,1,23.028391167192428
11,2,1,28.706624605678236
11,2,1,32.17665615141956
12,2,1,37.22397476340694
12,2,1,40.063091482649845
13,2,1,42.586750788643535
13,2,1,44.79495268138801
14,2,1,47.3186119873817
14,2,1,47.3186119873817
15,2,1,45.42586750788644
15,2,1,41.95583596214511
16,2,1,37.22397476340694
7,3,1,30.28391167192429
8,3,1,6.309148264984227
8,3,1,8.201892744479496
9,3,1,10.410094637223974
9,3,1,12.618296529968454
10,3,1,16.08832807570978
10,3,1,19.24290220820189
11,3,1,24.29022082018928
11,3,1,29.652996845425868
12,3,1,33.4384858044164
12,3,1,38.170347003154575
13,3,1,42.586750788643535
13,3,1,46.056782334384856
14,3,1,43.53312302839117
14,3,1,44.16403785488959
15,3,1,40.37854889589905
15,3,1,38.801261829652994
16,3,1,36.59305993690852
8,4,1,35.01577287066246
8,4,1,11.35646687697161
9,4,1,16.08832807570978
10,4,1,20.18927444794953
10,4,1,23.34384858044164
10,4,1,26.182965299684543
11,4,1,28.07570977917981
12,4,1,33.4384858044164
12,4,1,35.96214511041009
13,4,1,40.37854889589905
13,4,1,45.74132492113565
14,4,1,48.26498422712934
14,4,1,47.63406940063091
15,4,1,48.26498422712934
15,4,1,47.003154574132495
16,4,1,46.68769716088328
16,4,1,43.217665615141954
7,5,1,45.42586750788644
8,5,1,18.92744479495268
8,5,1,22.39747634069401
9,5,1,25.86750788643533
9,5,1,26.498422712933756
10,5,1,32.49211356466877
10,5,1,38.170347003154575
11,5,1,40.69400630914826
12,5,1,47.003154574132495
12,5,1,55.83596214511041
12,5,1,63.722397476340696
13,5,1,71.92429022082018
13,5,1,78.23343848580441
14,5,1,79.81072555205047
14,5,1,82.33438485804416
15,5,1,83.91167192429022
15,5,1,84.54258675078864
16,5,1,77.60252365930599
7,6,1,70.97791798107255
8,6,1,19.87381703470032
8,6,1,23.34384858044164
9,6,1,25.236593059936908
9,6,1,28.706624605678236
10,6,1,32.17665615141956
10,6,1,33.753943217665615
11,6,1,41.640378548895896
11,6,1,45.42586750788644
12,6,1,45.42586750788644
13,6,1,47.63406940063091
13,6,1,50.473186119873816
13,6,1,52.05047318611987
14,6,1,51.73501577287066
15,6,1,52.6813880126183
15,6,1,50.473186119873816
8,0,1,44.16403785488959
8,0,1,17.350157728706623
9,0,1,18.92744479495268
9,0,1,21.766561514195583
10,0,1,27.12933753943217
10,0,1,29.652996845425868
11,0,1,33.12302839116719
11,0,1,33.753943217665615
12,0,1,35.646687697160885
12,0,1,38.170347003154575
13,0,1,39.11671924290221
13,0,1,41.95583596214511
13,0,1,41.00946372239748
14,0,1,41.640378548895896
15,0,1,41.95583596214511
15,0,1,39.43217665615142
16,0,1,37.22397476340694
16,0,1,35.96214511041009
8,1,1,34.38485804416404
8,1,1,21.13564668769716
9,1,1,23.974763406940063
9,1,1,26.182965299684543
10,1,1,31.54574132492113
10,1,1,37.22397476340694
11,1,1,40.063091482649845
11,1,1,44.4794952681388
12,1,1,47.94952681388013
12,1,1,50.1577287066246
13,1,1,51.10410094637224
13,1,1,50.1577287066246
14,1,1,53.94321766561514
14,1,1,52.05047318611987
15,1,1,51.41955835962145
15,1,1,48.58044164037855
16,1,1,47.003154574132495
16,1,1,45.11041009463722
7,2,1,38.170347003154575
8,2,1,20.18927444794953
8,2,1,23.34384858044164
9,2,1,25.55205047318612
9,2,1,31.54574132492113
10,2,1,34.06940063091483
10,2,1,37.53943217665615
11,2,1,38.801261829652994
11,2,1,39.11671924290221
12,2,1,40.37854889589905
13,2,1,42.586750788643535
13,2,1,46.37223974763407
14,2,1,45.11041009463722
14,2,1,44.79495268138801
14,2,1,44.16403785488959
15,2,1,43.84858044164038
16,2,1,42.586750788643535
16,2,1,41.640378548895896
8,3,1,41.00946372239748
8,3,1,23.34384858044164
9,3,1,24.9211356466877
9,3,1,27.12933753943217
10,3,1,30.599369085173503
10,3,1,33.4384858044164
11,3,1,35.646687697160885
11,3,1,39.43217665615142
12,3,1,42.27129337539432
12,3,1,45.74132492113565
12,3,1,50.1577287066246
13,3,1,50.78864353312303
13,3,1,50.1577287066246
14,3,1,48.89589905362776
15,3,1,47.3186119873817
15,3,1,46.056782334384856
16,3,1,43.217665615141954
16,3,1,41.32492113564669
8,4,1,40.063091482649845
8,4,1,20.820189274447948
8,4,1,22.39747634069401
9,4,1,27.12933753943217
10,4,1,31.23028391167193
10,4,1,36.2776025236593
11,4,1,36.90851735015773
11,4,1,38.801261829652994
12,4,1,43.217665615141954
12,4,1,45.42586750788644
13,4,1,47.94952681388013
13,4,1,46.056782334384856
13,4,1,45.42586750788644
14,4,1,43.84858044164038
15,4,1,44.4794952681388
15,4,1,41.95583596214511
16,4,1,39.74763406940063
16,4,1,40.063091482649845
8,5,1,39.43217665615142
8,5,1,24.29022082018928
8,5,1,25.236593059936908
9,5,1,30.914826498422716
9,5,1,34.70031545741325
10,5,1,39.43217665615142
10,5,1,48.26498422712934
11,5,1,51.41955835962145
12,5,1,58.67507886435331
12,5,1,65.61514195583597
13,5,1,70.66246056782335
13,5,1,78.54889589905363
13,5,1,88.9589905362776
14,5,1,94.006309148265
15,5,1,99.05362776025235
15,5,1,98.73817034700316
16,5,1,94.95268138801262
16,5,1,88.9589905362776
8,6,1,78.23343848580441
8,6,1,19.87381703470032
9,6,1,21.45110410094637
9,6,1,24.60567823343849
10,6,1,28.391167192429023
10,6,1,33.4384858044164
10,6,1,38.170347003154575
11,6,1,45.11041009463722
11,6,1,45.42586750788644
12,6,1,46.37223974763407
13,6,1,45.11041009463722
13,6,1,49.52681388012618
13,6,1,50.473186119873816
14,6,1,49.52681388012618
15,6,1,46.056782334384856
15,6,1,44.4794952681388
15,6,1,41.32492113564669
16,6,1,37.22397476340694
8,0,1,32.17665615141956
8,0,1,18.92744479495268
8,0,1,22.39747634069401
9,0,1,27.12933753943217
9,0,1,30.28391167192429
10,0,1,34.06940063091483
10,0,1,35.646687697160885
11,0,1,38.801261829652994
11,0,1,38.48580441640379
12,0,1,40.69400630914826
12,0,1,43.217665615141954
13,0,1,46.37223974763407
13,0,1,46.37223974763407
14,0,1,45.74132492113565
15,0,1,44.4794952681388
15,0,1,42.90220820189275
16,0,1,40.69400630914826
16,0,1,38.801261829652994
7,1,1,35.01577287066246
8,1,1,22.39747634069401
8,1,1,25.236593059936908
9,1,1,28.07570977917981
9,1,1,32.17665615141956
10,1,1,38.48580441640379
11,1,1,43.53312302839117
11,1,1,44.79495268138801
11,1,1,48.58044164037855
12,1,1,51.41955835962145
13,1,1,49.8422712933754
13,1,1,51.41955835962145
14,1,1,52.36593059936909
14,1,1,52.6813880126183
15,1,1,54.889589905362776
15,1,1,53.31230283911672
16,1,1,50.78864353312303
16,1,1,47.3186119873817
8,2,1,45.11041009463722
8,2,1,26.81388012618297
9,2,1,27.7602523659306
9,2,1,29.02208201892745
10,2,1,32.17665615141956
10,2,1,35.01577287066246
11,2,1,37.22397476340694
11,2,1,40.69400630914826
12,2,1,42.586750788643535
12,2,1,44.16403785488959
13,2,1,45.74132492113565
13,2,1,47.94952681388013
14,2,1,46.37223974763407
14,2,1,46.056782334384856
15,2,1,46.37223974763407
15,2,1,45.11041009463722
16,2,1,44.79495268138801
16,2,1,43.84858044164038
8,3,1,43.84858044164038
8,3,1,26.81388012618297
9,3,1,30.28391167192429
9,3,1,32.80757097791798
10,3,1,35.646687697160885
10,3,1,38.801261829652994
11,3,1,40.69400630914826
11,3,1,45.42586750788644
12,3,1,49.21135646687697
12,3,1,54.25867507886435
13,3,1,54.889589905362776
13,3,1,55.20504731861199
14,3,1,54.25867507886435
14,3,1,54.889589905362776
15,3,1,53.31230283911672
15,3,1,51.41955835962145
16,3,1,48.58044164037855
16,3,1,45.74132492113565
8,4,1,43.53312302839117
8,4,1,23.65930599369085
9,4,1,27.12933753943217
9,4,1,31.23028391167193
10,4,1,34.38485804416404
10,4,1,36.59305993690852
11,4,1,38.801261829652994
11,4,1,43.53312302839117
12,4,1,44.4794952681388
12,4,1,49.52681388012618
13,4,1,52.6813880126183
13,4,1,54.57413249211356
14,4,1,56.782334384858046
14,4,1,55.5205047318612
15,4,1,53.31230283911672
15,4,1,52.6813880126183
16,4,1,53.31230283911672
16,4,1,50.78864353312303
8,5,1,46.68769716088328
8,5,1,22.0820189274448
9,5,1,24.9211356466877
9,5,1,29.96845425867508
10,5,1,30.914826498422716
10,5,1,35.96214511041009
11,5,1,41.32492113564669
11,5,1,53.31230283911672
12,5,1,56.782334384858046
12,5,1,62.77602523659306
13,5,1,69.4006309148265
13,5,1,76.65615141955836
14,5,1,88.64353312302839
14,5,1,97.79179810725552
15,5,1,98.73817034700316
15,5,1,100.0
16,5,1,98.10725552050474
16,5,1,88.01261829652996
8,6,1,81.38801261829653
8,6,1,11.987381703470032
9,6,1,12.618296529968454
9,6,1,16.7192429022082
10,6,1,18.92744479495268
10,6,1,21.13564668769716
11,6,1,28.07570977917981
11,6,1,34.38485804416404
12,6,1,39.74763406940063
12,6,1,43.217665615141954
13,6,1,45.74132492113565
13,6,1,46.056782334384856
14,6,1,46.056782334384856
14,6,1,48.26498422712934
15,6,1,45.74132492113565
15,6,1,44.4794952681388
16,6,1,40.063091482649845
16,6,1,33.4384858044164
8,0,1,31.861198738170348
8,0,1,15.457413249211356
9,0,1,18.61198738170347
9,0,1,19.24290220820189
10,0,1,22.0820189274448
10,0,1,25.86750788643533
11,0,1,30.28391167192429
11,0,1,33.753943217665615
12,0,1,33.753943217665615
12,0,1,37.85488958990536
13,0,1,40.37854889589905
13,0,1,41.32492113564669
14,0,1,41.95583596214511
14,0,1,39.43217665615142
15,0,1,35.96214511041009
15,0,1,35.96214511041009
16,0,1,31.54574132492113
16,0,1,29.96845425867508
7,1,1,29.33753943217665
8,1,1,13.249211356466876
8,1,1,15.772870662460567
9,1,1,18.29652996845426
9,1,1,25.236593059936908
10,1,1,30.914826498422716
11,1,1,37.22397476340694
11,1,1,41.640378548895896
11,1,1,46.37223974763407
12,1,1,48.58044164037855
12,1,1,52.36593059936909
13,1,1,51.10410094637224
14,1,1,50.78864353312303
14,1,1,49.52681388012618
15,1,1,47.63406940063091
15,1,1,43.84858044164038
15,1,1,38.801261829652994
16,1,1,38.48580441640379
8,2,1,38.170347003154575
8,2,1,20.50473186119874
9,2,1,24.29022082018928
9,2,1,28.391167192429023
10,2,1,29.652996845425868
10,2,1,32.49211356466877
11,2,1,38.170347003154575
11,2,1,42.90220820189275
12,2,1,45.11041009463722
12,2,1,47.94952681388013
13,2,1,50.78864353312303
13,2,1,51.10410094637224
14,2,1,53.31230283911672
14,2,1,53.94321766561514
15,2,1,51.73501577287066
15,2,1,48.89589905362776
16,2,1,44.79495268138801
16,2,1,40.69400630914826
8,3,1,38.801261829652994
8,3,1,22.71293375394322
9,3,1,24.29022082018928
9,3,1,28.07570977917981
9,3,1,31.861198738170348
10,3,1,34.38485804416404
11,3,1,37.22397476340694
11,3,1,41.32492113564669
12,3,1,44.4794952681388
12,3,1,46.68769716088328
13,3,1,50.1577287066246
13,3,1,52.99684542586751
14,3,1,54.25867507886435
14,3,1,51.41955835962145
14,3,1,49.21135646687697
15,3,1,45.74132492113565
15,3,1,43.53312302839117
16,3,1,43.217665615141954
8,4,1,41.00946372239748
8,4,1,19.87381703470032
9,4,1,22.71293375394322
10,4,1,28.391167192429023
10,4,1,35.646687697160885
11,4,1,38.170347003154575
11,4,1,45.11041009463722
12,4,1,45.42586750788644
12,4,1,47.63406940063091
13,4,1,48.89589905362776
13,4,1,50.473186119873816
14,4,1,52.36593059936909
14,4,1,51.73501577287066
15,4,1,51.73501577287066
15,4,1,49.8422712933754
16,4,1,47.94952681388013
16,4,1,48.26498422712934
7,5,1,45.42586750788644
8,5,1,21.766561514195583
8,5,1,24.60567823343849
9,5,1,28.391167192429023
10,5,1,35.646687697160885
10,5,1,44.4794952681388
10,5,1,49.21135646687697
11,5,1,56.46687697160883
12,5,1,65.61514195583597
12,5,1,78.86435331230284
13,5,1,90.22082018927443
13,5,1,93.69085173501576
14,5,1,100.0
14,5,1,99.05362776025235
15,5,1,97.1608832807571
15,5,1,90.85173501577287
16,5,1,98.73817034700316
16,5,1,95.89905362776024
8,6,1,87.69716088328076
8,6,1,7.886435331230284
9,6,1,8.832807570977918
9,6,1,11.35646687697161
10,6,1,11.041009463722398
10,6,1,11.987381703470032
11,6,1,15.457413249211356
11,6,1,23.974763406940063
12,6,1,30.599369085173503
12,6,1,38.801261829652994
13,6,1,45.11041009463722
13,6,1,50.1577287066246
14,6,1,54.25867507886435
14,6,1,61.51419558359621
15,6,1,58.99053627760252
15,6,1,58.04416403785489
16,6,1,53.94321766561514
16,6,1,49.8422712933754
8,0,1,43.84858044164038
8,0,1,10.725552050473189
9,0,1,12.618296529968454
9,0,1,16.08832807570978
10,0,1,18.92744479495268
10,0,1,22.0820189274448
11,0,1,24.9211356466877
11,0,1,26.498422712933756
11,0,1,27.7602523659306
12,0,1,29.02208201892745
12,0,1,28.706624605678236
13,0,1,30.914826498422716
14,0,1,27.7602523659306
14,0,1,25.236593059936908
14,0,1,25.55205047318612
15,0,1,24.9211356466877
15,0,1,25.55205047318612
16,0,1,23.65930599369085
7,1,1,23.028391167192428
8,1,1,7.255520504731861
9,1,1,9.46372239747634
9,1,1,15.141955835962143
10,1,1,19.24290220820189
10,1,1,22.39747634069401
11,1,1,27.7602523659306
11,1,1,32.49211356466877
12,1,1,35.96214511041009
12,1,1,39.43217665615142
12,1,1,41.95583596214511
13,1,1,44.4794952681388
13,1,1,42.90220820189275
14,1,1,42.27129337539432
14,1,1,41.32492113564669
15,1,1,40.063091482649845
15,1,1,35.96214511041009
16,1,1,35.646687697160885
8,2,1,34.06940063091483
8,2,1,8.201892744479496
8,2,1,8.832807570977918
9,2,1,11.987381703470032
10,2,1,15.141955835962143
10,2,1,19.558359621451103
11,2,1,23.974763406940063
11,2,1,28.706624605678236
11,2,1,30.914826498422716
12,2,1,31.23028391167193
13,2,1,36.2776025236593
13,2,1,36.90851735015773
13,2,1,39.11671924290221
14,2,1,37.53943217665615
15,2,1,35.33123028391167
15,2,1,33.4384858044164
16,2,1,31.861198738170348
16,2,1,29.33753943217665
8,3,1,28.706624605678236
8,3,1,12.618296529968454
9,3,1,14.511041009463725
9,3,1,17.665615141955836
10,3,1,19.558359621451103
10,3,1,24.29022082018928
11,3,1,31.23028391167193
11,3,1,35.646687697160885
12,3,1,39.11671924290221
12,3,1,44.16403785488959
13,3,1,45.74132492113565
13,3,1,46.68769716088328
13,3,1,46.37223974763407
14,3,1,45.11041009463722
14,3,1,43.84858044164038
15,3,1,45.42586750788644
15,3,1,42.27129337539432
16,3,1,40.063091482649845
8,4,1,38.801261829652994
9,4,1,16.40378548895899
9,4,1,23.65930599369085
10,4,1,28.07570977917981
10,4,1,35.33123028391167
11,4,1,43.217665615141954
11,4,1,56.15141955835962
12,4,1,55.5205047318612
12,4,1,50.78864353312303
13,4,1,54.57413249211356
13,4,1,60.88328075709779
14,4,1,64.03785488958991
14,4,1,65.29968454258675
15,4,1,62.77602523659306
15,4,1,59.62145110410095
16,4,1,58.3596214511041
16,4,1,58.67507886435331
8,5,1,54.57413249211356
8,5,1,17.665615141955836
9,5,1,20.18927444794953
9,5,1,24.9211356466877
10,5,1,30.914826498422716
10,5,1,38.48580441640379
11,5,1,46.68769716088328
11,5,1,56.46687697160883
12,5,1,68.45425867507886
12,5,1,77.91798107255521
13,5,1,88.32807570977918
13,5,1,99.36908517350156
14,5,1,97.47634069400632
14,5,1,100.0
15,5,1,95.58359621451103
15,5,1,94.6372239747634
16,5,1,94.95268138801262
16,5,1,95.58359621451103
8,6,1,90.53627760252364
8,6,1,6.309148264984227
9,6,1,7.255520504731861
9,6,1,8.517350157728707
10,6,1,10.725552050473189
10,6,1,15.457413249211356
11,6,1,25.236593059936908
11,6,1,35.33123028391167
12,6,1,46.37223974763407
12,6,1,54.25867507886435
13,6,1,60.88328075709779
13,6,1,67.82334384858044
14,6,1,72.87066246056783
14,6,1,85.48895899053628
15,6,1,88.01261829652996
15,6,1,85.48895899053628
16,6,1,75.70977917981072
16,6,1,64.35331230283911
8,0,1,53.62776025236593
8,0,1,10.725552050473189
9,0,1,12.933753943217663
9,0,1,17.665615141955836
10,0,1,21.766561514195583
10,0,1,26.182965299684543
11,0,1,29.33753943217665
11,0,1,34.38485804416404
12,0,1,38.48580441640379
12,0,1,42.90220820189275
13,0,1,45.11041009463722
13,0,1,45.42586750788644
14,0,1,48.26498422712934
14,0,1,50.78864353312303
15,0,1,48.58044164037855
15,0,1,43.84858044164038
16,0,1,40.69400630914826
16,0,1,38.801261829652994
7,1,1,35.646687697160885
8,1,1,8.517350157728707
9,1,1,12.933753943217663
9,1,1,15.772870662460567
10,1,1,18.92744479495268
10,1,1,20.18927444794953
11,1,1,25.236593059936908
11,1,1,32.49211356466877
11,1,1,39.11671924290221
12,1,1,40.37854889589905
13,1,1,44.4794952681388
13,1,1,47.63406940063091
14,1,1,48.58044164037855
14,1,1,47.94952681388013
14,1,1,46.68769716088328
15,1,1,44.4794952681388
16,1,1,42.27129337539432
16,1,1,41.32492113564669
8,2,1,38.801261829652994
8,2,1,10.410094637223974
9,2,1,13.564668769716087
9,2,1,20.820189274447948
10,2,1,24.9211356466877
10,2,1,32.49211356466877
10,2,1,36.90851735015773
11,2,1,41.640378548895896
12,2,1,42.586750788643535
12,2,1,42.90220820189275
13,2,1,44.16403785488959
13,2,1,46.68769716088328
14,2,1,47.63406940063091
14,2,1,46.68769716088328
15,2,1,48.89589905362776
15,2,1,44.16403785488959
16,2,1,46.056782334384856
16,2,1,41.00946372239748
8,3,1,41.32492113564669
8,3,1,12.618296529968454
8,3,1,13.8801261829653
9,3,1,18.29652996845426
9,3,1,22.71293375394322
10,3,1,26.81388012618297
10,3,1,29.96845425867508
11,3,1,33.12302839116719
11,3,1,41.00946372239748
12,3,1,44.4794952681388
12,3,1,47.3186119873817
13,3,1,48.26498422712934
13,3,1,52.6813880126183
14,3,1,54.889589905362776
14,3,1,55.20504731861199
15,3,1,52.99684542586751
15,3,1,51.73501577287066
16,3,1,50.1577287066246
7,4,1,47.3186119873817
8,4,1,15.457413249211356
9,4,1,18.92744479495268
9,4,1,23.34384858044164
10,4,1,24.9211356466877
10,4,1,31.861198738170348
11,4,1,36.90851735015773
11,4,1,41.95583596214511
12,4,1,47.63406940063091
12,4,1,52.99684542586751
12,4,1,57.09779179810725
13,4,1,58.67507886435331
13,4,1,58.67507886435331
14,4,1,56.46687697160883
14,4,1,57.41324921135647
15,4,1,55.83596214511041
15,4,1,56.15141955835962
16,4,1,56.46687697160883
8,0,1,50.473186119873816
8,0,1,15.457413249211356
9,0,1,19.24290220820189
9,0,1,21.45110410094637
10,0,1,23.65930599369085
10,0,1,27.444794952681388
11,0,1,31.23028391167193
11,0,1,39.11671924290221
11,0,1,43.217665615141954
12,0,1,47.3186119873817
13,0,1,51.41955835962145
13,0,1,53.62776025236593
14,0,1,54.25867507886435
14,0,1,53.31230283911672
15,0,1,49.21135646687697
15,0,1,47.003154574132495
16,0,1,42.586750788643535
16,0,1,39.74763406940063
7,3,1,35.01577287066246
8,3,1,6.94006309148265
8,3,1,10.410094637223974
9,3,1,13.564668769716087
9,3,1,17.350157728706623
10,3,1,23.65930599369085
10,3,1,28.706624605678236
11,3,1,33.4384858044164
11,3,1,42.586750788643535
12,3,1,44.16403785488959
12,3,1,46.056782334384856
13,3,1,45.42586750788644
13,3,1,45.42586750788644
14,3,1,45.11041009463722
14,3,1,47.94952681388013
15,3,1,46.37223974763407
15,3,1,41.95583596214511
16,3,1,41.640378548895896
8,4,1,39.11671924290221
8,4,1,9.14826498422713
8,4,1,12.302839116719245
9,4,1,15.457413249211356
9,4,1,17.034700315457414
10,4,1,22.39747634069401
10,4,1,29.652996845425868
11,4,1,35.33123028391167
11,4,1,39.74763406940063
12,4,1,38.48580441640379
13,4,1,43.217665615141954
13,4,1,46.056782334384856
14,4,1,48.26498422712934
14,4,1,46.056782334384856
14,4,1,44.4794952681388
15,4,1,41.640378548895896
16,4,1,40.063091482649845
16,4,1,37.85488958990536
7,5,1,34.06940063091483
8,5,1,6.624605678233438
9,5,1,11.35646687697161
9,5,1,17.350157728706623
9,5,1,27.12933753943217
10,5,1,31.54574132492113
11,5,1,41.00946372239748
11,5,1,50.1577287066246
12,5,1,63.40694006309148
12,5,1,69.08517350157729
12,5,1,79.49526813880126
13,5,1,80.12618296529969
13,5,1,87.06624605678233
14,5,1,88.01261829652996
15,5,1,93.05993690851734
15,5,1,94.3217665615142
15,5,1,92.11356466876973
16,5,1,89.90536277602524
8,6,1,85.8044164037855
8,6,1,6.94006309148265
8,6,1,8.517350157728707
9,6,1,11.987381703470032
9,6,1,13.8801261829653
10,6,1,16.40378548895899
10,6,1,24.29022082018928
11,6,1,39.11671924290221
11,6,1,47.003154574132495
12,6,1,60.56782334384858
13,6,1,73.81703470031546
13,6,1,83.28075709779179
13,6,1,87.69716088328076
14,6,1,87.69716088328076
14,6,1,91.16719242902208
15,6,1,90.53627760252364
15,6,1,85.17350157728707
16,6,1,74.76340694006309
8,0,1,63.722397476340696
8,0,1,7.886435331230284
9,0,1,11.35646687697161
9,0,1,15.772870662460567
10,0,1,18.29652996845426
10,0,1,21.766561514195583
11,0,1,25.86750788643533
11,0,1,31.861198738170348
11,0,1,36.2776025236593
12,0,1,37.53943217665615
12,0,1,42.27129337539432
13,0,1,47.63406940063091
14,0,1,47.3186119873817
14,0,1,46.68769716088328
14,0,1,45.42586750788644
15,0,1,40.063091482649845
15,0,1,35.646687697160885
16,0,1,34.70031545741325
7,1,2,0.0
8,1,2,20.509849362688296
8,1,2,29.316338354577056
9,1,2,43.22132097334878
9,1,2,58.28505214368482
10,1,2,68.36616454229433
10,1,2,76.59327925840093
11,1,2,82.73464658169178
11,1,2,83.77752027809966
12,1,2,85.39976825028968
13,1,2,84.82039397450754
13,1,2,84.58864426419467
14,1,2,82.96639629200463
14,1,2,78.79490150637312
14,1,2,75.31865585168019
15,1,2,71.49478563151796
16,1,2,65.81691772885284
16,1,2,60.02317497103129
7,2,2,52.37543453070683
8,2,2,22.363847045191196
9,2,2,36.50057937427578
9,2,2,52.49130938586327
10,2,2,65.58516801853997
10,2,2,79.837775202781
11,2,2,83.1981460023175
11,2,2,82.38702201622247
12,2,2,82.15527230590962
12,2,2,82.15527230590962
12,2,2,82.03939745075319
13,2,2,80.9965237543453
13,2,2,79.4901506373117
14,2,2,77.86790266512166
14,2,2,75.20278099652376
15,2,2,70.22016222479722
16,2,2,63.15179606025493
16,2,2,57.24217844727694
7,3,2,49.36268829663963
8,3,2,21.08922363847045
8,3,2,32.329084588644264
9,3,2,41.01969872537659
10,3,2,55.15643105446118
10,3,2,65.70104287369641
10,3,2,72.4217844727694
11,3,2,77.40440324449594
12,3,2,79.837775202781
12,3,2,81.57589803012746
12,3,2,80.9965237543453
13,3,2,79.95365005793742
13,3,2,79.4901506373117
14,3,2,78.3314020857474
15,3,2,74.97103128621089
15,3,2,69.17728852838934
16,3,2,63.96292004634994
16,3,2,57.35805330243337
8,4,2,50.984936268829664
8,4,2,18.88760139049826
9,4,2,26.30359212050985
9,4,2,41.48319814600232
9,4,2,51.56431054461182
10,4,2,59.3279258400927
10,4,2,64.31054461181924
11,4,2,66.62804171494786
12,4,2,69.0614136732329
12,4,2,70.33603707995366
13,4,2,70.9154113557358
13,4,2,70.68366164542294
14,4,2,69.29316338354577
14,4,2,66.396292004635
15,4,2,64.42641946697567
15,4,2,57.01042873696408
15,4,2,53.53418308227115
16,4,2,50.86906141367324
7,5,2,42.5260718424102
8,5,2,8.574739281575898
8,5,2,9.733487833140208
9,5,2,11.239860950173812
10,5,2,15.643105446118192
10,5,2,21.78447276940904
10,5,2,25.02896871378911
11,5,2,27.69409038238702
12,5,2,32.90845886442642
12,5,2,38.93395133256083
13,5,2,42.64194669756663
13,5,2,46.929316338354575
14,5,2,46.929316338354575
14,5,2,47.7404403244496
14,5,2,50.40556199304751
15,5,2,48.43568945538818
16,5,2,48.31981460023175
16,5,2,43.22132097334878
8,6,2,37.77520278099652
8,6,2,7.879490150637312
9,6,2,8.574739281575898
9,6,2,9.965237543453073
9,6,2,11.355735805330244
10,6,2,12.977983777520278
11,6,2,17.265353418308226
11,6,2,21.90034762456547
11,6,2,24.565469293163385
12,6,2,28.7369640787949
13,6,2,32.0973348783314
13,6,2,33.603707995365006
14,6,2,34.183082271147164
14,6,2,36.84820393974508
15,6,2,38.8180764774044
15,6,2,36.616454229432215
16,6,2,33.48783314020857
16,6,2,29.66396292004635
8,0,2,25.724217844727693
8,0,2,20.625724217844727
9,0,2,28.968713789107763
9,0,2,41.71494785631518
10,0,2,51.68018539976825
10,0,2,66.28041714947857
10,0,2,71.84241019698726
11,0,2,75.31865585168019
11,0,2,77.17265353418308
12,0,2,78.3314020857474
13,0,2,79.95365005793742
13,0,2,79.02665121668598
14,0,2,76.70915411355736
14,0,2,76.47740440324449
14,0,2,74.50753186558516
15,0,2,71.61066048667439
15,0,2,65.46929316338354
16,0,2,63.15179606025493
8,1,2,51.68018539976825
8,1,2,23.290845886442643
8,1,2,31.86558516801854
9,1,2,41.36732329084589
9,1,2,59.67555040556199
10,1,2,72.7694090382387
10,1,2,79.95365005793742
11,1,2,82.96639629200463
12,1,2,84.47276940903824
12,1,2,84.3568945538818
13,1,2,83.66164542294322
13,1,2,83.1981460023175
14,1,2,82.61877172653534
14,1,2,80.30127462340673
15,1,2,76.24565469293164
15,1,2,70.9154113557358
16,1,2,63.49942062572422
16,1,2,58.28505214368482
8,2,2,52.14368482039397
8,2,2,25.14484356894554
9,2,2,36.73232908458864
9,2,2,50.17381228273464
10,2,2,60.25492468134415
10,2,2,71.61066048667439
11,2,2,77.63615295480881
11,2,2,80.30127462340673
12,2,2,80.53302433371958
12,2,2,81.3441483198146
13,2,2,81.22827346465817
13,2,2,81.57589803012746
14,2,2,81.57589803012746
14,2,2,81.11239860950174
15,2,2,77.05677867902665
15,2,2,75.31865585168019
15,2,2,71.72653534183083
16,2,2,66.16454229432213
7,3,2,57.35805330243337
8,3,2,23.406720741599077
9,3,2,36.9640787949015
9,3,2,49.71031286210892
9,3,2,60.950173812282735
10,3,2,70.56778679026651
11,3,2,78.21552723059096
11,3,2,83.31402085747393
11,3,2,83.08227114716107
12,3,2,82.73464658169178
13,3,2,83.66164542294322
13,3,2,81.6917728852839
13,3,2,82.50289687137891
14,3,2,82.38702201622247
15,3,2,79.37427578215527
15,3,2,72.4217844727694
16,3,2,67.78679026651217
16,3,2,62.22479721900348
8,4,2,54.34530706836617
8,4,2,23.986095017381228
9,4,2,30.93858632676709
9,4,2,43.916570104287366
10,4,2,54.22943221320973
10,4,2,65.00579374275782
11,4,2,68.13441483198146
11,4,2,71.37891077636154
12,4,2,72.19003476245655
12,4,2,71.03128621089223
13,4,2,71.49478563151796
13,4,2,71.84241019698726
14,4,2,72.30590961761298
14,4,2,69.7566628041715
15,4,2,66.396292004635
15,4,2,61.993047508690616
16,4,2,56.08342989571264
16,4,2,49.47856315179606
8,5,2,43.56894553881808
8,5,2,11.819235225955968
9,5,2,13.093858632676708
9,5,2,14.484356894553882
10,5,2,17.960602549246815
10,5,2,24.565469293163385
11,5,2,28.50521436848204
11,5,2,32.67670915411356
12,5,2,37.07995365005794
12,5,2,42.87369640787949
13,5,2,46.929316338354575
13,5,2,50.86906141367324
14,5,2,53.650057937427576
14,5,2,53.30243337195829
15,5,2,51.44843568945539
15,5,2,53.07068366164543
16,5,2,51.68018539976825
16,5,2,46.23406720741599
8,6,2,42.5260718424102
8,6,2,12.398609501738123
9,6,2,15.874855156431057
9,6,2,30.475086906141367
10,6,2,46.581691772885286
10,6,2,58.28505214368482
11,6,2,63.15179606025493
11,6,2,67.20741599073001
12,6,2,70.79953650057938
12,6,2,78.21552723059096
13,6,2,81.92352259559675
13,6,2,77.17265353418308
14,6,2,72.65353418308227
14,6,2,63.15179606025493
15,6,2,55.272305909617614
15,6,2,47.62456546929317
15,6,2,41.251448435689454
16,6,2,36.03707995365006
8,0,2,28.04171494785632
8,0,2,20.625724217844727
9,0,2,30.475086906141367
9,0,2,41.36732329084589
10,0,2,50.28968713789108
10,0,2,63.61529548088065
11,0,2,71.61066048667439
11,0,2,74.97103128621089
12,0,2,77.28852838933952
12,0,2,79.14252607184241
12,0,2,78.56315179606025
13,0,2,78.56315179606025
14,0,2,77.63615295480881
14,0,2,73.928157589803
14,0,2,69.87253765932793
15,0,2,66.51216685979142
15,0,2,61.29779837775203
16,0,2,55.04055619930475
8,1,2,46.11819235225956
8,1,2,22.94322132097335
9,1,2,32.329084588644264
9,1,2,48.78331402085748
10,1,2,60.8342989571263
10,1,2,70.9154113557358
11,1,2,77.63615295480881
11,1,2,84.82039397450754
12,1,2,84.93626882966396
12,1,2,83.08227114716107
13,1,2,82.50289687137891
13,1,2,83.89339513325608
13,1,2,84.3568945538818
14,1,2,83.54577056778679
15,1,2,80.9965237543453
15,1,2,78.21552723059096
15,1,2,73.00115874855156
16,1,2,66.0486674391657
8,2,2,57.4739281575898
8,2,2,26.99884125144844
8,2,2,33.603707995365006
9,2,2,47.27694090382387
9,2,2,60.48667439165701
10,2,2,68.13441483198146
10,2,2,75.66628041714948
11,2,2,81.3441483198146
11,2,2,82.03939745075319
12,2,2,84.3568945538818
12,2,2,83.42989571263035
13,2,2,83.54577056778679
13,2,2,82.61877172653534
14,2,2,78.3314020857474
14,2,2,75.31865585168019
15,2,2,72.19003476245655
15,2,2,68.59791425260718
16,2,2,63.61529548088065
7,5,2,55.851680185399765
8,5,2,8.690614136732329
8,5,2,9.733487833140208
9,5,2,11.471610660486675
9,5,2,14.716106604866743
10,5,2,18.88760139049826
10,5,2,23.8702201622248
11,5,2,30.127462340672075
11,5,2,35.68945538818077
12,5,2,39.39745075318656
12,5,2,43.337195828505216
13,5,2,47.972190034762455
13,5,2,49.13093858632677
14,5,2,47.85631517960603
14,5,2,49.015063731170336
15,5,2,49.594438006952494
15,5,2,48.31981460023175
16,5,2,45.65469293163383
7,6,2,41.01969872537659
8,6,2,12.514484356894554
8,6,2,13.093858632676708
9,6,2,14.36848203939745
9,6,2,14.831981460023176
10,6,2,16.57010428736964
10,6,2,18.53997682502897
11,6,2,22.363847045191196
11,6,2,25.840092699884124
12,6,2,29.895712630359213
13,6,2,31.86558516801854
13,6,2,35.805330243337195
13,6,2,37.427578215527234
14,6,2,39.39745075318656
14,6,2,39.97682502896871
15,6,2,38.58632676709154
15,6,2,36.73232908458864
16,6,2,33.02433371958285
7,0,2,28.27346465816918
8,0,2,21.552723059096177
9,0,2,32.67670915411356
9,0,2,46.81344148319815
9,0,2,55.38818076477404
10,0,2,60.25492468134415
11,0,2,65.46929316338354
11,0,2,69.4090382387022
12,0,2,69.87253765932793
12,0,2,70.56778679026651
12,0,2,71.84241019698726
13,0,2,72.4217844727694
13,0,2,71.61066048667439
14,0,2,69.4090382387022
14,0,2,68.82966396292005
15,0,2,67.20741599073001
16,0,2,61.87717265353418
16,0,2,58.05330243337196
8,1,2,51.33256083429896
8,1,2,23.17497103128621
9,1,2,32.67670915411356
9,1,2,47.62456546929317
9,1,2,56.08342989571264
10,1,2,68.13441483198146
10,1,2,74.39165701042873
11,1,2,78.3314020857474
12,1,2,78.91077636152954
12,1,2,81.3441483198146
13,1,2,82.03939745075319
13,1,2,82.96639629200463
13,1,2,80.9965237543453
14,1,2,80.41714947856315
15,1,2,78.3314020857474
15,1,2,74.73928157589803
15,1,2,70.56778679026651
16,1,2,66.0486674391657
7,2,2,54.80880648899189
8,2,2,23.406720741599077
8,2,2,34.06720741599073
9,2,2,45.19119351100811
9,2,2,56.43105446118192
10,2,2,65.46929316338354
10,2,2,71.14716106604867
11,2,2,74.50753186558516
11,2,2,76.70915411355736
12,2,2,77.28852838933952
12,2,2,79.37427578215527
13,2,2,80.30127462340673
13,2,2,81.46002317497103
14,2,2,80.9965237543453
14,2,2,79.72190034762457
15,2,2,77.40440324449594
15,2,2,72.53765932792584
16,2,2,66.74391657010429
7,3,2,57.58980301274623
8,3,2,23.05909617612978
8,3,2,34.87833140208575
9,3,2,46.23406720741599
9,3,2,57.01042873696408
10,3,2,63.96292004634994
10,3,2,68.82966396292005
11,3,2,73.46465816917728
11,3,2,75.55040556199305
12,3,2,77.05677867902665
12,3,2,77.75202780996524
13,3,2,77.75202780996524
13,3,2,75.89803012746233
14,3,2,76.47740440324449
14,3,2,75.20278099652376
15,3,2,74.27578215527231
15,3,2,71.84241019698726
16,3,2,67.20741599073001
8,4,2,59.44380069524913
8,4,2,26.187717265353417
9,4,2,38.70220162224797
10,4,2,47.85631517960603
10,4,2,53.88180764774044
10,4,2,56.894553881807646
11,4,2,60.8342989571263
12,4,2,62.10892236384704
12,4,2,63.84704519119351
13,4,2,65.12166859791425
13,4,2,67.09154113557358
14,4,2,67.67091541135574
14,4,2,66.0486674391657
15,4,2,63.73117033603708
15,4,2,60.37079953650058
16,4,2,56.77867902665122
16,4,2,50.52143684820394
7,5,2,45.19119351100811
8,5,2,14.020857473928158
8,5,2,14.831981460023176
9,5,2,17.72885283893395
9,5,2,19.58285052143685
10,5,2,27.114716106604867
10,5,2,31.98146002317497
11,5,2,38.12282734646582
12,5,2,40.78794901506373
12,5,2,44.3800695249131
12,5,2,46.81344148319815
13,5,2,49.015063731170336
13,5,2,51.33256083429896
14,5,2,52.6071842410197
14,5,2,52.14368482039397
15,5,2,51.91193511008111
15,5,2,51.91193511008111
16,5,2,49.13093858632677
7,6,2,44.95944380069525
8,6,2,13.325608342989572
8,6,2,13.673232908458864
9,6,2,14.36848203939745
9,6,2,13.789107763615297
10,6,2,15.643105446118192
10,6,2,16.917728852838934
11,6,2,23.8702201622248
11,6,2,28.62108922363847
12,6,2,33.14020857473928
13,6,2,35.11008111239861
13,6,2,35.4577056778679
13,6,2,35.573580533024334
14,6,2,35.34183082271147
15,6,2,32.90845886442642
15,6,2,31.74971031286211
8,0,2,27.114716106604867
8,0,2,23.17497103128621
9,0,2,32.21320973348784
9,0,2,44.49594438006952
10,0,2,54.22943221320973
10,0,2,64.42641946697567
11,0,2,68.36616454229433
11,0,2,73.58053302433372
12,0,2,76.01390498261877
12,0,2,75.43453070683661
13,0,2,73.928157589803
13,0,2,73.81228273464659
13,0,2,75.66628041714948
14,0,2,74.73928157589803
15,0,2,71.03128621089223
15,0,2,68.13441483198146
16,0,2,62.6882966396292
16,0,2,56.19930475086906
8,1,2,48.66743916570104
8,1,2,23.522595596755504
9,1,2,31.63383545770568
9,1,2,44.95944380069525
10,1,2,52.37543453070683
10,1,2,66.28041714947857
11,1,2,73.46465816917728
11,1,2,79.37427578215527
12,1,2,80.64889918887602
12,1,2,83.66164542294322
13,1,2,84.47276940903824
13,1,2,85.28389339513326
14,1,2,83.77752027809966
14,1,2,81.46002317497103
15,1,2,78.91077636152954
15,1,2,74.73928157589803
16,1,2,69.4090382387022
16,1,2,62.572421784472766
7,2,2,51.68018539976825
8,2,2,25.608342989571263
8,2,2,37.77520278099652
9,2,2,50.28968713789108
9,2,2,64.1946697566628
10,2,2,75.43453070683661
10,2,2,82.27114716106605
11,2,2,84.00926998841251
11,2,2,84.3568945538818
12,2,2,85.39976825028968
13,2,2,83.54577056778679
13,2,2,83.77752027809966
14,2,2,81.6917728852839
14,2,2,81.22827346465817
14,2,2,78.67902665121669
15,2,2,75.55040556199305
16,2,2,70.33603707995366
16,2,2,65.12166859791425
8,3,2,57.58980301274623
8,3,2,30.70683661645423
9,3,2,38.47045191193511
9,3,2,51.1008111239861
10,3,2,65.58516801853997
10,3,2,76.24565469293164
11,3,2,81.80764774044033
11,3,2,85.97914252607184
12,3,2,86.44264194669756
12,3,2,86.558516801854
12,3,2,85.74739281575899
13,3,2,86.32676709154113
13,3,2,86.44264194669756
14,3,2,85.51564310544612
15,3,2,82.50289687137891
15,3,2,79.02665121668598
16,3,2,75.66628041714948
16,3,2,65.81691772885284
8,4,2,58.63267670915411
8,4,2,27.57821552723059
8,4,2,34.762456546929315
9,4,2,47.972190034762455
10,4,2,59.559675550405565
10,4,2,66.28041714947857
11,4,2,70.56778679026651
11,4,2,75.31865585168019
12,4,2,77.05677867902665
12,4,2,79.60602549246813
13,4,2,80.41714947856315
13,4,2,77.40440324449594
13,4,2,75.43453070683661
14,4,2,71.95828505214368
15,4,2,68.94553881807647
15,4,2,63.383545770567785
16,4,2,57.8215527230591
16,4,2,52.027809965237545
8,5,2,44.84356894553882
8,5,2,14.831981460023176
8,5,2,15.643105446118192
9,5,2,19.00347624565469
9,5,2,22.363847045191196
10,5,2,27.69409038238702
10,5,2,32.90845886442642
11,5,2,37.07995365005794
12,5,2,39.04982618771727
12,5,2,44.14831981460024
13,5,2,48.08806488991889
13,5,2,51.1008111239861
13,5,2,53.18655851680185
14,5,2,54.80880648899189
15,5,2,53.99768250289687
15,5,2,53.76593279258401
16,5,2,50.17381228273464
16,5,2,46.581691772885286
8,6,2,40.78794901506373
8,6,2,17.497103128621088
9,6,2,18.308227114716107
9,6,2,19.58285052143685
10,6,2,20.74159907300116
10,6,2,23.17497103128621
10,6,2,25.840092699884124
11,6,2,31.51796060254925
11,6,2,35.68945538818077
12,6,2,40.092699884125146
13,6,2,44.14831981460024
13,6,2,46.23406720741599
13,6,2,45.538818076477405
14,6,2,44.72769409038239
15,6,2,44.3800695249131
15,6,2,41.71494785631518
15,6,2,39.51332560834299
16,6,2,34.414831981460026
8,0,2,29.895712630359213
8,0,2,27.114716106604867
8,0,2,35.22595596755504
9,0,2,46.69756662804171
9,0,2,57.58980301274623
10,0,2,71.14716106604867
10,0,2,79.72190034762457
11,0,2,84.47276940903824
11,0,2,84.47276940903824
12,0,2,86.21089223638471
12,0,2,88.29663962920047
13,0,2,87.83314020857473
13,0,2,88.52838933951332
14,0,2,88.18076477404404
15,0,2,86.32676709154113
15,0,2,83.89339513325608
16,0,2,78.56315179606025
16,0,2,71.61066048667439
7,1,2,62.572421784472766
8,1,2,33.48783314020857
8,1,2,44.61181923522596
9,1,2,57.8215527230591
9,1,2,68.82966396292005
10,1,2,82.61877172653534
11,1,2,89.33951332560834
11,1,2,92.46813441483198
11,1,2,93.279258400927
12,1,2,92.9316338354577
13,1,2,93.74275782155271
13,1,2,92.35225955967556
14,1,2,91.0776361529548
14,1,2,92.5840092699884
15,1,2,89.68713789107764
15,1,2,88.29663962920047
16,1,2,82.15527230590962
16,1,2,74.50753186558516
8,2,2,64.77404403244496
8,2,2,35.68945538818077
9,2,2,45.42294322132097
9,2,2,60.8342989571263
10,2,2,74.15990730011588
10,2,2,85.74739281575899
11,2,2,90.96176129779838
11,2,2,94.09038238702202
12,2,2,93.74275782155271
12,2,2,94.90150637311704
13,2,2,95.1332560834299
13,2,2,94.66975666280418
14,2,2,92.5840092699884
14,2,2,92.46813441483198
15,2,2,90.84588644264194
15,2,2,87.71726535341831
16,2,2,80.53302433371958
16,2,2,74.97103128621089
8,3,2,65.12166859791425
8,3,2,29.66396292004635
9,3,2,41.01969872537659
9,3,2,51.79606025492468
10,3,2,64.31054461181924
10,3,2,78.56315179606025
11,3,2,86.90614136732329
11,3,2,92.81575898030128
12,3,2,93.16338354577056
12,3,2,93.04750869061414
13,3,2,92.35225955967556
13,3,2,91.7728852838934
14,3,2,90.73001158748552
14,3,2,90.61413673232909
15,3,2,87.36964078794901
15,3,2,81.3441483198146
16,3,2,75.43453070683661
16,3,2,69.52491309385863
8,4,2,62.22479721900348
8,4,2,30.70683661645423
9,4,2,39.04982618771727
9,4,2,50.52143684820394
10,4,2,57.58980301274623
10,4,2,67.09154113557358
11,4,2,70.79953650057938
11,4,2,73.46465816917728
12,4,2,76.01390498261877
12,4,2,77.75202780996524
13,4,2,79.72190034762457
13,4,2,78.09965237543453
14,4,2,76.24565469293164
14,4,2,74.85515643105447
15,4,2,71.14716106604867
15,4,2,69.0614136732329
16,4,2,62.45654692931634
16,4,2,57.24217844727694
8,5,2,51.216685979142525
8,5,2,18.07647740440325
9,5,2,18.77172653534183
9,5,2,22.479721900347624
10,5,2,25.3765932792584
10,5,2,30.82271147161066
11,5,2,35.573580533024334
11,5,2,40.20857473928157
12,5,2,45.30706836616454
12,5,2,50.28968713789108
13,5,2,54.69293163383546
13,5,2,59.09617612977984
14,5,2,61.76129779837776
14,5,2,64.8899188876014
15,5,2,66.0486674391657
15,5,2,66.74391657010429
16,5,2,66.0486674391657
16,5,2,61.06604866743917
8,6,2,54.1135573580533
8,6,2,19.69872537659328
9,6,2,20.162224797219004
9,6,2,21.32097334878332
10,6,2,21.668597914252608
10,6,2,24.10196987253766
11,6,2,28.27346465816918
11,6,2,34.183082271147164
12,6,2,39.39745075318656
12,6,2,45.07531865585168
13,6,2,50.17381228273464
13,6,2,54.80880648899189
14,6,2,56.43105446118192
14,6,2,56.43105446118192
15,6,2,54.1135573580533
15,6,2,50.86906141367324
16,6,2,48.31981460023175
16,6,2,44.0324449594438
8,0,2,38.35457705677868
8,0,2,28.27346465816918
9,0,2,40.78794901506373
9,0,2,52.83893395133256
10,0,2,64.5422943221321
10,0,2,77.63615295480881
11,0,2,82.38702201622247
11,0,2,86.09501738122827
12,0,2,85.8632676709154
12,0,2,86.44264194669756
13,0,2,86.44264194669756
13,0,2,88.0648899188876
14,0,2,88.18076477404404
14,0,2,89.10776361529548
15,0,2,86.09501738122827
15,0,2,84.12514484356895
16,0,2,77.63615295480881
16,0,2,73.00115874855156
7,1,2,65.23754345307069
8,1,2,31.51796060254925
8,1,2,44.26419466975666
9,1,2,55.15643105446118
9,1,2,69.64078794901506
10,1,2,80.18539976825029
11,1,2,86.558516801854
11,1,2,90.96176129779838
11,1,2,90.84588644264194
12,1,2,91.4252607184241
12,1,2,91.30938586326766
13,1,2,90.38238702201622
14,1,2,89.33951332560834
14,1,2,89.45538818076477
15,1,2,85.97914252607184
15,1,2,82.27114716106605
15,1,2,77.86790266512166
16,1,2,72.88528389339514
8,2,2,60.13904982618772
8,2,2,33.603707995365006
9,2,2,46.34994206257242
9,2,2,58.63267670915411
10,2,2,68.94553881807647
10,2,2,82.73464658169178
11,2,2,89.45538818076477
11,2,2,89.5712630359212
12,2,2,90.03476245654693
12,2,2,90.73001158748552
13,2,2,90.15063731170336
13,2,2,92.23638470451912
14,2,2,90.2665121668598
14,2,2,88.52838933951332
15,2,2,86.09501738122827
15,2,2,81.46002317497103
16,2,2,76.59327925840093
16,2,2,71.72653534183083
8,3,2,59.90730011587485
8,3,2,34.29895712630359
9,3,2,44.84356894553882
9,3,2,58.40092699884125
9,3,2,68.13441483198146
10,3,2,78.21552723059096
11,3,2,86.32676709154113
11,3,2,90.96176129779838
12,3,2,90.15063731170336
12,3,2,91.30938586326766
13,3,2,92.35225955967556
13,3,2,91.0776361529548
14,3,2,89.5712630359212
14,3,2,88.52838933951332
14,3,2,86.90614136732329
15,3,2,82.61877172653534
15,3,2,75.43453070683661
16,3,2,70.9154113557358
8,4,2,63.383545770567785
8,4,2,28.38933951332561
9,4,2,37.89107763615296
10,4,2,56.54692931633836
10,4,2,67.43916570104287
11,4,2,71.49478563151796
11,4,2,77.63615295480881
12,4,2,78.56315179606025
12,4,2,80.88064889918887
13,4,2,81.80764774044033
13,4,2,82.8505214368482
14,4,2,81.11239860950174
14,4,2,81.3441483198146
15,4,2,78.44727694090382
15,4,2,71.84241019698726
16,4,2,66.97566628041714
16,4,2,60.25492468134415
7,5,2,54.80880648899189
8,5,2,17.844727694090384
8,5,2,18.77172653534183
9,5,2,21.32097334878332
10,5,2,26.187717265353417
10,5,2,33.83545770567787
10,5,2,38.58632676709154
11,5,2,46.11819235225956
12,5,2,51.68018539976825
12,5,2,59.90730011587485
13,5,2,65.58516801853997
13,5,2,72.53765932792584
14,5,2,75.78215527230591
14,5,2,77.9837775202781
15,5,2,77.63615295480881
15,5,2,78.79490150637312
16,5,2,78.09965237543453
16,5,2,72.88528389339514
8,6,2,68.36616454229433
8,6,2,20.162224797219004
9,6,2,20.74159907300116
9,6,2,21.90034762456547
10,6,2,22.82734646581692
10,6,2,26.187717265353417
11,6,2,28.62108922363847
11,6,2,38.35457705677868
12,6,2,46.34994206257242
12,6,2,54.34530706836617
13,6,2,59.09617612977984
13,6,2,68.82966396292005
14,6,2,71.61066048667439
14,6,2,73.81228273464659
15,6,2,75.89803012746233
15,6,2,73.46465816917728
16,6,2,69.17728852838934
16,6,2,61.76129779837776
8,0,2,55.15643105446118
8,0,2,42.06257242178447
9,0,2,52.49130938586327
9,0,2,65.93279258400926
10,0,2,78.91077636152954
10,0,2,91.19351100811124
11,0,2,99.3047508690614
11,0,2,99.88412514484357
11,0,2,99.3047508690614
12,0,2,99.65237543453073
12,0,2,98.26187717265351
13,0,2,98.72537659327926
14,0,2,96.87137891077636
14,0,2,95.36500579374275
14,0,2,93.16338354577056
15,0,2,89.10776361529548
15,0,2,82.61877172653534
16,0,2,77.52027809965237
7,1,2,68.71378910776362
8,1,2,37.195828505214365
9,1,2,48.31981460023175
9,1,2,60.950173812282735
10,1,2,71.37891077636154
10,1,2,86.44264194669756
11,1,2,93.74275782155271
11,1,2,95.59675550405562
12,1,2,96.75550405561994
12,1,2,96.9872537659328
12,1,2,96.9872537659328
13,1,2,97.33487833140208
13,1,2,96.87137891077636
14,1,2,95.24913093858632
14,1,2,92.69988412514483
15,1,2,90.61413673232909
15,1,2,84.93626882966396
16,1,2,78.91077636152954
8,2,2,70.22016222479722
8,2,2,38.8180764774044
8,2,2,49.015063731170336
9,2,2,61.76129779837776
10,2,2,74.85515643105447
10,2,2,87.83314020857473
11,2,2,94.55388180764774
11,2,2,96.87137891077636
11,2,2,96.75550405561994
12,2,2,97.91425260718424
13,2,2,97.10312862108924
13,2,2,97.10312862108924
13,2,2,96.9872537659328
14,2,2,95.01738122827346
15,2,2,92.81575898030128
15,2,2,89.80301274623406
16,2,2,86.67439165701043
16,2,2,80.30127462340673
8,3,2,74.6234067207416
8,3,2,40.20857473928157
9,3,2,50.40556199304751
9,3,2,63.383545770567785
10,3,2,79.02665121668598
10,3,2,86.67439165701043
11,3,2,92.35225955967556
11,3,2,96.52375434530708
12,3,2,97.91425260718424
12,3,2,98.1460023174971
13,3,2,97.21900347624566
13,3,2,98.03012746234069
13,3,2,96.87137891077636
14,3,2,96.06025492468136
14,3,2,91.7728852838934
15,3,2,90.15063731170336
15,3,2,85.28389339513326
16,3,2,82.38702201622247
8,4,2,74.6234067207416
9,4,2,39.04982618771727
9,4,2,61.29779837775203
10,4,2,71.14716106604867
10,4,2,82.15527230590962
11,4,2,87.71726535341831
11,4,2,90.49826187717264
12,4,2,92.23638470451912
12,4,2,92.35225955967556
13,4,2,92.35225955967556
13,4,2,89.45538818076477
14,4,2,90.38238702201622
14,4,2,89.80301274623406
15,4,2,85.51564310544612
15,4,2,82.27114716106605
16,4,2,79.14252607184241
16,4,2,73.46465816917728
8,5,2,66.0486674391657
8,5,2,26.187717265353417
9,5,2,27.230590961761298
9,5,2,31.51796060254925
10,5,2,37.77520278099652
10,5,2,44.95944380069525
11,5,2,52.6071842410197
11,5,2,59.44380069524913
12,5,2,63.26767091541136
12,5,2,71.14716106604867
13,5,2,76.59327925840093
13,5,2,82.8505214368482
14,5,2,85.97914252607184
14,5,2,87.60139049826188
15,5,2,90.03476245654693
15,5,2,90.61413673232909
16,5,2,90.03476245654693
16,5,2,85.63151796060255
8,6,2,83.77752027809966
8,6,2,29.316338354577056
9,6,2,30.127462340672075
9,6,2,30.5909617612978
10,6,2,32.21320973348784
10,6,2,35.34183082271147
11,6,2,41.59907300115875
11,6,2,52.49130938586327
12,6,2,64.65816917728853
12,6,2,72.30590961761298
13,6,2,81.11239860950174
13,6,2,87.83314020857473
14,6,2,90.96176129779838
14,6,2,91.54113557358052
15,6,2,89.9188876013905
15,6,2,88.0648899188876
16,6,2,82.8505214368482
16,6,2,77.63615295480881
8,0,2,69.87253765932793
8,0,2,45.07531865585168
9,0,2,55.6199304750869
9,0,2,65.70104287369641
10,0,2,75.31865585168019
10,0,2,89.45538818076477
12,0,2,98.03012746234069
12,0,2,99.42062572421784
13,0,2,98.37775202780996
13,0,2,97.7983777520278
14,0,2,95.01738122827346
14,0,2,95.1332560834299
15,0,2,92.69988412514483
15,0,2,90.03476245654693
16,0,2,83.1981460023175
16,0,2,76.24565469293164
7,1,2,70.45191193511008
8,1,2,37.77520278099652
9,1,2,46.34994206257242
9,1,2,59.44380069524913
10,1,2,71.61066048667439
10,1,2,88.7601390498262
11,1,2,98.60950173812284
11,1,2,98.37775202780996
11,1,2,98.72537659327926
12,1,2,98.72537659327926
13,1,2,98.4936268829664
13,1,2,97.68250289687138
14,1,2,96.6396292004635
14,1,2,97.21900347624566
14,1,2,96.6396292004635
15,1,2,93.16338354577056
16,1,2,85.51564310544612
16,1,2,79.4901506373117
8,2,2,70.68366164542294
8,2,2,44.61181923522596
9,2,2,53.07068366164543
9,2,2,66.16454229432213
10,2,2,79.02665121668598
10,2,2,91.65701042873695
11,2,2,99.76825028968712
12,2,2,99.3047508690614
12,2,2,99.88412514484357
13,2,2,99.42062572421784
13,2,2,99.53650057937428
14,2,2,99.188876013905
14,2,2,97.33487833140208
15,2,2,94.09038238702202
15,2,2,90.73001158748552
16,2,2,86.44264194669756
16,2,2,79.60602549246813
8,3,2,72.53765932792584
8,3,2,41.36732329084589
8,3,2,47.50869061413673
9,3,2,59.90730011587485
9,3,2,72.7694090382387
10,3,2,83.42989571263035
10,3,2,91.19351100811124
11,3,2,96.87137891077636
11,3,2,96.2920046349942
12,3,2,97.10312862108924
12,3,2,98.26187717265351
13,3,2,96.52375434530708
13,3,2,97.21900347624566
14,3,2,98.4936268829664
14,3,2,95.1332560834299
15,3,2,91.65701042873695
15,3,2,89.33951332560834
16,3,2,84.82039397450754
7,4,2,79.14252607184241
8,4,2,39.86095017381229
9,4,2,49.2468134414832
9,4,2,62.10892236384704
10,4,2,70.45191193511008
10,4,2,77.9837775202781
11,4,2,82.96639629200463
11,4,2,88.41251448435689
12,4,2,89.10776361529548
12,4,2,90.84588644264194
12,4,2,91.88876013904982
13,4,2,93.51100811123986
13,4,2,92.12050984936268
14,4,2,93.279258400927
14,4,2,90.2665121668598
15,4,2,86.32676709154113
15,4,2,78.21552723059096
16,4,2,70.68366164542294
8,1,2,65.00579374275782
12,1,2,100.0
12,1,2,99.42062572421784
13,1,2,99.76825028968712
14,1,2,98.84125144843568
14,1,2,96.6396292004635
15,1,2,94.20625724217844
15,1,2,90.03476245654693
16,1,2,83.66164542294322
16,1,2,77.52027809965237
7,2,2,69.98841251448435
8,2,2,40.092699884125146
8,2,2,47.16106604866744
9,2,2,56.315179606025495
9,2,2,69.0614136732329
10,2,2,81.3441483198146
10,2,2,91.19351100811124
11,2,2,97.91425260718424
11,2,2,99.65237543453073
12,2,2,99.65237543453073
12,2,2,99.188876013905
13,2,2,98.95712630359212
13,2,2,97.45075318655852
14,2,2,97.45075318655852
14,2,2,95.71263035921206
15,2,2,89.9188876013905
15,2,2,85.63151796060255
16,2,2,81.46002317497103
7,3,2,74.50753186558516
8,3,2,38.238702201622246
8,3,2,48.31981460023175
9,3,2,60.48667439165701
9,3,2,72.19003476245655
10,3,2,86.90614136732329
10,3,2,97.10312862108924
11,3,2,99.3047508690614
11,3,2,99.188876013905
12,3,2,99.42062572421784
12,3,2,98.60950173812284
13,3,2,99.88412514484357
13,3,2,99.76825028968712
14,3,2,99.53650057937428
14,3,2,98.72537659327926
15,3,2,94.90150637311704
15,3,2,89.68713789107764
16,3,2,84.00926998841251
8,4,2,78.3314020857474
8,4,2,46.581691772885286
8,4,2,54.57705677867903
9,4,2,65.58516801853997
9,4,2,77.28852838933952
10,4,2,85.16801853997683
10,4,2,91.19351100811124
11,4,2,93.51100811123986
11,4,2,97.21900347624566
12,4,2,97.7983777520278
13,4,2,99.53650057937428
13,4,2,98.37775202780996
14,4,2,96.17612977983778
14,4,2,94.4380069524913
14,4,2,93.74275782155271
15,4,2,89.33951332560834
16,4,2,84.12514484356895
16,4,2,72.53765932792584
7,5,2,66.0486674391657
8,5,2,29.779837775202783
9,5,2,31.170336037079952
9,5,2,35.11008111239861
9,5,2,39.1657010428737
10,5,2,46.34994206257242
11,5,2,54.22943221320973
11,5,2,60.37079953650058
12,5,2,65.12166859791425
12,5,2,70.10428736964079
12,5,2,71.61066048667439
13,5,2,75.43453070683661
13,5,2,78.44727694090382
14,5,2,79.25840092699885
15,5,2,80.30127462340673
15,5,2,79.37427578215527
15,5,2,77.28852838933952
16,5,2,71.14716106604867
8,6,2,67.43916570104287
8,6,2,30.127462340672075
8,6,2,30.243337195828506
9,6,2,30.5909617612978
9,6,2,31.402085747392817
10,6,2,34.994206257242176
10,6,2,42.98957126303592
11,6,2,56.315179606025495
11,6,2,65.93279258400926
12,6,2,76.47740440324449
13,6,2,83.77752027809966
13,6,2,90.38238702201622
13,6,2,95.36500579374275
14,6,2,99.65237543453073
14,6,2,98.60950173812284
15,6,2,95.36500579374275
15,6,2,92.35225955967556
16,6,2,86.79026651216687
8,0,2,78.44727694090382
8,0,2,42.75782155272306
9,0,2,53.18655851680185
9,0,2,64.5422943221321
10,0,2,75.43453070683661
10,0,2,88.41251448435689
11,0,2,93.74275782155271
11,0,2,97.56662804171496
11,0,2,100.0
12,0,2,99.07300115874855
12,0,2,97.91425260718424
13,0,2,97.68250289687138
14,0,2,95.4808806488992
14,0,2,95.1332560834299
14,0,2,92.69988412514483
15,0,2,90.49826187717264
15,0,2,84.3568945538818
16,0,2,78.67902665121669
7,1,3,0.0
8,1,3,31.00775193798449
8,1,3,33.333333333333336
9,1,3,40.05167958656331
9,1,3,52.713178294573645
10,1,3,60.98191214470284
10,1,3,68.21705426356588
11,1,3,79.58656330749353
11,1,3,83.72093023255815
12,1,3,85.78811369509044
13,1,3,86.30490956072352
13,1,3,86.04651162790698
14,1,3,85.5297157622739
14,1,3,85.78811369509044
14,1,3,83.20413436692506
15,1,3,79.328165374677
16,1,3,75.96899224806202
16,1,3,69.76744186046511
7,2,3,63.30749354005168
8,2,3,37.72609819121447
9,2,3,43.66925064599483
9,2,3,54.52196382428941
10,2,3,66.14987080103359
10,2,3,80.10335917312662
11,2,3,87.08010335917312
11,2,3,87.59689922480621
12,2,3,87.85529715762274
12,2,3,87.08010335917312
12,2,3,86.82170542635659
13,2,3,88.63049095607235
13,2,3,89.14728682170542
14,2,3,89.14728682170542
14,2,3,86.82170542635659
15,2,3,84.23772609819122
16,2,3,79.06976744186046
16,2,3,73.38501291989664
7,3,3,67.44186046511628
8,3,3,25.322997416020677
8,3,3,34.366925064599485
9,3,3,40.56847545219638
10,3,3,49.6124031007752
10,3,3,58.91472868217054
10,3,3,69.25064599483204
11,3,3,74.16020671834626
12,3,3,77.51937984496124
12,3,3,80.62015503875969
12,3,3,83.20413436692506
13,3,3,85.27131782945736
13,3,3,83.97932816537468
14,3,3,84.75452196382429
15,3,3,79.328165374677
15,3,3,76.4857881136951
16,3,3,74.16020671834626
16,3,3,67.18346253229974
8,4,3,63.82428940568475
8,4,3,27.131782945736436
9,4,3,32.55813953488372
9,4,3,41.08527131782946
9,4,3,47.28682170542636
10,4,3,51.42118863049095
10,4,3,57.88113695090439
11,4,3,63.565891472868216
12,4,3,65.63307493540051
12,4,3,71.31782945736434
13,4,3,70.80103359173127
13,4,3,73.90180878552971
14,4,3,73.90180878552971
14,4,3,73.90180878552971
15,4,3,72.3514211886305
15,4,3,67.18346253229974
15,4,3,65.37467700258398
16,4,3,62.01550387596899
7,5,3,55.81395348837209
8,5,3,14.470284237726098
8,5,3,18.087855297157624
9,5,3,23.772609819121445
10,5,3,33.07493540051679
10,5,3,43.92764857881137
10,5,3,51.16279069767442
11,5,3,55.81395348837209
12,5,3,60.20671834625323
12,5,3,65.37467700258398
13,5,3,69.76744186046511
13,5,3,77.77777777777777
14,5,3,85.27131782945736
14,5,3,88.11369509043928
14,5,3,89.14728682170542
15,5,3,87.08010335917312
16,5,3,88.88888888888889
16,5,3,87.33850129198966
8,6,3,76.4857881136951
8,6,3,22.997416020671835
9,6,3,23.772609819121445
9,6,3,27.64857881136951
9,6,3,30.49095607235142
10,6,3,33.333333333333336
11,6,3,40.310077519379846
11,6,3,50.3875968992248
11,6,3,57.36434108527132
12,6,3,63.82428940568475
13,6,3,74.67700258397933
13,6,3,83.20413436692506
14,6,3,88.88888888888889
14,6,3,88.37209302325581
15,6,3,88.88888888888889
15,6,3,85.78811369509044
16,6,3,81.13695090439276
16,6,3,73.90180878552971
8,0,3,69.50904392764858
8,0,3,19.121447028423773
9,0,3,24.289405684754524
9,0,3,31.782945736434108
10,0,3,39.53488372093023
10,0,3,48.06201550387597
10,0,3,56.84754521963824
11,0,3,60.723514211886304
11,0,3,63.82428940568475
12,0,3,65.89147286821705
13,0,3,70.02583979328165
13,0,3,75.71059431524547
14,0,3,75.71059431524547
14,0,3,73.38501291989664
14,0,3,71.57622739018088
15,0,3,69.25064599483204
15,0,3,66.40826873385014
16,0,3,63.30749354005168
8,1,3,59.94832041343669
8,1,3,39.53488372093023
8,1,3,44.44444444444444
9,1,3,49.87080103359173
9,1,3,62.01550387596899
10,1,3,71.31782945736434
10,1,3,80.62015503875969
11,1,3,86.30490956072352
12,1,3,84.75452196382429
12,1,3,86.04651162790698
13,1,3,87.33850129198966
13,1,3,88.11369509043928
14,1,3,88.37209302325581
14,1,3,88.63049095607235
15,1,3,87.08010335917312
15,1,3,88.37209302325581
16,1,3,83.97932816537468
16,1,3,78.29457364341086
8,2,3,75.45219638242894
8,2,3,45.99483204134367
9,2,3,51.679586563307495
9,2,3,60.20671834625323
10,2,3,68.47545219638243
10,2,3,78.55297157622739
11,2,3,83.97932816537468
11,2,3,84.75452196382429
12,2,3,88.37209302325581
12,2,3,89.14728682170542
13,2,3,88.63049095607235
13,2,3,89.14728682170542
14,2,3,89.14728682170542
14,2,3,85.5297157622739
15,2,3,85.27131782945736
15,2,3,82.94573643410853
15,2,3,80.87855297157623
16,2,3,77.2609819121447
7,3,3,70.54263565891473
8,3,3,31.00775193798449
9,3,3,37.72609819121447
9,3,3,43.92764857881137
9,3,3,52.19638242894057
10,3,3,62.27390180878553
11,3,3,69.50904392764858
11,3,3,77.51937984496124
11,3,3,86.04651162790698
12,3,3,88.63049095607235
13,3,3,88.37209302325581
13,3,3,87.08010335917312
13,3,3,88.11369509043928
14,3,3,88.88888888888889
15,3,3,83.97932816537468
15,3,3,81.3953488372093
16,3,3,81.3953488372093
16,3,3,81.91214470284238
8,4,3,76.4857881136951
8,4,3,24.54780361757106
9,4,3,31.266149870801037
9,4,3,39.53488372093023
10,4,3,47.54521963824289
10,4,3,56.58914728682171
11,4,3,61.24031007751938
11,4,3,68.21705426356588
12,4,3,70.54263565891473
12,4,3,75.1937984496124
13,4,3,76.22739018087856
13,4,3,78.81136950904393
14,4,3,81.3953488372093
14,4,3,81.13695090439276
15,4,3,79.328165374677
15,4,3,77.2609819121447
16,4,3,73.38501291989664
16,4,3,64.85788113695091
8,5,3,62.01550387596899
8,5,3,23.772609819121445
9,5,3,27.64857881136951
9,5,3,33.59173126614987
10,5,3,43.15245478036176
10,5,3,53.22997416020672
11,5,3,59.43152454780362
11,5,3,66.9250645994832
12,5,3,74.93540051679587
12,5,3,80.87855297157623
13,5,3,86.56330749354005
13,5,3,89.14728682170542
14,5,3,89.14728682170542
14,5,3,88.88888888888889
15,5,3,89.14728682170542
15,5,3,89.14728682170542
16,5,3,89.14728682170542
16,5,3,88.88888888888889
8,6,3,86.30490956072352
8,6,3,34.62532299741602
9,6,3,40.56847545219638
9,6,3,64.34108527131782
10,6,3,86.82170542635659
10,6,3,88.37209302325581
11,6,3,89.14728682170542
11,6,3,89.14728682170542
12,6,3,89.14728682170542
12,6,3,89.14728682170542
13,6,3,88.88888888888889
13,6,3,88.88888888888889
14,6,3,89.14728682170542
14,6,3,89.14728682170542
15,6,3,85.01291989664082
15,6,3,79.06976744186046
15,6,3,74.4186046511628
16,6,3,68.73385012919897
8,0,3,65.37467700258398
8,0,3,23.51421188630491
9,0,3,28.165374677002585
9,0,3,34.366925064599485
10,0,3,41.86046511627907
10,0,3,50.3875968992248
11,0,3,60.20671834625323
11,0,3,67.70025839793281
12,0,3,71.31782945736434
12,0,3,71.31782945736434
12,0,3,70.80103359173127
13,0,3,73.1266149870801
14,0,3,74.67700258397933
14,0,3,75.1937984496124
14,0,3,71.57622739018088
15,0,3,69.25064599483204
15,0,3,66.9250645994832
16,0,3,64.85788113695091
8,1,3,60.46511627906977
8,1,3,39.79328165374677
9,1,3,45.47803617571059
9,1,3,52.45478036175711
10,1,3,59.68992248062016
10,1,3,73.1266149870801
11,1,3,79.84496124031008
11,1,3,86.30490956072352
12,1,3,86.30490956072352
12,1,3,86.82170542635659
13,1,3,86.82170542635659
13,1,3,87.59689922480621
13,1,3,87.59689922480621
14,1,3,87.85529715762274
15,1,3,85.78811369509044
15,1,3,82.17054263565892
15,1,3,79.58656330749353
16,1,3,77.51937984496124
8,2,3,66.40826873385014
8,2,3,41.60206718346253
8,2,3,43.92764857881137
9,2,3,53.22997416020672
9,2,3,65.63307493540051
10,2,3,73.64341085271317
10,2,3,81.65374677002583
11,2,3,87.59689922480621
11,2,3,87.33850129198966
12,2,3,85.78811369509044
12,2,3,88.11369509043928
13,2,3,89.14728682170542
13,2,3,89.14728682170542
14,2,3,88.88888888888889
14,2,3,88.63049095607235
15,2,3,88.88888888888889
15,2,3,84.49612403100775
16,2,3,79.58656330749353
7,5,3,72.3514211886305
8,5,3,13.436692506459949
8,5,3,14.728682170542635
9,5,3,19.121447028423773
9,5,3,22.997416020671835
10,5,3,30.74935400516796
10,5,3,35.400516795865634
11,5,3,45.99483204134367
11,5,3,56.33074935400517
12,5,3,64.59948320413437
12,5,3,78.03617571059432
13,5,3,86.30490956072352
13,5,3,88.88888888888889
14,5,3,84.49612403100775
14,5,3,88.88888888888889
15,5,3,88.63049095607235
15,5,3,87.85529715762274
16,5,3,85.78811369509044
7,6,3,78.55297157622739
8,6,3,17.31266149870801
8,6,3,18.863049095607234
9,6,3,22.997416020671835
9,6,3,26.098191214470283
10,6,3,32.55813953488372
10,6,3,40.310077519379846
11,6,3,58.656330749354005
11,6,3,70.2842377260982
12,6,3,80.87855297157623
13,6,3,89.14728682170542
13,6,3,89.14728682170542
13,6,3,89.14728682170542
14,6,3,89.14728682170542
14,6,3,89.14728682170542
15,6,3,89.14728682170542
15,6,3,88.11369509043928
16,6,3,82.68733850129199
7,0,3,75.45219638242894
8,0,3,13.436692506459949
9,0,3,19.896640826873384
9,0,3,29.974160206718345
9,0,3,33.59173126614987
10,0,3,37.46770025839793
11,0,3,44.70284237726098
11,0,3,50.64599483204135
12,0,3,56.58914728682171
12,0,3,62.53229974160207
12,0,3,70.2842377260982
13,0,3,77.2609819121447
13,0,3,77.77777777777777
14,0,3,80.10335917312662
14,0,3,76.74418604651163
15,0,3,77.2609819121447
16,0,3,71.31782945736434
16,0,3,67.95865633074935
8,1,3,59.17312661498708
8,1,3,30.49095607235142
9,1,3,34.366925064599485
9,1,3,42.63565891472868
9,1,3,48.320413436692505
10,1,3,56.33074935400517
10,1,3,60.723514211886304
11,1,3,67.95865633074935
12,1,3,76.74418604651163
12,1,3,87.08010335917312
13,1,3,88.88888888888889
13,1,3,88.63049095607235
13,1,3,88.63049095607235
14,1,3,87.08010335917312
15,1,3,89.40568475452196
15,1,3,86.56330749354005
15,1,3,79.84496124031008
16,1,3,74.93540051679587
7,2,3,67.70025839793281
8,2,3,31.266149870801037
8,2,3,39.01808785529716
9,2,3,47.02842377260982
9,2,3,55.81395348837209
10,2,3,66.14987080103359
10,2,3,73.1266149870801
11,2,3,80.62015503875969
11,2,3,87.33850129198966
12,2,3,88.11369509043928
12,2,3,88.88888888888889
13,2,3,89.14728682170542
13,2,3,89.14728682170542
14,2,3,89.14728682170542
14,2,3,89.14728682170542
15,2,3,88.88888888888889
15,2,3,84.75452196382429
16,2,3,80.62015503875969
7,3,3,73.1266149870801
8,3,3,18.863049095607234
8,3,3,27.39018087855297
9,3,3,36.950904392764855
9,3,3,45.21963824289406
10,3,3,52.19638242894057
10,3,3,55.55555555555556
11,3,3,63.565891472868216
11,3,3,71.31782945736434
12,3,3,76.4857881136951
12,3,3,82.68733850129199
13,3,3,88.11369509043928
13,3,3,89.14728682170542
14,3,3,89.14728682170542
14,3,3,89.14728682170542
15,3,3,89.14728682170542
15,3,3,84.49612403100775
16,3,3,76.74418604651163
8,4,3,70.54263565891473
8,4,3,21.96382428940569
9,4,3,28.9405684754522
10,4,3,39.276485788113696
10,4,3,43.92764857881137
10,4,3,48.83720930232558
11,4,3,59.94832041343669
12,4,3,67.70025839793281
12,4,3,72.60981912144703
13,4,3,74.67700258397933
13,4,3,82.68733850129199
14,4,3,83.97932816537468
14,4,3,85.78811369509044
15,4,3,86.56330749354005
15,4,3,87.08010335917312
16,4,3,82.17054263565892
16,4,3,77.77777777777777
7,5,3,71.31782945736434
8,5,3,20.41343669250646
8,5,3,19.896640826873384
9,5,3,24.54780361757106
9,5,3,31.00775193798449
10,5,3,42.63565891472868
10,5,3,55.29715762273902
11,5,3,71.57622739018088
12,5,3,79.84496124031008
12,5,3,89.14728682170542
12,5,3,89.14728682170542
13,5,3,89.14728682170542
13,5,3,86.56330749354005
14,5,3,89.14728682170542
14,5,3,89.14728682170542
15,5,3,89.14728682170542
15,5,3,89.14728682170542
16,5,3,87.08010335917312
7,6,3,85.01291989664082
8,6,3,18.087855297157624
8,6,3,18.6046511627907
9,6,3,21.188630490956072
9,6,3,24.289405684754524
10,6,3,26.356589147286822
10,6,3,31.00775193798449
11,6,3,39.79328165374677
11,6,3,54.00516795865633
12,6,3,66.14987080103359
13,6,3,68.73385012919897
13,6,3,77.51937984496124
13,6,3,82.17054263565892
14,6,3,80.87855297157623
15,6,3,83.97932816537468
15,6,3,85.27131782945736
8,0,3,79.58656330749353
8,0,3,18.087855297157624
9,0,3,22.22222222222222
9,0,3,31.00775193798449
10,0,3,37.46770025839793
10,0,3,48.83720930232558
11,0,3,52.45478036175711
11,0,3,55.81395348837209
12,0,3,57.10594315245478
12,0,3,62.27390180878553
13,0,3,64.34108527131782
13,0,3,67.18346253229974
13,0,3,67.44186046511628
14,0,3,68.47545219638243
15,0,3,67.18346253229974
15,0,3,61.75710594315245
16,0,3,55.55555555555556
16,0,3,53.48837209302326
8,1,3,45.99483204134367
8,1,3,23.25581395348837
9,1,3,26.873385012919897
9,1,3,33.59173126614987
10,1,3,40.05167958656331
10,1,3,49.09560723514212
11,1,3,57.36434108527132
11,1,3,65.63307493540051
12,1,3,69.76744186046511
12,1,3,72.09302325581395
13,1,3,70.80103359173127
13,1,3,77.2609819121447
14,1,3,76.74418604651163
14,1,3,75.71059431524547
15,1,3,72.09302325581395
15,1,3,68.9922480620155
16,1,3,66.14987080103359
16,1,3,63.565891472868216
7,2,3,56.58914728682171
8,2,3,23.51421188630491
8,2,3,28.165374677002585
9,2,3,35.400516795865634
9,2,3,49.354005167958654
10,2,3,55.55555555555556
10,2,3,64.59948320413437
11,2,3,68.21705426356588
11,2,3,73.64341085271317
12,2,3,76.22739018087856
13,2,3,75.1937984496124
13,2,3,77.77777777777777
14,2,3,74.93540051679587
14,2,3,78.03617571059432
14,2,3,78.55297157622739
15,2,3,77.00258397932816
16,2,3,71.0594315245478
16,2,3,64.85788113695091
8,3,3,61.49870801033592
8,3,3,34.366925064599485
9,3,3,38.24289405684755
9,3,3,45.736434108527135
10,3,3,51.42118863049095
10,3,3,62.27390180878553
11,3,3,68.21705426356588
11,3,3,75.45219638242894
12,3,3,78.29457364341086
12,3,3,80.10335917312662
12,3,3,79.84496124031008
13,3,3,82.42894056847545
13,3,3,85.01291989664082
14,3,3,86.30490956072352
15,3,3,80.87855297157623
15,3,3,77.2609819121447
16,3,3,74.4186046511628
16,3,3,66.9250645994832
8,4,3,60.723514211886304
8,4,3,26.61498708010336
8,4,3,33.07493540051679
9,4,3,41.08527131782946
10,4,3,48.06201550387597
10,4,3,55.03875968992248
11,4,3,60.46511627906977
11,4,3,67.18346253229974
12,4,3,72.60981912144703
12,4,3,76.74418604651163
13,4,3,77.77777777777777
13,4,3,78.29457364341086
13,4,3,78.55297157622739
14,4,3,80.10335917312662
15,4,3,73.90180878552971
15,4,3,64.85788113695091
16,4,3,58.656330749354005
16,4,3,51.93798449612403
8,5,3,50.64599483204135
8,5,3,10.07751937984496
8,5,3,12.919896640826874
9,5,3,21.188630490956072
9,5,3,28.42377260981912
10,5,3,41.86046511627907
10,5,3,49.6124031007752
11,5,3,52.713178294573645
12,5,3,60.98191214470284
12,5,3,71.83462532299741
13,5,3,72.86821705426357
13,5,3,78.29457364341086
13,5,3,83.72093023255815
14,5,3,88.37209302325581
15,5,3,88.88888888888889
15,5,3,85.5297157622739
16,5,3,85.27131782945736
16,5,3,84.23772609819122
8,6,3,77.00258397932816
8,6,3,13.178294573643411
9,6,3,13.436692506459949
9,6,3,14.470284237726098
10,6,3,18.34625322997416
10,6,3,22.48062015503876
10,6,3,30.74935400516796
11,6,3,45.736434108527135
11,6,3,52.713178294573645
12,6,3,63.30749354005168
13,6,3,67.95865633074935
13,6,3,80.62015503875969
13,6,3,81.65374677002583
14,6,3,86.82170542635659
15,6,3,88.88888888888889
15,6,3,89.14728682170542
15,6,3,89.14728682170542
16,6,3,86.04651162790698
8,0,3,76.74418604651163
8,0,3,19.37984496124031
8,0,3,23.772609819121445
9,0,3,31.266149870801037
9,0,3,40.05167958656331
10,0,3,48.83720930232558
10,0,3,62.7906976744186
11,0,3,68.73385012919897
11,0,3,70.54263565891473
12,0,3,72.3514211886305
12,0,3,71.57622739018088
13,0,3,71.57622739018088
13,0,3,72.09302325581395
14,0,3,74.16020671834626
15,0,3,74.16020671834626
15,0,3,72.86821705426357
16,0,3,70.80103359173127
16,0,3,64.34108527131782
7,1,3,59.17312661498708
8,1,3,32.81653746770026
8,1,3,38.24289405684755
9,1,3,47.54521963824289
9,1,3,55.29715762273902
10,1,3,70.54263565891473
11,1,3,79.58656330749353
11,1,3,84.23772609819122
11,1,3,83.72093023255815
12,1,3,86.56330749354005
13,1,3,84.75452196382429
13,1,3,86.04651162790698
14,1,3,87.85529715762274
14,1,3,87.59689922480621
15,1,3,83.72093023255815
15,1,3,81.91214470284238
16,1,3,75.45219638242894
16,1,3,68.21705426356588
8,2,3,62.27390180878553
8,2,3,34.88372093023256
9,2,3,39.53488372093023
9,2,3,46.77002583979328
10,2,3,60.20671834625323
10,2,3,65.11627906976744
11,2,3,71.83462532299741
11,2,3,76.22739018087856
12,2,3,80.36175710594316
12,2,3,87.33850129198966
13,2,3,87.59689922480621
13,2,3,87.33850129198966
14,2,3,88.11369509043928
14,2,3,86.04651162790698
15,2,3,85.78811369509044
15,2,3,86.56330749354005
16,2,3,82.68733850129199
16,2,3,81.3953488372093
8,3,3,75.71059431524547
8,3,3,27.64857881136951
9,3,3,34.88372093023256
9,3,3,40.56847545219638
10,3,3,49.87080103359173
10,3,3,64.85788113695091
11,3,3,69.25064599483204
11,3,3,74.93540051679587
12,3,3,77.77777777777777
12,3,3,81.65374677002583
13,3,3,87.59689922480621
13,3,3,87.08010335917312
14,3,3,87.85529715762274
14,3,3,84.75452196382429
15,3,3,82.94573643410853
15,3,3,78.81136950904393
16,3,3,75.71059431524547
16,3,3,71.31782945736434
8,4,3,63.82428940568475
8,4,3,17.31266149870801
9,4,3,24.54780361757106
9,4,3,32.55813953488372
10,4,3,39.01808785529716
10,4,3,47.28682170542636
11,4,3,55.29715762273902
11,4,3,62.7906976744186
12,4,3,69.25064599483204
12,4,3,71.83462532299741
13,4,3,79.06976744186046
13,4,3,81.91214470284238
14,4,3,83.20413436692506
14,4,3,84.49612403100775
15,4,3,86.04651162790698
15,4,3,86.30490956072352
16,4,3,81.13695090439276
16,4,3,78.03617571059432
8,5,3,72.86821705426357
8,5,3,14.728682170542635
9,5,3,17.31266149870801
9,5,3,23.772609819121445
10,5,3,32.041343669250644
10,5,3,42.377260981912144
11,5,3,48.83720930232558
11,5,3,59.17312661498708
12,5,3,67.18346253229974
12,5,3,71.31782945736434
13,5,3,77.2609819121447
13,5,3,82.17054263565892
14,5,3,86.82170542635659
14,5,3,86.82170542635659
15,5,3,89.14728682170542
15,5,3,89.14728682170542
16,5,3,89.14728682170542
16,5,3,88.88888888888889
8,6,3,85.5297157622739
8,6,3,23.25581395348837
9,6,3,24.54780361757106
9,6,3,27.39018087855297
10,6,3,32.041343669250644
10,6,3,41.86046511627907
11,6,3,54.78036175710594
11,6,3,66.40826873385014
12,6,3,76.4857881136951
12,6,3,87.33850129198966
13,6,3,87.59689922480621
13,6,3,89.14728682170542
14,6,3,89.14728682170542
14,6,3,89.14728682170542
15,6,3,89.14728682170542
15,6,3,86.82170542635659
16,6,3,80.36175710594316
16,6,3,70.80103359173127
8,0,3,59.94832041343669
8,0,3,17.31266149870801
9,0,3,22.997416020671835
9,0,3,28.165374677002585
10,0,3,36.950904392764855
10,0,3,45.99483204134367
11,0,3,54.26356589147287
11,0,3,63.82428940568475
12,0,3,66.66666666666667
12,0,3,71.31782945736434
13,0,3,75.71059431524547
13,0,3,78.55297157622739
14,0,3,81.3953488372093
14,0,3,81.91214470284238
15,0,3,77.77777777777777
15,0,3,71.57622739018088
16,0,3,65.11627906976744
16,0,3,62.27390180878553
7,1,3,58.91472868217054
8,1,3,36.43410852713178
8,1,3,41.86046511627907
9,1,3,47.54521963824289
9,1,3,58.91472868217054
10,1,3,70.02583979328165
11,1,3,83.97932816537468
11,1,3,87.59689922480621
11,1,3,83.20413436692506
12,1,3,85.01291989664082
12,1,3,85.78811369509044
13,1,3,87.08010335917312
14,1,3,87.59689922480621
14,1,3,89.14728682170542
15,1,3,87.33850129198966
15,1,3,85.01291989664082
15,1,3,79.328165374677
16,1,3,75.71059431524547
8,2,3,69.76744186046511
8,2,3,48.06201550387597
9,2,3,55.03875968992248
9,2,3,64.34108527131782
10,2,3,71.83462532299741
10,2,3,82.68733850129199
11,2,3,87.85529715762274
11,2,3,88.37209302325581
12,2,3,88.63049095607235
12,2,3,88.37209302325581
13,2,3,88.88888888888889
13,2,3,88.63049095607235
14,2,3,88.11369509043928
14,2,3,88.37209302325581
15,2,3,85.78811369509044
15,2,3,83.97932816537468
16,2,3,78.29457364341086
16,2,3,77.00258397932816
8,3,3,70.2842377260982
8,3,3,25.58139534883721
9,3,3,32.81653746770026
9,3,3,43.15245478036176
9,3,3,51.93798449612403
10,3,3,78.29457364341086
11,3,3,89.92248062015504
11,3,3,95.8656330749354
15,3,3,100.0
15,3,3,96.89922480620154
16,3,3,94.31524547803618
8,4,3,88.37209302325581
8,4,3,33.333333333333336
9,4,3,39.79328165374677
10,4,3,57.10594315245478
10,4,3,64.59948320413437
11,4,3,69.50904392764858
11,4,3,76.74418604651163
12,4,3,82.68733850129199
13,4,3,88.37209302325581
14,4,3,98.96640826873384
14,4,3,99.74160206718346
15,4,3,98.96640826873384
15,4,3,97.9328165374677
16,4,3,93.28165374677005
16,4,3,89.92248062015504
7,5,3,88.63049095607235
8,5,3,27.64857881136951
8,5,3,31.266149870801037
9,5,3,39.276485788113696
10,5,3,51.679586563307495
10,5,3,66.40826873385014
10,5,3,74.93540051679587
11,5,3,85.5297157622739
8,6,3,97.9328165374677
8,6,3,29.19896640826873
9,6,3,30.232558139534884
9,6,3,32.041343669250644
10,6,3,40.56847545219638
10,6,3,54.52196382428941
11,6,3,64.08268733850129
11,6,3,84.49612403100775
16,6,3,94.83204134366925
8,0,3,100.0
8,0,3,39.53488372093023
9,0,3,42.89405684754522
9,0,3,49.6124031007752
10,0,3,55.55555555555556
10,0,3,64.59948320413437
11,0,3,68.47545219638243
11,0,3,76.74418604651163
11,0,3,83.97932816537468
12,0,3,87.85529715762274
12,0,3,89.92248062015504
13,0,3,94.05684754521964
14,0,3,91.47286821705428
14,0,3,92.76485788113696
14,0,3,93.02325581395348
15,0,3,89.40568475452196
15,0,3,83.20413436692506
16,0,3,80.87855297157623
7,1,3,74.4186046511628
8,1,3,51.93798449612403
9,1,3,58.39793281653747
9,1,3,68.47545219638243
10,1,3,75.1937984496124
10,1,3,85.27131782945736
11,1,3,93.54005167958655
12,1,3,100.0
14,1,3,98.44961240310076
15,1,3,99.74160206718346
15,1,3,97.9328165374677
16,1,3,95.09043927648578
8,2,3,86.56330749354005
8,2,3,57.88113695090439
8,2,3,65.37467700258398
9,2,3,73.90180878552971
10,2,3,86.30490956072352
15,2,3,96.89922480620154
16,2,3,98.19121447028424
16,2,3,92.24806201550388
8,3,3,87.59689922480621
8,3,3,39.53488372093023
9,3,3,42.89405684754522
9,3,3,51.42118863049095
10,3,3,61.75710594315245
10,3,3,70.54263565891473
11,3,3,76.4857881136951
11,3,3,86.30490956072352
12,3,3,91.21447028423772
15,3,3,98.19121447028424
15,3,3,95.34883720930232
16,3,3,92.24806201550388
8,4,3,87.59689922480621
9,4,3,40.05167958656331
9,4,3,52.97157622739018
10,4,3,63.049095607235145
10,4,3,77.2609819121447
11,4,3,88.63049095607235
15,4,3,97.9328165374677
16,4,3,95.09043927648578
16,4,3,90.95607235142118
8,5,3,88.37209302325581
8,5,3,31.524547803617573
9,5,3,37.98449612403101
9,5,3,48.83720930232558
10,5,3,63.049095607235145
10,5,3,77.00258397932816
8,6,3,92.76485788113696
8,6,3,37.46770025839793
9,6,3,37.72609819121447
9,6,3,38.75968992248062
10,6,3,44.96124031007752
10,6,3,53.48837209302326
11,6,3,68.73385012919897
8,0,3,89.14728682170542
8,0,3,37.72609819121447
9,0,3,42.89405684754522
9,0,3,49.87080103359173
10,0,3,57.622739018087856
10,0,3,69.76744186046511
11,0,3,82.94573643410853
11,0,3,92.76485788113696
12,0,3,97.41602067183464
14,0,3,99.2248062015504
15,0,3,99.2248062015504
15,0,3,97.67441860465117
16,0,3,95.09043927648578
16,0,3,93.02325581395348
7,1,3,90.95607235142118
8,1,3,57.10594315245478
9,1,3,64.85788113695091
9,1,3,72.09302325581395
10,1,3,81.65374677002583
10,1,3,75.96899224806202
11,1,3,86.82170542635659
13,1,3,98.96640826873384
15,1,3,98.96640826873384
16,1,3,97.67441860465117
16,1,3,95.8656330749354
8,2,3,87.08010335917312
8,2,3,52.97157622739018
9,2,3,57.10594315245478
9,2,3,68.73385012919897
10,2,3,78.29457364341086
10,2,3,90.43927648578811
10,2,3,98.70801033591732
15,2,3,97.67441860465117
16,2,3,97.67441860465117
16,2,3,94.83204134366925
8,3,3,91.21447028423772
8,3,3,53.48837209302326
8,3,3,56.58914728682171
9,3,3,68.73385012919897
9,3,3,78.03617571059432
10,3,3,89.14728682170542
15,3,3,95.34883720930232
16,3,3,94.05684754521964
7,4,3,94.57364341085272
8,4,3,35.400516795865634
9,4,3,41.60206718346253
9,4,3,49.6124031007752
10,4,3,56.58914728682171
10,4,3,64.34108527131782
11,4,3,69.76744186046511
11,4,3,81.91214470284238
12,4,3,89.40568475452196
15,4,3,96.640826873385
15,4,3,98.70801033591732
16,4,3,94.31524547803618
8,0,3,90.18087855297158
8,0,3,34.10852713178294
9,0,3,38.50129198966408
9,0,3,44.70284237726098
10,0,3,53.48837209302326
10,0,3,64.34108527131782
11,0,3,75.1937984496124
11,0,3,85.78811369509044
14,0,3,92.76485788113696
14,0,3,98.96640826873384
15,0,3,97.1576227390181
15,0,3,90.95607235142118
16,0,3,90.18087855297158
16,0,3,81.65374677002583
7,1,3,78.03617571059432
8,1,3,50.3875968992248
8,1,3,53.48837209302326
9,1,3,55.81395348837209
10,1,3,65.63307493540051
10,1,3,76.4857881136951
11,1,3,83.72093023255815
12,1,3,97.67441860465117
14,1,3,94.83204134366925
15,1,3,98.70801033591732
15,1,3,94.31524547803618
16,1,3,89.6640826873385
16,1,3,86.30490956072352
7,2,3,84.49612403100775
8,2,3,55.29715762273902
8,2,3,58.39793281653747
9,2,3,68.21705426356588
9,2,3,77.00258397932816
10,2,3,91.47286821705428
15,2,3,98.96640826873384
15,2,3,99.2248062015504
16,2,3,96.38242894056847
7,3,3,94.05684754521964
8,3,3,42.89405684754522
8,3,3,46.253229974160206
9,3,3,51.16279069767442
9,3,3,60.46511627906977
10,3,3,68.9922480620155
10,3,3,85.01291989664082
15,3,3,96.38242894056847
16,3,3,97.1576227390181
8,4,3,95.34883720930232
8,4,3,41.08527131782946
8,4,3,46.51162790697674
9,4,3,55.55555555555556
9,4,3,65.63307493540051
10,4,3,75.71059431524547
10,4,3,86.04651162790698
15,4,3,92.5064599483204
16,4,3,99.74160206718346
16,4,3,96.89922480620154
7,5,3,94.31524547803618
8,5,3,39.79328165374677
9,5,3,43.92764857881137
9,5,3,57.10594315245478
9,5,3,65.11627906976744
10,5,3,78.55297157622739
8,6,3,89.14728682170542
8,6,3,32.041343669250644
8,6,3,31.782945736434108
9,6,3,34.62532299741602
9,6,3,39.01808785529716
10,6,3,53.746770025839794
10,6,3,68.9922480620155
8,0,3,95.8656330749354
8,0,3,39.01808785529716
9,0,3,46.51162790697674
9,0,3,54.26356589147287
10,0,3,59.68992248062016
10,0,3,74.16020671834626
11,0,3,82.68733850129199
15,0,3,92.5064599483204
16,0,3,96.38242894056847
7,1,4,0.0
8,1,4,6.930693069306931
8,1,4,8.712871287128714
9,1,4,11.485148514851485
9,1,4,14.356435643564357
10,1,4,21.287128712871286
10,1,4,30.099009900990097
11,1,4,41.08910891089109
12,1,4,47.12871287128713
13,1,4,62.57425742574257
13,1,4,65.34653465346534
14,1,4,66.23762376237623
14,1,4,65.54455445544555
14,1,4,59.00990099009901
15,1,4,54.257425742574256
16,1,4,47.02970297029703
16,1,4,41.58415841584159
8,2,4,39.801980198019805
8,2,4,30.1980198019802
9,2,4,31.485148514851485
9,2,4,34.554455445544555
10,2,4,39.10891089108911
10,2,4,48.11881188118812
11,2,4,58.31683168316832
11,2,4,67.42574257425743
12,2,4,74.15841584158416
12,2,4,77.12871287128714
13,2,4,80.0
13,2,4,81.48514851485149
14,2,4,83.26732673267327
14,2,4,83.76237623762377
15,2,4,80.0
15,2,4,74.95049504950495
15,2,4,70.4950495049505
16,2,4,68.41584158415841
7,3,4,64.05940594059406
8,3,4,27.425742574257427
9,3,4,29.405940594059405
9,3,4,32.67326732673267
9,3,4,37.82178217821782
10,3,4,46.03960396039604
11,3,4,58.01980198019802
11,3,4,69.10891089108911
11,3,4,75.54455445544555
12,3,4,81.48514851485149
13,3,4,87.82178217821782
13,3,4,90.3960396039604
13,3,4,92.07920792079209
14,3,4,88.41584158415841
15,3,4,85.34653465346534
15,3,4,81.58415841584159
16,3,4,78.61386138613861
16,3,4,76.53465346534654
8,4,4,73.76237623762377
8,4,4,24.95049504950495
9,4,4,26.138613861386137
9,4,4,29.10891089108911
10,4,4,36.43564356435643
10,4,4,50.0
11,4,4,60.99009900990099
11,4,4,72.67326732673267
12,4,4,79.8019801980198
12,4,4,86.53465346534654
13,4,4,90.29702970297028
13,4,4,93.76237623762376
14,4,4,91.5841584158416
14,4,4,88.21782178217822
15,4,4,85.14851485148515
15,4,4,80.5940594059406
16,4,4,74.25742574257426
16,4,4,71.78217821782178
8,5,4,68.41584158415841
8,5,4,22.673267326732677
9,5,4,24.65346534653465
9,5,4,28.81188118811881
10,5,4,40.89108910891089
10,5,4,54.95049504950495
11,5,4,66.13861386138613
11,5,4,87.02970297029702
13,5,4,95.94059405940594
13,5,4,100.0
14,5,4,100.0
14,5,4,99.9009900990099
15,5,4,100.0
16,5,4,100.0
16,5,4,100.0
8,6,4,99.9009900990099
8,6,4,21.584158415841586
9,6,4,22.574257425742573
9,6,4,24.95049504950495
10,6,4,29.405940594059405
10,6,4,35.94059405940594
11,6,4,40.0
11,6,4,49.10891089108911
12,6,4,60.3960396039604
12,6,4,70.99009900990099
13,6,4,85.84158415841584
13,6,4,98.4158415841584
15,6,4,100.0
15,6,4,100.0
15,6,4,95.74257425742574
16,6,4,88.91089108910892
8,0,4,78.81188118811882
8,0,4,23.861386138613863
9,0,4,24.85148514851485
9,0,4,27.425742574257427
10,0,4,32.57425742574257
10,0,4,41.28712871287129
11,0,4,51.18811881188119
11,0,4,60.0
12,0,4,65.54455445544555
12,0,4,71.78217821782178
12,0,4,77.72277227722772
13,0,4,81.08910891089108
14,0,4,84.15841584158416
14,0,4,84.15841584158416
14,0,4,79.9009900990099
15,0,4,72.67326732673267
15,0,4,70.29702970297029
16,0,4,68.21782178217822
8,1,4,63.366336633663366
8,1,4,23.861386138613863
9,1,4,24.85148514851485
9,1,4,27.128712871287128
10,1,4,31.980198019801986
10,1,4,40.693069306930695
11,1,4,50.59405940594059
11,1,4,60.79207920792079
12,1,4,68.81188118811882
12,1,4,79.60396039603961
13,1,4,83.36633663366337
13,1,4,88.91089108910892
13,1,4,90.5940594059406
14,1,4,86.33663366336634
15,1,4,79.20792079207921
15,1,4,72.37623762376238
15,1,4,68.11881188118812
16,1,4,64.55445544554455
8,2,4,59.6039603960396
8,2,4,22.77227722772277
8,2,4,23.26732673267327
9,2,4,26.33663366336633
9,2,4,30.297029702970296
10,2,4,38.51485148514851
10,2,4,48.01980198019802
11,2,4,60.693069306930695
11,2,4,69.70297029702971
12,2,4,76.83168316831683
12,2,4,80.6930693069307
13,2,4,84.15841584158416
13,2,4,85.44554455445545
14,2,4,86.53465346534654
14,2,4,80.1980198019802
15,2,4,74.35643564356435
15,2,4,67.92079207920793
16,2,4,62.97029702970297
7,5,4,59.40594059405941
8,5,4,23.96039603960396
8,5,4,25.445544554455445
9,5,4,30.69306930693069
9,5,4,42.47524752475248
10,5,4,57.227722772277225
10,5,4,69.20792079207921
11,5,4,82.07920792079207
11,5,4,99.3069306930693
12,5,4,99.9009900990099
13,5,4,99.5049504950495
14,5,4,100.0
15,5,4,99.9009900990099
16,5,4,100.0
7,6,4,100.0
8,6,4,21.683168316831683
8,6,4,22.07920792079208
9,6,4,22.47524752475248
9,6,4,23.06930693069307
10,6,4,26.138613861386137
10,6,4,32.87128712871287
11,6,4,50.99009900990099
11,6,4,72.27722772277228
12,6,4,91.98019801980196
13,6,4,100.0
14,6,4,100.0
15,6,4,99.9009900990099
16,6,4,92.77227722772275
7,0,4,79.8019801980198
8,0,4,23.663366336633665
9,0,4,26.03960396039604
9,0,4,29.306930693069308
9,0,4,33.76237623762376
10,0,4,39.6039603960396
11,0,4,51.58415841584159
11,0,4,64.25742574257426
12,0,4,75.24752475247524
12,0,4,89.00990099009901
12,0,4,97.42574257425744
13,0,4,99.9009900990099
14,0,4,100.0
14,0,4,100.0
15,0,4,98.7128712871287
16,0,4,90.0990099009901
16,0,4,85.44554455445545
8,1,4,77.92079207920793
8,1,4,24.35643564356436
9,1,4,25.445544554455445
9,1,4,29.405940594059405
9,1,4,32.57425742574257
10,1,4,42.97029702970297
10,1,4,58.31683168316832
11,1,4,70.6930693069307
12,1,4,81.88118811881188
12,1,4,92.07920792079209
13,1,4,99.4059405940594
14,1,4,100.0
15,1,4,99.9009900990099
15,1,4,99.8019801980198
15,1,4,94.85148514851484
16,1,4,87.72277227722772
7,2,4,76.63366336633663
8,2,4,4.653465346534653
8,2,4,5.9405940594059405
9,2,4,8.415841584158416
9,2,4,12.871287128712872
10,2,4,22.47524752475248
10,2,4,31.683168316831683
11,2,4,42.57425742574257
11,2,4,57.52475247524752
12,2,4,72.67326732673267
14,2,4,81.98019801980197
14,2,4,100.0
15,2,4,99.8019801980198
15,2,4,96.13861386138612
16,2,4,92.87128712871286
7,3,4,80.29702970297029
8,3,4,25.346534653465348
8,3,4,27.722772277227723
9,3,4,31.18811881188119
9,3,4,37.42574257425743
10,3,4,44.15841584158416
10,3,4,54.257425742574256
11,3,4,72.27722772277228
11,3,4,86.53465346534654
12,3,4,95.74257425742574
12,3,4,100.0
14,3,4,100.0
14,3,4,99.8019801980198
15,3,4,98.21782178217822
15,3,4,95.24752475247524
16,3,4,94.05940594059406
8,4,4,89.00990099009901
8,4,4,32.37623762376238
9,4,4,35.94059405940594
10,4,4,42.17821782178218
10,4,4,54.55445544554456
10,4,4,66.73267326732673
11,4,4,78.91089108910892
12,4,4,93.66336633663366
13,4,4,99.9009900990099
13,4,4,100.0
14,4,4,99.9009900990099
14,4,4,99.9009900990099
15,4,4,99.9009900990099
16,4,4,100.0
16,4,4,95.44554455445544
7,5,4,91.18811881188118
8,5,4,26.23762376237624
8,5,4,27.22772277227723
9,5,4,31.683168316831683
9,5,4,43.86138613861386
10,5,4,59.00990099009901
10,5,4,74.65346534653466
11,5,4,92.97029702970298
12,5,4,100.0
12,5,4,100.0
12,5,4,100.0
13,5,4,100.0
13,5,4,100.0
15,5,4,98.01980198019804
16,5,4,100.0
7,6,4,100.0
8,6,4,21.782178217821784
8,6,4,22.27722772277228
9,6,4,22.574257425742573
9,6,4,24.059405940594058
10,6,4,27.623762376237625
10,6,4,35.04950495049505
11,6,4,58.21782178217822
11,6,4,81.58415841584159
12,6,4,99.10891089108912
13,6,4,100.0
13,6,4,100.0
15,6,4,100.0
15,6,4,99.2079207920792
8,0,4,93.76237623762376
8,0,4,24.35643564356436
9,0,4,26.03960396039604
9,0,4,27.722772277227723
10,0,4,32.87128712871287
10,0,4,41.18811881188119
11,0,4,51.881188118811885
11,0,4,64.25742574257426
12,0,4,72.17821782178218
12,0,4,78.51485148514851
13,0,4,81.88118811881188
13,0,4,85.44554455445545
13,0,4,86.83168316831683
14,0,4,84.05940594059406
15,0,4,78.41584158415841
15,0,4,72.77227722772277
16,0,4,67.72277227722772
16,0,4,62.97029702970297
8,1,4,59.40594059405941
8,1,4,24.85148514851485
9,1,4,25.742574257425744
9,1,4,28.31683168316832
10,1,4,33.16831683168317
10,1,4,44.15841584158416
11,1,4,53.56435643564357
11,1,4,66.03960396039604
12,1,4,71.88118811881188
12,1,4,77.72277227722772
13,1,4,82.87128712871286
13,1,4,85.64356435643565
14,1,4,88.21782178217822
14,1,4,85.34653465346534
15,1,4,81.38613861386139
15,1,4,72.87128712871286
16,1,4,67.02970297029702
16,1,4,62.87128712871287
7,2,4,58.11881188118812
8,2,4,26.03960396039604
8,2,4,27.524752475247524
9,2,4,29.405940594059405
9,2,4,36.23762376237624
10,2,4,44.75247524752475
10,2,4,57.12871287128713
11,2,4,68.31683168316832
11,2,4,77.42574257425743
12,2,4,80.0
13,2,4,85.64356435643565
13,2,4,87.82178217821782
14,2,4,89.70297029702971
14,2,4,89.60396039603961
14,2,4,85.54455445544555
15,2,4,80.1980198019802
16,2,4,73.46534653465346
16,2,4,65.24752475247524
8,3,4,60.3960396039604
8,3,4,24.45544554455445
9,3,4,25.742574257425744
9,3,4,28.613861386138613
10,3,4,34.95049504950495
10,3,4,46.83168316831683
11,3,4,57.82178217821782
11,3,4,74.15841584158416
12,3,4,80.39603960396039
12,3,4,89.4059405940594
12,3,4,93.56435643564356
13,3,4,97.22772277227725
13,3,4,95.44554455445544
14,3,4,94.75247524752476
15,3,4,89.20792079207921
15,3,4,82.37623762376238
16,3,4,75.04950495049505
16,3,4,69.4059405940594
8,4,4,67.22772277227723
8,4,4,24.752475247524757
8,4,4,25.544554455445542
9,4,4,28.019801980198014
10,4,4,35.64356435643565
10,4,4,45.34653465346535
11,4,4,58.415841584158414
11,4,4,74.05940594059406
12,4,4,82.97029702970298
12,4,4,89.60396039603961
13,4,4,93.66336633663366
13,4,4,96.63366336633663
13,4,4,97.22772277227725
14,4,4,93.16831683168316
15,4,4,88.61386138613861
15,4,4,82.77227722772277
16,4,4,79.70297029702971
16,4,4,73.06930693069307
8,5,4,70.1980198019802
8,5,4,22.97029702970297
8,5,4,24.85148514851485
9,5,4,33.46534653465346
9,5,4,47.227722772277225
10,5,4,60.0
10,5,4,80.5940594059406
11,5,4,85.94059405940594
13,5,4,97.12871287128714
13,5,4,99.9009900990099
14,5,4,100.0
15,5,4,100.0
15,5,4,99.9009900990099
16,5,4,100.0
16,5,4,100.0
7,6,4,98.21782178217822
8,6,4,21.485148514851485
9,6,4,21.782178217821784
9,6,4,21.584158415841586
10,6,4,23.465346534653467
10,6,4,26.633663366336634
10,6,4,31.584158415841586
11,6,4,58.81188118811881
12,6,4,86.23762376237623
13,6,4,99.9009900990099
13,6,4,100.0
15,6,4,99.9009900990099
15,6,4,100.0
15,6,4,100.0
16,6,4,90.7920792079208
8,0,4,79.20792079207921
8,0,4,24.85148514851485
8,0,4,26.33663366336633
9,0,4,28.613861386138613
9,0,4,32.277227722772274
10,0,4,42.37623762376238
10,0,4,53.366336633663366
11,0,4,65.34653465346534
11,0,4,75.64356435643565
12,0,4,82.57425742574257
12,0,4,87.62376237623762
13,0,4,91.3861386138614
13,0,4,94.35643564356435
14,0,4,91.18811881188118
15,0,4,86.43564356435644
15,0,4,79.4059405940594
16,0,4,72.07920792079207
16,0,4,68.31683168316832
7,1,4,64.25742574257426
8,1,4,25.247524752475247
8,1,4,26.73267326732673
9,1,4,29.00990099009901
9,1,4,33.16831683168317
10,1,4,43.56435643564357
11,1,4,57.722772277227726
11,1,4,66.33663366336634
11,1,4,79.60396039603961
12,1,4,84.85148514851485
13,1,4,85.34653465346534
13,1,4,89.4059405940594
14,1,4,89.60396039603961
14,1,4,87.02970297029702
15,1,4,83.06930693069307
15,1,4,74.85148514851485
16,1,4,69.4059405940594
16,1,4,62.87128712871287
8,2,4,59.9009900990099
8,2,4,23.861386138613863
9,2,4,25.940594059405942
9,2,4,28.613861386138613
10,2,4,35.04950495049505
10,2,4,44.257425742574256
11,2,4,55.54455445544554
11,2,4,66.13861386138613
12,2,4,75.24752475247524
12,2,4,81.2871287128713
13,2,4,88.51485148514851
13,2,4,90.6930693069307
14,2,4,91.5841584158416
14,2,4,89.3069306930693
15,2,4,85.84158415841584
15,2,4,75.64356435643565
16,2,4,70.1980198019802
16,2,4,67.82178217821782
8,3,4,61.28712871287129
8,3,4,5.148514851485149
9,3,4,7.425742574257426
9,3,4,8.811881188118813
10,3,4,14.05940594059406
10,3,4,26.534653465346533
11,3,4,37.52475247524752
11,3,4,50.1980198019802
12,3,4,57.12871287128713
12,3,4,64.55445544554455
13,3,4,69.3069306930693
13,3,4,74.25742574257426
14,3,4,75.24752475247524
14,3,4,74.45544554455445
15,3,4,67.92079207920793
15,3,4,56.336633663366335
16,3,4,51.18811881188119
16,3,4,44.05940594059406
8,4,4,41.68316831683168
8,4,4,4.653465346534653
9,4,4,6.732673267326732
9,4,4,11.287128712871286
10,4,4,16.03960396039604
10,4,4,28.514851485148515
11,4,4,40.3960396039604
11,4,4,54.85148514851485
12,4,4,64.55445544554455
12,4,4,73.36633663366337
13,4,4,77.52475247524752
13,4,4,83.16831683168317
14,4,4,84.85148514851485
14,4,4,82.97029702970298
15,4,4,80.5940594059406
15,4,4,73.46534653465346
16,4,4,61.78217821782178
16,4,4,58.31683168316832
8,5,4,53.66336633663367
8,5,4,3.5643564356435644
9,5,4,5.445544554455446
9,5,4,15.148514851485148
10,5,4,30.89108910891089
10,5,4,49.6039603960396
11,5,4,64.65346534653466
11,5,4,85.74257425742574
12,5,4,100.0
13,5,4,99.9009900990099
14,5,4,100.0
15,5,4,99.9009900990099
15,5,4,99.8019801980198
16,5,4,100.0
8,6,4,97.72277227722772
8,6,4,2.376237623762376
9,6,4,2.376237623762376
9,6,4,2.5742574257425743
10,6,4,4.257425742574258
10,6,4,8.910891089108912
11,6,4,20.99009900990099
11,6,4,41.881188118811885
12,6,4,64.85148514851485
13,6,4,89.3069306930693
14,6,4,99.9009900990099
14,6,4,99.9009900990099
15,6,4,99.3069306930693
15,6,4,97.12871287128714
16,6,4,91.88118811881188
16,6,4,80.6930693069307
8,0,4,66.23762376237623
8,0,4,6.138613861386139
9,0,4,7.524752475247524
9,0,4,8.613861386138614
10,0,4,13.762376237623762
10,0,4,24.752475247524757
11,0,4,36.13861386138614
11,0,4,51.78217821782178
12,0,4,59.7029702970297
12,0,4,67.82178217821782
13,0,4,69.60396039603961
13,0,4,74.55445544554455
14,0,4,76.23762376237623
14,0,4,72.47524752475248
15,0,4,70.0
15,0,4,63.06930693069307
16,0,4,56.336633663366335
16,0,4,51.68316831683168
7,1,4,47.92079207920792
8,1,4,4.356435643564357
8,1,4,6.336633663366337
9,1,4,8.514851485148515
9,1,4,15.247524752475249
10,1,4,21.88118811881188
11,1,4,34.45544554455446
11,1,4,46.336633663366335
11,1,4,54.35643564356435
12,1,4,58.01980198019802
12,1,4,62.67326732673267
13,1,4,61.881188118811885
14,1,4,64.45544554455445
14,1,4,62.87128712871287
15,1,4,58.81188118811881
15,1,4,51.58415841584159
15,1,4,44.35643564356435
16,1,4,39.7029702970297
8,2,4,34.45544554455446
8,2,4,6.03960396039604
9,2,4,7.524752475247524
9,2,4,10.198019801980198
10,2,4,15.346534653465346
10,2,4,27.524752475247524
11,2,4,41.98019801980198
11,2,4,51.38613861386138
12,2,4,59.6039603960396
12,2,4,66.33663366336634
13,2,4,68.31683168316832
13,2,4,72.87128712871286
14,2,4,74.85148514851485
14,2,4,74.75247524752476
15,2,4,65.94059405940594
15,2,4,57.82178217821782
16,2,4,51.58415841584159
16,2,4,47.92079207920792
8,3,4,43.46534653465346
8,3,4,5.742574257425742
9,3,4,7.227722772277228
9,3,4,9.702970297029704
9,3,4,15.346534653465346
10,3,4,26.534653465346533
11,3,4,40.495049504950494
11,3,4,54.257425742574256
12,3,4,65.54455445544555
12,3,4,72.97029702970298
13,3,4,79.60396039603961
13,3,4,85.84158415841584
14,3,4,85.44554455445545
14,3,4,78.41584158415841
14,3,4,71.18811881188118
15,3,4,64.05940594059406
15,3,4,57.12871287128713
16,3,4,51.78217821782178
8,4,4,47.82178217821782
8,4,4,5.544554455445544
9,4,4,7.02970297029703
10,4,4,16.435643564356436
10,4,4,33.366336633663366
11,4,4,50.59405940594059
11,4,4,65.34653465346534
12,4,4,79.9009900990099
12,4,4,86.43564356435644
13,4,4,90.89108910891088
13,4,4,95.34653465346534
14,4,4,95.64356435643565
14,4,4,95.34653465346534
15,4,4,90.1980198019802
15,4,4,81.38613861386139
16,4,4,75.24752475247524
16,4,4,67.32673267326733
7,5,4,62.17821782178218
8,5,4,3.5643564356435644
8,5,4,6.03960396039604
9,5,4,12.871287128712872
10,5,4,32.47524752475248
10,5,4,56.23762376237624
10,5,4,75.34653465346534
12,5,4,91.08910891089108
13,5,4,100.0
14,5,4,99.9009900990099
15,5,4,99.9009900990099
16,5,4,99.9009900990099
16,5,4,99.9009900990099
8,6,4,100.0
8,6,4,2.9702970297029703
9,6,4,3.0693069306930694
9,6,4,3.4653465346534653
10,6,4,4.257425742574258
10,6,4,10.0
11,6,4,21.584158415841586
11,6,4,50.0990099009901
12,6,4,76.83168316831683
12,6,4,99.9009900990099
13,6,4,99.8019801980198
13,6,4,99.8019801980198
14,6,4,99.9009900990099
14,6,4,100.0
15,6,4,99.8019801980198
15,6,4,99.9009900990099
16,6,4,99.6039603960396
16,6,4,89.60396039603961
8,0,4,76.43564356435644
8,0,4,3.663366336633664
9,0,4,4.554455445544554
9,0,4,6.831683168316832
10,0,4,11.88118811881188
10,0,4,23.861386138613863
11,0,4,37.52475247524752
11,0,4,55.04950495049505
11,0,4,71.68316831683168
12,0,4,80.0990099009901
12,0,4,84.45544554455445
13,0,4,86.03960396039604
14,0,4,83.36633663366337
14,0,4,79.70297029702971
14,0,4,73.56435643564356
15,0,4,65.54455445544555
15,0,4,56.336633663366335
16,0,4,48.613861386138616
7,1,4,37.42574257425743
8,1,4,0.0
9,1,4,0.0
9,1,4,2.9702970297029703
10,1,4,5.9405940594059405
10,1,4,15.742574257425742
11,1,4,26.73267326732673
11,1,4,37.62376237623762
12,1,4,46.03960396039604
12,1,4,54.45544554455446
12,1,4,55.742574257425744
13,1,4,57.02970297029703
13,1,4,54.65346534653465
14,1,4,50.89108910891089
14,1,4,44.45544554455446
15,1,4,35.54455445544554
15,1,4,30.0
16,1,4,27.128712871287128
8,2,4,23.76237623762376
8,2,4,0.0
8,2,4,0.0
9,2,4,0.0
10,2,4,3.762376237623762
10,2,4,17.326732673267326
11,2,4,28.41584158415841
11,2,4,46.43564356435643
11,2,4,57.62376237623762
12,2,4,66.03960396039604
13,2,4,70.29702970297029
13,2,4,74.35643564356435
13,2,4,73.26732673267327
14,2,4,70.79207920792079
15,2,4,62.37623762376238
15,2,4,50.3960396039604
16,2,4,39.9009900990099
16,2,4,30.1980198019802
8,3,4,23.861386138613863
8,3,4,4.752475247524752
9,3,4,6.237623762376238
9,3,4,8.811881188118813
10,3,4,18.613861386138613
10,3,4,30.099009900990097
11,3,4,48.31683168316832
11,3,4,67.42574257425743
12,3,4,77.42574257425743
12,3,4,87.22772277227723
13,3,4,93.06930693069307
13,3,4,94.35643564356435
13,3,4,93.56435643564356
14,3,4,92.37623762376238
14,3,4,82.57425742574257
15,3,4,73.26732673267327
15,3,4,62.17821782178218
16,3,4,55.24752475247525
8,4,4,51.38613861386138
9,4,4,9.108910891089108
9,4,4,18.712871287128717
10,4,4,33.366336633663366
10,4,4,57.02970297029703
11,4,4,79.5049504950495
11,4,4,100.0
12,4,4,99.9009900990099
14,4,4,100.0
14,4,4,99.9009900990099
15,4,4,95.74257425742574
15,4,4,92.47524752475248
16,4,4,86.33663366336634
16,4,4,79.9009900990099
8,5,4,77.32673267326733
8,5,4,4.356435643564357
9,5,4,7.623762376237623
9,5,4,19.702970297029704
10,5,4,46.03960396039604
10,5,4,64.65346534653466
11,5,4,84.85148514851485
12,5,4,96.83168316831684
13,5,4,99.8019801980198
13,5,4,100.0
14,5,4,100.0
15,5,4,99.6039603960396
15,5,4,100.0
16,5,4,99.8019801980198
16,5,4,100.0
7,6,4,99.009900990099
8,6,4,4.158415841584159
9,6,4,4.653465346534653
9,6,4,5.148514851485149
10,6,4,7.326732673267327
10,6,4,14.455445544554456
11,6,4,33.56435643564357
11,6,4,66.03960396039604
12,6,4,98.21782178217822
13,6,4,100.0
13,6,4,99.9009900990099
14,6,4,100.0
14,6,4,99.9009900990099
15,6,4,99.9009900990099
16,6,4,100.0
16,6,4,98.11881188118812
8,0,4,83.16831683168317
8,0,4,3.4653465346534653
9,0,4,4.554455445544554
9,0,4,6.435643564356436
10,0,4,13.168316831683168
10,0,4,29.702970297029704
11,0,4,49.801980198019805
11,0,4,67.92079207920793
12,0,4,86.13861386138613
14,0,4,94.75247524752476
14,0,4,96.23762376237624
15,0,4,87.52475247524752
15,0,4,80.0990099009901
16,0,4,66.43564356435644
16,0,4,61.48514851485149
7,1,4,57.12871287128713
8,1,4,6.831683168316832
9,1,4,9.801980198019802
9,1,4,13.168316831683168
10,1,4,19.306930693069308
10,1,4,33.960396039603964
11,1,4,50.2970297029703
11,1,4,66.03960396039604
11,1,4,78.61386138613861
12,1,4,85.04950495049505
13,1,4,91.48514851485147
13,1,4,92.07920792079209
14,1,4,93.56435643564356
14,1,4,96.73267326732672
14,1,4,89.4059405940594
15,1,4,78.31683168316832
16,1,4,68.7128712871287
16,1,4,64.35643564356435
8,2,4,58.21782178217822
8,2,4,8.415841584158416
9,2,4,9.702970297029704
9,2,4,12.376237623762377
10,2,4,19.900990099009903
10,2,4,34.05940594059406
10,2,4,49.801980198019805
11,2,4,62.772277227722775
12,2,4,78.21782178217822
12,2,4,87.32673267326733
13,2,4,95.54455445544556
13,2,4,99.3069306930693
14,2,4,99.8019801980198
14,2,4,95.14851485148516
15,2,4,88.81188118811882
15,2,4,79.9009900990099
16,2,4,71.2871287128713
16,2,4,66.63366336633663
8,3,4,63.06930693069307
8,3,4,4.851485148514851
8,3,4,5.544554455445544
9,3,4,8.316831683168317
9,3,4,13.762376237623762
10,3,4,28.11881188118812
10,3,4,47.227722772277225
11,3,4,66.03960396039604
11,3,4,78.21782178217822
12,3,4,83.66336633663366
12,3,4,89.3069306930693
13,3,4,94.25742574257426
13,3,4,96.33663366336634
14,3,4,94.05940594059406
14,3,4,86.03960396039604
15,3,4,77.62376237623762
15,3,4,70.0990099009901
16,3,4,60.1980198019802
7,4,4,55.34653465346535
8,4,4,6.138613861386139
9,4,4,8.01980198019802
9,4,4,12.376237623762377
10,4,4,22.871287128712872
10,4,4,44.55445544554456
11,4,4,63.96039603960397
11,4,4,82.67326732673267
12,4,4,96.33663366336634
13,4,4,100.0
14,4,4,98.51485148514853
14,4,4,94.75247524752476
15,4,4,86.73267326732673
15,4,4,75.54455445544555
16,4,4,68.11881188118812
8,0,4,61.78217821782178
8,0,4,4.950495049504951
9,0,4,6.534653465346534
9,0,4,8.811881188118813
10,0,4,15.346534653465346
10,0,4,35.84158415841584
11,0,4,56.43564356435643
11,0,4,79.20792079207921
12,0,4,96.53465346534654
13,0,4,100.0
13,0,4,99.9009900990099
14,0,4,99.9009900990099
14,0,4,97.92079207920791
15,0,4,92.57425742574256
15,0,4,82.47524752475248
16,0,4,75.34653465346534
16,0,4,64.05940594059406
7,1,4,59.7029702970297
8,1,4,4.851485148514851
8,1,4,6.534653465346534
9,1,4,8.316831683168317
10,1,4,15.247524752475249
10,1,4,29.603960396039604
11,1,4,46.03960396039604
11,1,4,64.15841584158416
11,1,4,74.55445544554455
12,1,4,82.77227722772277
12,1,4,93.46534653465346
13,1,4,94.75247524752476
14,1,4,94.55445544554456
14,1,4,89.70297029702971
15,1,4,82.07920792079207
15,1,4,70.99009900990099
16,1,4,64.95049504950495
16,1,4,58.51485148514851
7,2,4,55.04950495049505
8,2,4,4.752475247524752
8,2,4,6.03960396039604
9,2,4,8.811881188118813
9,2,4,15.544554455445544
10,2,4,29.900990099009903
10,2,4,46.83168316831683
11,2,4,67.12871287128714
11,2,4,77.92079207920793
12,2,4,88.21782178217822
12,2,4,95.64356435643565
13,2,4,99.9009900990099
13,2,4,98.01980198019804
14,2,4,93.96039603960396
14,2,4,90.0
15,2,4,80.79207920792079
15,2,4,73.66336633663366
16,2,4,65.14851485148515
7,3,4,58.71287128712871
8,3,4,5.148514851485149
8,3,4,6.930693069306931
9,3,4,10.297029702970296
9,3,4,16.435643564356436
10,3,4,31.18811881188119
10,3,4,56.13861386138614
11,3,4,73.26732673267327
11,3,4,90.5940594059406
12,3,4,97.72277227722772
13,3,4,99.9009900990099
14,3,4,99.5049504950495
14,3,4,94.95049504950497
15,3,4,83.66336633663366
15,3,4,76.83168316831683
16,3,4,71.08910891089108
8,4,4,64.25742574257426
8,4,4,6.237623762376238
8,4,4,8.01980198019802
9,4,4,11.88118811881188
9,4,4,23.465346534653467
10,4,4,38.11881188118812
10,4,4,58.81188118811881
11,4,4,73.86138613861387
11,4,4,88.21782178217822
12,4,4,99.4059405940594
13,4,4,100.0
14,4,4,99.4059405940594
14,4,4,94.65346534653466
14,4,4,92.27722772277228
15,4,4,85.24752475247524
16,4,4,77.02970297029702
16,4,4,69.8019801980198
7,5,4,61.18811881188119
8,5,4,5.346534653465347
9,5,4,10.693069306930694
9,5,4,26.33663366336633
9,5,4,49.6039603960396
10,5,4,70.5940594059406
12,5,4,90.0
13,5,4,99.10891089108912
13,5,4,99.9009900990099
14,5,4,99.2079207920792
15,5,4,99.8019801980198
15,5,4,99.8019801980198
16,5,4,99.8019801980198
8,6,4,97.52475247524752
8,6,4,1.98019801980198
9,6,4,2.6732673267326734
9,6,4,4.950495049504951
10,6,4,12.07920792079208
10,6,4,30.89108910891089
11,6,4,66.63366336633663
13,6,4,96.53465346534654
14,6,4,100.0
14,6,4,99.9009900990099
15,6,4,99.8019801980198
15,6,4,100.0
16,6,4,93.26732673267328
8,0,4,86.83168316831683
8,0,4,5.148514851485149
9,0,4,6.633663366336633
9,0,4,8.712871287128714
10,0,4,16.831683168316832
10,0,4,36.93069306930693
11,0,4,59.9009900990099
11,0,4,83.46534653465346
11,0,4,98.21782178217822
13,0,4,100.0
14,0,4,100.0
14,0,4,95.74257425742574
15,0,4,89.3069306930693
15,0,4,78.41584158415841
16,0,4,69.10891089108911
7,1,5,0.0
8,1,5,6.61641541038526
8,1,5,7.956448911222781
9,1,5,11.892797319933
9,1,5,14.824120603015077
10,1,5,19.34673366834171
10,1,5,24.371859296482413
11,1,5,31.490787269681743
12,1,5,36.26465661641541
13,1,5,45.47738693467337
13,1,5,50.083752093802346
14,1,5,50.0
14,1,5,49.664991624790616
14,1,5,46.314907872696814
15,1,5,43.21608040201005
16,1,5,40.787269681742046
16,1,5,37.10217755443886
8,2,5,34.25460636515913
8,2,5,7.370184254606365
9,2,5,8.793969849246231
9,2,5,12.479061976549414
10,2,5,14.57286432160804
10,2,5,20.85427135678392
11,2,5,26.716917922948078
11,2,5,32.74706867671692
12,2,5,37.018425460636514
12,2,5,42.3785594639866
13,2,5,46.06365159128978
13,2,5,48.49246231155779
14,2,5,48.07370184254607
14,2,5,48.40871021775544
15,2,5,46.81742043551089
15,2,5,45.56113902847572
15,2,5,43.802345058626464
16,2,5,41.45728643216081
7,3,5,38.777219430485765
8,3,5,6.700167504187605
9,3,5,9.547738693467336
9,3,5,12.22780569514238
9,3,5,16.08040201005025
10,3,5,20.603015075376884
11,3,5,26.633165829145728
11,3,5,31.825795644891123
11,3,5,35.678391959798994
12,3,5,41.62479061976549
13,3,5,46.56616415410385
13,3,5,49.16247906197655
13,3,5,50.41876046901172
14,3,5,50.083752093802346
15,3,5,50.67001675041876
15,3,5,48.82747068676717
16,3,5,45.47738693467337
16,3,5,45.30988274706868
8,4,5,42.96482412060301
8,4,5,6.28140703517588
9,4,5,8.793969849246231
9,4,5,11.474036850921271
10,4,5,15.661641541038524
10,4,5,23.618090452261303
11,4,5,28.726968174204355
11,4,5,33.41708542713568
12,4,5,37.68844221105528
12,4,5,44.13735343383585
13,4,5,46.6499162479062
13,4,5,49.664991624790616
14,4,5,50.16750418760469
14,4,5,50.0
15,4,5,47.571189279732
15,4,5,46.81742043551089
16,4,5,44.38860971524288
16,4,5,42.62981574539364
8,5,5,40.87102177554439
8,5,5,4.355108877721943
9,5,5,4.941373534338358
9,5,5,7.370184254606365
10,5,5,10.217755443886098
10,5,5,16.582914572864322
11,5,5,24.036850921273032
11,5,5,33.24958123953099
12,5,5,41.79229480737018
12,5,5,54.69011725293132
13,5,5,66.83417085427136
13,5,5,82.1608040201005
14,5,5,92.04355108877722
14,5,5,95.47738693467336
15,5,5,98.4924623115578
15,5,5,99.83249581239532
16,5,5,98.65996649916248
16,5,5,93.46733668341707
8,6,5,86.18090452261306
8,6,5,6.030150753768845
9,6,5,7.45393634840871
9,6,5,12.981574539363484
10,6,5,13.819095477386934
10,6,5,18.84422110552764
11,6,5,21.1892797319933
11,6,5,24.288107202680067
12,6,5,27.05192629815745
12,6,5,31.742043551088777
13,6,5,39.949748743718594
13,6,5,49.74874371859296
14,6,5,56.53266331658291
14,6,5,64.99162479061977
15,6,5,67.8391959798995
15,6,5,69.26298157453937
15,6,5,64.07035175879398
16,6,5,56.28140703517588
8,0,5,45.64489112227805
8,0,5,5.527638190954774
9,0,5,7.45393634840871
9,0,5,10.385259631490788
10,0,5,12.144053601340032
10,0,5,17.67169179229481
11,0,5,23.366834170854272
11,0,5,30.402010050251256
12,0,5,36.85092127303182
12,0,5,41.28978224455612
12,0,5,44.472361809045225
13,0,5,46.314907872696814
14,0,5,47.82244556113903
14,0,5,47.4036850921273
14,0,5,46.48241206030151
15,0,5,43.88609715242881
15,0,5,39.27973199329983
16,0,5,37.68844221105528
8,1,5,34.33835845896147
8,1,5,6.867671691792295
9,1,5,8.793969849246231
9,1,5,12.646566164154104
10,1,5,15.159128978224455
10,1,5,21.608040201005025
11,1,5,26.46566164154104
11,1,5,35.92964824120603
12,1,5,42.12730318257957
12,1,5,48.743718592964825
13,1,5,52.17755443886097
13,1,5,54.355108877721946
13,1,5,54.52261306532663
14,1,5,54.2713567839196
15,1,5,49.83249581239531
15,1,5,46.81742043551089
15,1,5,43.46733668341709
16,1,5,40.117252931323286
8,2,5,35.5108877721943
8,2,5,6.61641541038526
8,2,5,7.537688442211055
9,2,5,9.715242881072026
9,2,5,14.74036850921273
10,2,5,19.43048576214405
10,2,5,24.20435510887772
11,2,5,31.155778894472363
11,2,5,35.92964824120603
12,2,5,42.88107202680067
12,2,5,45.812395309882746
13,2,5,48.65996649916248
13,2,5,49.32998324958124
14,2,5,48.49246231155779
14,2,5,47.48743718592965
15,2,5,45.47738693467337
15,2,5,44.221105527638194
16,2,5,41.62479061976549
7,5,5,37.68844221105528
8,5,5,5.9463986599665
8,5,5,6.197654941373535
9,5,5,7.705192629815746
9,5,5,11.474036850921271
10,5,5,17.42043551088777
10,5,5,25.293132328308207
11,5,5,36.26465661641541
11,5,5,46.733668341708544
12,5,5,55.527638190954775
12,5,5,69.59798994974874
13,5,5,81.07202680067002
13,5,5,93.55108877721943
14,5,5,99.32998324958125
15,5,5,100.0
15,5,5,99.2462311557789
16,5,5,92.3785594639866
7,6,5,83.16582914572864
8,6,5,5.192629815745394
8,6,5,5.778894472361809
9,6,5,6.700167504187605
9,6,5,7.6214405360134
10,6,5,10.636515912897822
10,6,5,15.57788944723618
11,6,5,27.386934673366834
11,6,5,42.462311557788944
12,6,5,57.370184254606365
13,6,5,65.2428810720268
13,6,5,80.82077051926298
13,6,5,85.84589614740368
14,6,5,91.28978224455612
14,6,5,92.5460636515913
15,6,5,89.53098827470687
15,6,5,84.5896147403685
16,6,5,70.60301507537689
7,0,5,55.86264656616415
8,0,5,6.700167504187605
9,0,5,9.296482412060302
9,0,5,12.814070351758794
9,0,5,15.494137353433835
10,0,5,19.849246231155774
11,0,5,25.293132328308207
11,0,5,32.99832495812395
12,0,5,39.69849246231156
12,0,5,48.40871021775544
12,0,5,54.355108877721946
13,0,5,59.04522613065327
13,0,5,63.31658291457286
14,0,5,65.07537688442211
14,0,5,66.41541038525963
15,0,5,65.4103852596315
16,0,5,59.04522613065327
16,0,5,52.68006700167504
8,1,5,47.06867671691792
8,1,5,6.28140703517588
9,1,5,8.375209380234505
9,1,5,12.981574539363484
9,1,5,14.656616415410385
10,1,5,20.68676716917923
10,1,5,26.38190954773869
11,1,5,32.07705192629816
12,1,5,43.1323283082077
12,1,5,49.664991624790616
13,1,5,55.778894472361806
13,1,5,60.9715242881072
13,1,5,64.74036850921273
14,1,5,66.83417085427136
15,1,5,65.2428810720268
15,1,5,65.32663316582915
15,1,5,59.79899497487437
16,1,5,53.93634840871022
7,2,5,49.0787269681742
8,2,5,6.44891122278057
8,2,5,8.793969849246231
9,2,5,11.474036850921271
9,2,5,14.57286432160804
10,2,5,21.69179229480737
10,2,5,27.63819095477387
11,2,5,36.34840871021776
11,2,5,44.97487437185929
12,2,5,52.76381909547739
12,2,5,58.37520938023451
13,2,5,65.4103852596315
13,2,5,68.5929648241206
14,2,5,68.25795644891122
14,2,5,67.58793969849246
15,2,5,65.07537688442211
15,2,5,61.80904522613066
16,2,5,54.69011725293132
7,3,5,47.73869346733668
8,3,5,7.202680067001675
8,3,5,9.212730318257956
9,3,5,12.39530988274707
9,3,5,15.410385259631491
10,3,5,20.01675041876047
10,3,5,25.963149078726968
11,3,5,34.7571189279732
11,3,5,42.21105527638191
12,3,5,49.83249581239531
12,3,5,56.61641541038526
13,3,5,65.15912897822446
13,3,5,70.01675041876047
14,3,5,71.60804020100502
14,3,5,70.77051926298158
15,3,5,70.35175879396985
15,3,5,65.9966499162479
16,3,5,59.46398659966499
8,4,5,52.596314907872696
8,4,5,7.537688442211055
9,4,5,11.306532663316585
10,4,5,15.326633165829143
10,4,5,23.03182579564489
10,4,5,30.73701842546064
11,4,5,37.43718592964824
12,4,5,47.571189279732
12,4,5,58.29145728643216
13,4,5,67.42043551088777
13,4,5,75.37688442211055
14,4,5,76.96817420435511
14,4,5,80.82077051926298
15,4,5,82.32830820770519
15,4,5,77.63819095477388
16,4,5,74.37185929648241
16,4,5,67.25293132328308
7,5,5,62.22780569514238
8,5,5,3.4338358458961475
8,5,5,4.187604690117253
9,5,5,7.11892797319933
9,5,5,11.976549413735343
10,5,5,21.273031825795645
10,5,5,28.726968174204355
11,5,5,36.26465661641541
12,5,5,46.314907872696814
12,5,5,65.07537688442211
12,5,5,72.78056951423785
13,5,5,85.84589614740368
13,5,5,94.8073701842546
14,5,5,99.91624790619764
14,5,5,100.0
15,5,5,100.0
16,5,5,95.7286432160804
7,6,5,85.678391959799
8,6,5,4.606365159128978
8,6,5,4.857621440536013
9,6,5,6.867671691792295
9,6,5,8.542713567839195
10,6,5,12.06030150753769
10,6,5,18.34170854271357
11,6,5,31.23953098827471
11,6,5,42.21105527638191
12,6,5,55.108877721943045
13,6,5,61.80904522613066
13,6,5,73.95309882747068
13,6,5,76.96817420435511
14,6,5,78.8107202680067
15,6,5,77.97319932998325
15,6,5,74.37185929648241
8,0,5,65.91289782244556
8,0,5,6.365159128978225
9,0,5,8.710217755443885
9,0,5,12.39530988274707
10,0,5,15.2428810720268
10,0,5,20.51926298157454
11,0,5,24.5393634840871
11,0,5,30.402010050251256
12,0,5,35.76214405360134
12,0,5,42.3785594639866
13,0,5,45.47738693467337
13,0,5,48.15745393634841
13,0,5,47.571189279732
14,0,5,47.98994974874372
15,0,5,46.56616415410385
15,0,5,41.95979899497488
16,0,5,38.94472361809045
16,0,5,36.34840871021776
8,1,5,35.25963149078727
8,1,5,7.202680067001675
9,1,5,8.542713567839195
9,1,5,12.22780569514238
10,1,5,15.326633165829143
10,1,5,21.943048576214405
11,1,5,27.889447236180903
11,1,5,35.175879396984925
12,1,5,38.107202680067005
12,1,5,45.39363484087102
13,1,5,47.82244556113903
13,1,5,49.41373534338359
14,1,5,50.16750418760469
14,1,5,50.0
15,1,5,48.49246231155779
15,1,5,44.38860971524288
16,1,5,40.28475711892797
16,1,5,37.018425460636514
7,2,5,34.33835845896147
8,2,5,6.532663316582915
8,2,5,7.872696817420436
9,2,5,10.134003350083752
9,2,5,14.489112227805697
10,2,5,20.18425460636516
10,2,5,26.716917922948078
11,2,5,30.150753768844226
11,2,5,37.185929648241206
12,2,5,42.96482412060301
13,2,5,45.89614740368509
13,2,5,48.07370184254607
14,2,5,47.98994974874372
14,2,5,47.23618090452261
14,2,5,46.984924623115575
15,2,5,45.7286432160804
16,2,5,41.95979899497488
16,2,5,37.85594639865997
8,3,5,35.76214405360134
8,3,5,6.532663316582915
9,3,5,8.626465661641541
9,3,5,12.39530988274707
10,3,5,15.745393634840871
10,3,5,24.036850921273032
11,3,5,29.061976549413732
11,3,5,35.845896147403685
12,3,5,41.37353433835846
12,3,5,45.64489112227805
12,3,5,49.83249581239531
13,3,5,52.51256281407035
13,3,5,52.68006700167504
14,3,5,53.015075376884425
15,3,5,51.84254606365159
15,3,5,47.31993299832496
16,3,5,45.7286432160804
16,3,5,40.87102177554439
8,4,5,38.8609715242881
8,4,5,5.778894472361809
8,4,5,6.867671691792295
9,4,5,10.050251256281408
10,4,5,15.57788944723618
10,4,5,22.110552763819097
11,4,5,26.96817420435511
11,4,5,33.91959798994975
12,4,5,39.19597989949749
12,4,5,43.96984924623116
13,4,5,49.49748743718593
13,4,5,50.0
13,4,5,52.34505862646567
14,4,5,53.68509212730319
15,4,5,51.50753768844221
15,4,5,48.15745393634841
16,4,5,44.63986599664992
16,4,5,40.87102177554439
8,5,5,38.44221105527638
8,5,5,2.0938023450586263
8,5,5,2.1775544388609718
9,5,5,4.271356783919598
9,5,5,9.966499162479062
10,5,5,17.75544388609715
10,5,5,28.39195979899497
11,5,5,38.60971524288107
12,5,5,47.31993299832496
12,5,5,64.23785594639865
13,5,5,73.70184254606365
13,5,5,84.0033500837521
13,5,5,91.28978224455612
14,5,5,95.89614740368508
15,5,5,95.7286432160804
15,5,5,99.49748743718592
16,5,5,97.82244556113903
16,5,5,89.11222780569514
8,6,5,80.90452261306532
8,6,5,3.5175879396984926
9,6,5,3.852596314907873
9,6,5,4.773869346733668
10,6,5,6.11390284757119
10,6,5,9.045226130653266
10,6,5,14.489112227805697
11,6,5,28.14070351758794
11,6,5,42.62981574539364
12,6,5,57.45393634840871
13,6,5,69.26298157453937
13,6,5,83.58458961474037
13,6,5,88.2747068676717
14,6,5,94.55611390284756
15,6,5,93.2998324958124
15,6,5,90.28475711892796
15,6,5,82.83082077051927
16,6,5,67.75544388609715
8,0,5,53.60134003350084
8,0,5,7.872696817420436
8,0,5,9.798994974874372
9,0,5,13.40033500837521
9,0,5,15.996649916247906
10,0,5,21.273031825795645
10,0,5,28.97822445561139
11,0,5,34.67336683417086
11,0,5,39.447236180904525
12,0,5,46.14740368509213
12,0,5,49.32998324958124
13,0,5,51.50753768844221
13,0,5,50.75376884422111
14,0,5,51.08877721943048
15,0,5,48.324958123953095
15,0,5,44.55611390284757
16,0,5,42.21105527638191
16,0,5,39.86599664991625
7,1,5,35.59463986599665
8,1,5,6.78391959798995
8,1,5,7.788944723618091
9,1,5,11.474036850921271
9,1,5,14.489112227805697
10,1,5,19.597989949748744
11,1,5,27.72194304857621
11,1,5,34.33835845896147
11,1,5,43.2998324958124
12,1,5,46.81742043551089
13,1,5,48.994974874371856
13,1,5,50.83752093802345
14,1,5,52.51256281407035
14,1,5,52.34505862646567
15,1,5,49.32998324958124
15,1,5,45.14237855946399
16,1,5,42.462311557788944
16,1,5,38.69346733668342
8,2,5,35.175879396984925
8,2,5,10.050251256281408
9,2,5,11.139028475711893
9,2,5,14.23785594639866
10,2,5,18.00670016750419
10,2,5,24.20435510887772
11,2,5,29.061976549413732
11,2,5,36.01340033500838
12,2,5,40.28475711892797
12,2,5,47.654941373534335
13,2,5,49.0787269681742
13,2,5,52.51256281407035
14,2,5,53.015075376884425
14,2,5,53.768844221105525
15,2,5,51.50753768844221
15,2,5,48.07370184254607
16,2,5,46.56616415410385
16,2,5,44.472361809045225
8,3,5,41.62479061976549
8,3,5,6.867671691792295
9,3,5,9.296482412060302
9,3,5,11.22278056951424
10,3,5,14.90787269681742
10,3,5,22.02680067001675
11,3,5,27.554438860971523
11,3,5,34.67336683417086
12,3,5,40.36850921273032
12,3,5,47.82244556113903
13,3,5,52.09380234505863
13,3,5,55.61139028475712
14,3,5,56.78391959798995
14,3,5,56.867671691792296
15,3,5,54.69011725293132
15,3,5,50.41876046901172
16,3,5,47.31993299832496
16,3,5,43.21608040201005
8,4,5,40.03350083752094
8,4,5,6.532663316582915
9,4,5,8.458961474036851
9,4,5,11.22278056951424
10,4,5,14.991624790619763
10,4,5,21.69179229480737
11,4,5,28.726968174204355
11,4,5,36.4321608040201
12,4,5,42.54606365159129
12,4,5,48.82747068676717
13,4,5,51.59128978224456
13,4,5,54.2713567839196
14,4,5,56.78391959798995
14,4,5,56.03015075376885
15,4,5,55.36013400335008
15,4,5,51.59128978224456
16,4,5,48.994974874371856
16,4,5,46.984924623115575
8,5,5,42.79731993299833
8,5,5,4.355108877721943
9,5,5,5.025125628140704
9,5,5,7.370184254606365
10,5,5,13.90284757118928
10,5,5,24.45561139028476
11,5,5,32.99832495812395
11,5,5,43.2998324958124
12,5,5,55.02512562814071
12,5,5,67.42043551088777
13,5,5,79.48073701842546
13,5,5,92.12730318257957
14,5,5,98.1574539363484
15,5,5,99.83249581239532
15,5,5,99.91624790619764
16,5,5,98.24120603015076
16,5,5,93.71859296482413
8,6,5,84.08710217755444
8,6,5,4.606365159128978
9,6,5,4.690117252931323
9,6,5,6.197654941373535
10,6,5,8.12395309882747
10,6,5,10.971524288107204
11,6,5,19.597989949748744
11,6,5,32.57956448911223
12,6,5,46.81742043551089
12,6,5,62.14405360134003
13,6,5,73.61809045226131
13,6,5,86.09715242881072
14,6,5,93.2998324958124
14,6,5,98.1574539363484
15,6,5,97.73869346733667
15,6,5,95.142378559464
16,6,5,88.02345058626466
16,6,5,74.12060301507537
8,0,5,58.37520938023451
8,0,5,5.527638190954774
9,0,5,8.12395309882747
9,0,5,10.804020100502512
10,0,5,14.23785594639866
10,0,5,21.77554438860972
11,0,5,27.1356783919598
11,0,5,33.50083752093802
12,0,5,39.61474036850921
12,0,5,45.30988274706868
13,0,5,49.74874371859296
13,0,5,50.67001675041876
14,0,5,52.01005025125628
14,0,5,51.17252931323283
15,0,5,47.654941373534335
15,0,5,46.39865996649916
16,0,5,44.0536013400335
16,0,5,40.787269681742046
7,1,5,35.34338358458962
8,1,5,6.28140703517588
8,1,5,8.793969849246231
9,1,5,11.22278056951424
9,1,5,16.331658291457288
10,1,5,21.273031825795645
11,1,5,29.48073701842546
11,1,5,36.515912897822446
11,1,5,41.54103852596315
12,1,5,47.23618090452261
12,1,5,50.83752093802345
13,1,5,53.18257956448911
14,1,5,52.596314907872696
14,1,5,50.83752093802345
15,1,5,48.743718592964825
15,1,5,46.81742043551089
15,1,5,43.2998324958124
16,1,5,41.45728643216081
8,2,5,36.09715242881072
8,2,5,6.61641541038526
9,2,5,8.626465661641541
9,2,5,12.311557788944723
10,2,5,15.494137353433835
10,2,5,22.61306532663317
11,2,5,31.57453936348409
11,2,5,38.02345058626466
12,2,5,45.39363484087102
12,2,5,51.256281407035175
13,2,5,53.43383584589615
13,2,5,54.52261306532663
14,2,5,55.36013400335008
14,2,5,55.9463986599665
15,2,5,52.428810720268
15,2,5,48.57621440536013
16,2,5,44.221105527638194
16,2,5,42.12730318257957
8,3,5,37.018425460636514
8,3,5,6.867671691792295
9,3,5,9.128978224455611
9,3,5,12.144053601340032
9,3,5,16.582914572864322
10,3,5,22.61306532663317
11,3,5,31.825795644891123
11,3,5,38.777219430485765
12,3,5,44.63986599664992
12,3,5,53.768844221105525
13,3,5,56.28140703517588
13,3,5,60.13400335008375
14,3,5,60.88777219430486
14,3,5,59.96649916247906
14,3,5,56.78391959798995
15,3,5,54.2713567839196
15,3,5,48.65996649916248
16,3,5,43.63484087102177
8,4,5,40.28475711892797
8,4,5,8.375209380234505
9,4,5,10.301507537688442
10,4,5,16.666666666666668
10,4,5,25.711892797319933
11,4,5,35.09212730318258
11,4,5,45.97989949748744
12,4,5,56.197654941373536
12,4,5,61.22278056951424
13,4,5,68.34170854271356
13,4,5,72.61306532663316
14,4,5,75.4606365159129
14,4,5,74.28810720268007
15,4,5,71.85929648241206
15,4,5,67.92294807370185
16,4,5,65.2428810720268
16,4,5,57.95644891122278
7,5,5,53.517587939698494
8,5,5,3.3500837520938025
8,5,5,4.0201005025125625
9,5,5,6.532663316582915
10,5,5,15.745393634840871
10,5,5,27.47068676716918
10,5,5,39.11222780569514
11,5,5,49.664991624790616
12,5,5,64.65661641541038
12,5,5,80.31825795644892
13,5,5,96.23115577889448
14,5,5,100.0
14,5,5,100.0
15,5,5,100.0
16,5,5,99.83249581239532
16,5,5,98.3249581239531
8,6,5,93.96984924623116
8,6,5,2.1775544388609718
9,6,5,2.345058626465661
9,6,5,4.438860971524288
10,6,5,5.778894472361809
10,6,5,12.89782244556114
11,6,5,22.278056951423785
11,6,5,43.04857621440536
12,6,5,62.06030150753769
12,6,5,82.99832495812396
14,6,5,99.83249581239532
15,6,5,99.91624790619764
15,6,5,98.57621440536012
16,6,5,93.04857621440536
16,6,5,81.74204355108878
8,0,5,70.51926298157454
8,0,5,6.700167504187605
9,0,5,8.542713567839195
9,0,5,11.55778894472362
10,0,5,14.90787269681742
10,0,5,23.03182579564489
11,0,5,32.32830820770519
11,0,5,43.2998324958124
11,0,5,50.9212730318258
12,0,5,57.87269681742043
12,0,5,62.73031825795645
13,0,5,65.32663316582915
14,0,5,66.66666666666667
14,0,5,64.48911222780569
14,0,5,61.39028475711893
15,0,5,56.28140703517588
15,0,5,50.9212730318258
16,0,5,46.733668341708544
7,1,5,40.45226130653266
8,1,5,6.532663316582915
9,1,5,8.375209380234505
9,1,5,12.144053601340032
10,1,5,16.834170854271356
10,1,5,25.376884422110557
11,1,5,33.333333333333336
11,1,5,43.1323283082077
12,1,5,50.50251256281407
12,1,5,56.7001675041876
12,1,5,60.13400335008375
13,1,5,62.73031825795645
13,1,5,61.97654941373534
14,1,5,59.96649916247906
14,1,5,57.03517587939699
15,1,5,52.34505862646567
15,1,5,48.743718592964825
16,1,5,46.314907872696814
8,2,5,43.1323283082077
8,2,5,7.872696817420436
8,2,5,9.547738693467336
9,2,5,13.5678391959799
10,2,5,18.67671691792295
10,2,5,27.05192629815745
11,2,5,35.845896147403685
11,2,5,46.6499162479062
11,2,5,53.85259631490787
12,2,5,60.80402010050251
13,2,5,65.32663316582915
13,2,5,68.17420435510888
13,2,5,70.51926298157454
14,2,5,69.01172529313233
15,2,5,62.981574539363486
15,2,5,58.040201005025125
16,2,5,53.68509212730319
16,2,5,48.324958123953095
8,3,5,45.14237855946399
8,3,5,7.202680067001675
9,3,5,9.128978224455611
9,3,5,12.981574539363484
10,3,5,18.257956448911223
10,3,5,25.20938023450586
11,3,5,34.17085427135678
11,3,5,44.72361809045226
12,3,5,52.09380234505863
12,3,5,60.469011725293136
13,3,5,67.16917922948073
13,3,5,70.77051926298158
13,3,5,73.03182579564489
14,3,5,73.95309882747068
14,3,5,70.4355108877722
15,3,5,67.8391959798995
15,3,5,62.47906197654942
16,3,5,57.95644891122278
8,4,5,51.926298157453935
9,4,5,15.829145728643216
9,4,5,23.03182579564489
10,4,5,30.4857621440536
10,4,5,44.38860971524288
11,4,5,60.30150753768845
11,4,5,75.12562814070351
12,4,5,88.77721943048576
13,4,5,100.0
14,4,5,100.0
14,4,5,99.91624790619764
15,4,5,94.55611390284756
15,4,5,91.03852596314908
16,4,5,87.43718592964824
16,4,5,82.49581239530988
8,5,5,76.63316582914572
8,5,5,9.631490787269682
9,5,5,11.22278056951424
9,5,5,16.834170854271356
10,5,5,29.229480737018424
10,5,5,42.04355108877722
11,5,5,59.380234505862646
11,5,5,70.4355108877722
12,5,5,82.74706867671692
13,5,5,96.6499162479062
14,5,5,100.0
15,5,5,99.91624790619764
16,5,5,99.74874371859296
16,5,5,100.0
8,6,5,97.73869346733667
8,6,5,7.788944723618091
9,6,5,8.375209380234505
9,6,5,9.882747068676716
10,6,5,12.646566164154104
10,6,5,20.18425460636516
11,6,5,33.91959798994975
11,6,5,54.438860971524285
12,6,5,74.87437185929649
13,6,5,94.89112227805695
15,6,5,100.0
15,6,5,100.0
16,6,5,98.40871021775544
16,6,5,87.60469011725293
8,0,5,73.28308207705193
8,0,5,9.631490787269682
9,0,5,11.22278056951424
9,0,5,15.2428810720268
10,0,5,18.34170854271357
10,0,5,25.376884422110557
11,0,5,37.52093802345058
11,0,5,47.98994974874372
12,0,5,59.79899497487437
12,0,5,68.34170854271356
13,0,5,74.03685092127303
13,0,5,78.22445561139028
14,0,5,81.57453936348409
14,0,5,80.73701842546063
15,0,5,75.96314907872697
15,0,5,70.01675041876047
16,0,5,60.30150753768845
16,0,5,56.197654941373536
7,1,5,52.76381909547739
8,1,5,8.542713567839195
9,1,5,10.971524288107204
9,1,5,14.321608040201005
10,1,5,16.24790619765494
10,1,5,20.51926298157454
11,1,5,28.47571189279732
11,1,5,41.20603015075377
11,1,5,50.75376884422111
12,1,5,56.95142378559464
13,1,5,62.73031825795645
13,1,5,65.91289782244556
14,1,5,68.09045226130654
14,1,5,67.42043551088777
14,1,5,63.31658291457286
15,1,5,59.2964824120603
16,1,5,55.527638190954775
16,1,5,51.42378559463987
8,2,5,48.65996649916248
8,2,5,11.55778894472362
9,2,5,13.23283082077052
9,2,5,16.331658291457288
10,2,5,18.76046901172529
10,2,5,27.1356783919598
10,2,5,37.018425460636514
11,2,5,45.47738693467337
12,2,5,52.93132328308208
12,2,5,61.05527638190955
13,2,5,62.8140703517588
13,2,5,67.42043551088777
14,2,5,69.76549413735343
14,2,5,71.27303182579564
15,2,5,70.18425460636516
15,2,5,66.41541038525963
16,2,5,61.39028475711893
16,2,5,59.04522613065327
8,3,5,56.03015075376885
8,3,5,7.537688442211055
8,3,5,8.793969849246231
9,3,5,11.976549413735343
9,3,5,15.2428810720268
10,3,5,23.450586264656614
10,3,5,33.50083752093802
11,3,5,46.06365159128978
11,3,5,54.857621440536015
12,3,5,61.22278056951424
12,3,5,64.99162479061977
13,3,5,71.10552763819095
13,3,5,73.03182579564489
14,3,5,73.36683417085428
14,3,5,71.52428810720268
15,3,5,65.74539363484087
15,3,5,60.38525963149079
16,3,5,54.77386934673367
7,4,5,50.50251256281407
8,4,5,8.458961474036851
9,4,5,11.22278056951424
9,4,5,15.326633165829143
10,4,5,21.440536013400337
10,4,5,32.32830820770519
11,4,5,42.79731993299833
11,4,5,56.03015075376885
12,4,5,62.981574539363486
12,4,5,72.52931323283082
12,4,5,78.9782244556114
13,4,5,86.68341708542714
13,4,5,88.94472361809045
14,4,5,90.45226130653266
14,4,5,86.51591289782245
15,4,5,81.23953098827471
15,4,5,73.28308207705193
16,4,5,67.42043551088777
8,0,5,60.9715242881072
8,0,5,6.28140703517588
9,0,5,8.291457286432161
9,0,5,12.479061976549414
10,0,5,16.164154103852596
10,0,5,23.86934673366834
11,0,5,34.505862646566165
11,0,5,49.32998324958124
11,0,5,60.38525963149079
12,0,5,68.50921273031825
13,0,5,81.74204355108878
13,0,5,88.60971524288107
14,0,5,92.71356783919596
14,0,5,92.12730318257957
15,0,5,85.84589614740368
15,0,5,77.1356783919598
16,0,5,69.59798994974874
16,0,5,60.88777219430486
7,1,5,53.43383584589615
8,1,5,7.370184254606365
8,1,5,10.050251256281408
9,1,5,12.814070351758794
10,1,5,17.67169179229481
10,1,5,23.11557788944724
11,1,5,31.32328308207705
11,1,5,45.56113902847572
11,1,5,52.84757118927973
12,1,5,59.380234505862646
12,1,5,64.99162479061977
13,1,5,68.34170854271356
14,1,5,73.28308207705193
14,1,5,71.69179229480737
15,1,5,68.34170854271356
15,1,5,62.56281407035176
16,1,5,58.12395309882747
16,1,5,55.02512562814071
7,2,5,49.58123953098828
8,2,5,6.61641541038526
8,2,5,9.212730318257956
9,2,5,11.306532663316585
9,2,5,14.824120603015077
10,2,5,22.36180904522613
10,2,5,32.07705192629816
11,2,5,46.48241206030151
11,2,5,56.7001675041876
12,2,5,63.98659966499162
12,2,5,69.09547738693468
13,2,5,74.28810720268007
13,2,5,76.63316582914572
14,2,5,77.30318257956449
14,2,5,74.37185929648241
15,2,5,68.67671691792295
15,2,5,63.5678391959799
16,2,5,59.212730318257954
7,3,5,52.84757118927973
8,3,5,6.61641541038526
8,3,5,8.710217755443885
9,3,5,11.725293132328307
9,3,5,15.494137353433835
10,3,5,23.28308207705193
10,3,5,35.845896147403685
11,3,5,47.98994974874372
11,3,5,59.79899497487437
12,3,5,65.74539363484087
12,3,5,70.93802345058627
13,3,5,75.79564489112228
13,3,5,77.21943048576215
14,3,5,77.47068676716918
14,3,5,74.7068676716918
15,3,5,68.17420435510888
15,3,5,63.90284757118928
16,3,5,58.12395309882747
8,4,5,54.69011725293132
8,4,5,7.788944723618091
8,4,5,9.798994974874372
9,4,5,12.73031825795645
9,4,5,18.42546063651591
10,4,5,27.05192629815745
10,4,5,41.20603015075377
11,4,5,52.76381909547739
11,4,5,62.47906197654942
12,4,5,68.67671691792295
13,4,5,78.22445561139028
13,4,5,85.92964824120602
14,4,5,89.94974874371859
14,4,5,88.94472361809045
14,4,5,84.50586264656616
15,4,5,80.82077051926298
16,4,5,76.13065326633166
16,4,5,66.66666666666667
7,5,5,58.96147403685092
8,5,5,5.443886097152429
9,5,5,6.365159128978225
9,5,5,14.23785594639866
9,5,5,25.963149078726968
10,5,5,37.52093802345058
11,5,5,53.85259631490787
11,5,5,67.42043551088777
12,5,5,81.49078726968175
12,5,5,94.30485762144052
12,5,5,100.0
13,5,5,99.91624790619764
15,5,5,99.91624790619764
15,5,5,99.74874371859296
16,5,5,97.15242881072028
7,6,5,94.9748743718593
8,6,5,4.522613065326633
8,6,5,4.690117252931323
9,6,5,5.778894472361809
9,6,5,7.705192629815746
10,6,5,13.651591289782244
10,6,5,25.628140703517587
11,6,5,50.0
11,6,5,69.43048576214406
14,6,5,93.04857621440536
15,6,5,99.91624790619764
15,6,5,95.97989949748744
16,6,5,86.18090452261306
8,0,5,74.5393634840871
8,0,5,7.45393634840871
9,0,5,10.217755443886098
9,0,5,13.986599664991624
10,0,5,17.75544388609715
10,0,5,28.056951423785595
11,0,5,39.447236180904525
11,0,5,51.75879396984924
11,0,5,62.6465661641541
12,0,5,71.69179229480737
12,0,5,79.22948073701842
13,0,5,83.75209380234506
14,0,5,89.86599664991624
14,0,5,88.35845896147404
14,0,5,83.33333333333333
15,0,5,77.80569514237855
15,0,5,71.1892797319933
16,0,5,64.40536013400335
7,1,6,0.0
8,1,6,7.773851590106007
8,1,6,9.069493521790342
9,1,6,11.54299175500589
9,1,6,13.42756183745583
10,1,6,17.785630153121318
10,1,6,20.61248527679623
11,1,6,24.8527679623086
12,1,6,26.85512367491166
13,1,6,31.91990577149588
13,1,6,34.04004711425206
14,1,6,33.92226148409894
14,1,6,33.686690223792695
14,1,6,32.391048292108366
15,1,6,30.742049469964662
16,1,6,27.090694935217904
16,1,6,24.499411071849234
8,2,6,22.37926972909305
8,2,6,8.00942285041225
9,2,6,9.187279151943462
9,2,6,10.71849234393404
10,2,6,13.898704358068317
10,2,6,16.96113074204947
11,2,6,21.08362779740872
11,2,6,23.439340400471146
12,2,6,23.557126030624264
12,2,6,26.972909305064785
13,2,6,26.972909305064785
13,2,6,28.85747938751472
14,2,6,27.915194346289752
14,2,6,28.38633686690224
15,2,6,27.326266195524145
15,2,6,25.08833922261484
15,2,6,22.37926972909305
16,2,6,21.31919905771496
7,3,6,18.61012956419317
8,3,6,7.773851590106007
9,3,6,8.716136631330977
9,3,6,11.189634864546523
9,3,6,14.723203769140165
10,3,6,18.138987043580684
11,3,6,21.43698468786808
11,3,6,24.02826855123675
11,3,6,26.266195524146053
12,3,6,27.326266195524145
13,3,6,28.268551236749115
13,3,6,30.742049469964662
13,3,6,30.977620730270907
14,3,6,30.50647820965842
15,3,6,29.56419316843345
15,3,6,28.975265017667844
16,3,6,27.915194346289752
16,3,6,27.915194346289752
8,4,6,24.499411071849234
8,4,6,8.362779740871614
9,4,6,10.129564193168433
9,4,6,11.896348645465253
10,4,6,16.0188457008245
10,4,6,20.49469964664311
11,4,6,22.37926972909305
11,4,6,24.8527679623086
12,4,6,27.915194346289752
12,4,6,29.44640753828033
13,4,6,30.859835100117785
13,4,6,31.566548881036518
14,4,6,32.037691401649
14,4,6,30.624263839811544
15,4,6,27.56183745583039
15,4,6,25.441696113074205
16,4,6,24.02826855123675
16,4,6,22.14369846878681
8,5,6,20.49469964664311
8,5,6,6.24263839811543
9,5,6,8.12720848056537
9,5,6,11.071849234393405
10,5,6,14.958775029446407
10,5,6,19.434628975265017
11,5,6,22.732626619552416
11,5,6,26.73733804475854
12,5,6,29.44640753828033
12,5,6,36.39575971731449
13,5,6,38.98704358068316
13,5,6,45.81861012956419
14,5,6,48.763250883392224
14,5,6,52.06124852767962
15,5,6,55.830388692579504
15,5,6,54.77031802120141
16,5,6,54.29917550058893
16,5,6,50.647820965842165
8,6,6,46.17196702002356
8,6,6,3.53356890459364
9,6,6,4.122497055359246
9,6,6,6.831566548881036
10,6,6,9.658421672555948
10,6,6,12.838633686690224
11,6,6,14.958775029446407
11,6,6,19.67020023557126
12,6,6,23.674911660777383
12,6,6,27.090694935217904
13,6,6,28.38633686690224
13,6,6,29.56419316843345
14,6,6,31.21319199057715
14,6,6,32.037691401649
15,6,6,32.27326266195524
15,6,6,30.270906949352177
15,6,6,28.739693757361604
16,6,6,26.38398115429917
8,0,6,21.20141342756184
8,0,6,7.420494699646643
9,0,6,8.8339222614841
9,0,6,10.482921083627796
10,0,6,12.838633686690224
10,0,6,16.72555948174323
11,0,6,19.434628975265017
11,0,6,22.025912838633687
12,0,6,24.02826855123675
12,0,6,26.14840989399293
12,0,6,25.559481743227327
13,0,6,26.972909305064785
14,0,6,28.50412249705536
14,0,6,29.56419316843345
14,0,6,27.444051825677267
15,0,6,25.08833922261484
15,0,6,24.02826855123675
16,0,6,22.732626619552416
8,1,6,20.141342756183747
8,1,6,7.184923439340401
9,1,6,8.00942285041225
9,1,6,10.365135453474675
10,1,6,13.780918727915196
10,1,6,18.61012956419317
11,1,6,21.20141342756184
11,1,6,24.8527679623086
12,1,6,27.67962308598351
12,1,6,32.50883392226148
13,1,6,33.09776207302709
13,1,6,34.74676089517079
13,1,6,35.80683156654888
14,1,6,35.80683156654888
15,1,6,32.86219081272085
15,1,6,29.56419316843345
15,1,6,26.38398115429917
16,1,6,23.08598351001178
8,2,6,19.905771495877502
8,2,6,8.362779740871614
8,2,6,9.305064782096585
9,2,6,11.071849234393405
9,2,6,14.25206124852768
10,2,6,17.785630153121318
10,2,6,21.43698468786808
11,2,6,23.557126030624264
11,2,6,26.266195524146053
12,2,6,28.032979976442878
12,2,6,29.56419316843345
13,2,6,30.50647820965842
13,2,6,29.328621908127207
14,2,6,28.62190812720848
14,2,6,27.67962308598351
15,2,6,26.38398115429917
15,2,6,24.61719670200236
16,2,6,23.32155477031802
7,5,6,20.49469964664311
8,5,6,6.124852767962309
8,5,6,7.656065959952886
9,5,6,10.954063604240282
9,5,6,16.607773851590107
10,5,6,19.905771495877502
10,5,6,23.792697290930505
11,5,6,29.093050647820967
11,5,6,34.39340400471143
12,5,6,38.98704358068316
12,5,6,41.57832744405182
13,5,6,43.93404004711425
13,5,6,48.6454652532391
14,5,6,51.00117785630153
14,5,6,51.70789163722026
15,5,6,51.82567726737338
15,5,6,50.88339222614841
16,5,6,49.11660777385159
7,6,6,45.111896348645466
8,6,6,2.591283863368669
8,6,6,3.180212014134276
9,6,6,5.771495877502945
9,6,6,6.24263839811543
10,6,6,7.538280329799765
10,6,6,9.77620730270907
11,6,6,15.429917550058892
11,6,6,17.6678445229682
12,6,6,21.08362779740872
13,6,6,24.381625441696112
13,6,6,33.21554770318021
13,6,6,35.80683156654888
14,6,6,39.92932862190813
14,6,6,41.69611307420495
15,6,6,40.16489988221437
15,6,6,36.63133097762073
16,6,6,32.15547703180212
7,0,6,26.501766784452297
8,0,6,6.595995288574794
9,0,6,9.069493521790342
9,0,6,10.71849234393404
9,0,6,12.48527679623086
10,0,6,14.840989399293289
11,0,6,17.196702002355714
11,0,6,22.261484098939928
12,0,6,25.32391048292108
12,0,6,28.38633686690224
12,0,6,29.56419316843345
13,0,6,30.3886925795053
13,0,6,31.448763250883392
14,0,6,32.97997644287397
14,0,6,31.91990577149588
15,0,6,31.09540636042403
16,0,6,30.035335689045937
16,0,6,28.032979976442878
8,1,6,25.559481743227327
8,1,6,7.656065959952886
9,1,6,9.540636042402827
9,1,6,11.778563015312132
9,1,6,13.191990577149587
10,1,6,16.607773851590107
10,1,6,20.61248527679623
11,1,6,24.499411071849234
12,1,6,28.032979976442878
12,1,6,32.50883392226148
13,1,6,34.628975265017665
13,1,6,36.27797408716137
13,1,6,38.98704358068316
14,1,6,40.04711425206125
15,1,6,39.2226148409894
15,1,6,38.63368669022379
15,1,6,36.74911660777385
16,1,6,33.333333333333336
7,2,6,27.56183745583039
8,2,6,6.478209658421672
8,2,6,8.00942285041225
9,2,6,9.89399293286219
9,2,6,13.30977620730271
10,2,6,15.901060070671376
10,2,6,18.84570082449941
11,2,6,21.5547703180212
11,2,6,23.674911660777383
12,2,6,26.266195524146053
12,2,6,27.79740871613663
13,2,6,30.270906949352177
13,2,6,32.50883392226148
14,2,6,31.68433451118964
14,2,6,30.50647820965842
15,2,6,29.79976442873969
15,2,6,27.67962308598351
16,2,6,25.67726737338045
7,3,6,22.61484098939929
8,3,6,7.538280329799765
8,3,6,8.598351001177857
9,3,6,10.247349823321557
9,3,6,13.545347467608952
10,3,6,15.429917550058892
10,3,6,18.492343934040047
11,3,6,22.49705535924617
11,3,6,26.85512367491166
12,3,6,29.093050647820967
12,3,6,32.744405182567725
13,3,6,37.33804475853946
13,3,6,40.04711425206125
14,3,6,41.34275618374559
14,3,6,40.753828032979975
15,3,6,39.811542991755005
15,3,6,36.74911660777385
16,3,6,32.744405182567725
8,4,6,28.85747938751472
8,4,6,7.773851590106007
9,4,6,10.71849234393404
10,4,6,14.487632508833922
10,4,6,19.67020023557126
10,4,6,23.439340400471146
11,4,6,26.03062426383981
12,4,6,28.85747938751472
12,4,6,34.628975265017665
13,4,6,37.5736160188457
13,4,6,42.52061248527679
14,4,6,45.22968197879859
14,4,6,48.88103651354535
15,4,6,48.52767962308598
15,4,6,46.05418138987044
16,4,6,42.63839811542992
16,4,6,39.57597173144876
7,5,6,35.45347467608952
8,5,6,5.889281507656066
8,5,6,7.773851590106007
9,5,6,11.54299175500589
9,5,6,17.432273262661955
10,5,6,21.672555948174324
10,5,6,23.32155477031802
11,5,6,27.56183745583039
12,5,6,31.91990577149588
12,5,6,40.63604240282685
12,5,6,43.1095406360424
13,5,6,47.23203769140165
13,5,6,48.0565371024735
14,5,6,47.82096584216725
14,5,6,51.82567726737338
15,5,6,51.82567726737338
15,5,6,48.6454652532391
16,5,6,46.87868080094229
7,6,6,43.227326266195526
8,6,6,3.415783274440518
8,6,6,4.358068315665489
9,6,6,6.713780918727915
9,6,6,7.773851590106007
10,6,6,9.89399293286219
10,6,6,11.778563015312132
11,6,6,18.02120141342756
11,6,6,20.730270906949357
12,6,6,24.73498233215548
13,6,6,28.268551236749115
13,6,6,31.802120141342755
13,6,6,32.97997644287397
14,6,6,32.6266195524146
15,6,6,33.21554770318021
15,6,6,31.566548881036518
8,0,6,28.150765606596
8,0,6,7.420494699646643
9,0,6,9.069493521790342
9,0,6,10.60070671378092
10,0,6,13.074204946996469
10,0,6,16.25441696113074
11,0,6,19.08127208480565
11,0,6,21.31919905771496
12,0,6,23.792697290930505
12,0,6,26.03062426383981
13,0,6,26.73733804475854
13,0,6,28.150765606596
13,0,6,28.50412249705536
14,0,6,28.50412249705536
15,0,6,27.444051825677267
15,0,6,26.266195524146053
16,0,6,25.441696113074205
16,0,6,22.968197879858657
8,1,6,22.025912838633687
8,1,6,8.716136631330977
9,1,6,9.77620730270907
9,1,6,12.131919905771497
10,1,6,16.372202591283862
10,1,6,20.023557126030624
11,1,6,23.32155477031802
11,1,6,26.38398115429917
12,1,6,30.15312131919906
12,1,6,31.68433451118964
13,1,6,33.09776207302709
13,1,6,35.100117785630154
14,1,6,35.21790341578328
14,1,6,34.275618374558306
15,1,6,32.391048292108366
15,1,6,28.38633686690224
16,1,6,27.090694935217904
16,1,6,24.97055359246172
7,2,6,21.43698468786808
8,2,6,8.362779740871614
8,2,6,9.540636042402827
9,2,6,11.071849234393405
9,2,6,15.429917550058892
10,2,6,18.61012956419317
10,2,6,22.025912838633687
11,2,6,25.206124852767964
11,2,6,27.67962308598351
12,2,6,29.79976442873969
13,2,6,32.50883392226148
13,2,6,33.333333333333336
14,2,6,32.86219081272085
14,2,6,32.744405182567725
14,2,6,30.50647820965842
15,2,6,28.032979976442878
16,2,6,26.38398115429917
16,2,6,25.795053003533567
8,3,6,24.499411071849234
8,3,6,8.12720848056537
9,3,6,9.422850412249703
9,3,6,11.189634864546523
10,3,6,14.487632508833922
10,3,6,18.72791519434629
11,3,6,20.965842167255595
11,3,6,25.559481743227327
12,3,6,27.444051825677267
12,3,6,29.21083627797409
12,3,6,30.859835100117785
13,3,6,32.15547703180212
13,3,6,33.686690223792695
14,3,6,32.97997644287397
15,3,6,29.56419316843345
15,3,6,26.972909305064785
16,3,6,26.03062426383981
16,3,6,24.14605418138987
8,4,6,23.32155477031802
8,4,6,7.302709069493522
8,4,6,9.305064782096585
9,4,6,12.36749116607774
10,4,6,17.432273262661955
10,4,6,21.20141342756184
11,4,6,24.499411071849234
11,4,6,28.975265017667844
12,4,6,31.802120141342755
12,4,6,32.50883392226148
13,4,6,33.21554770318021
13,4,6,34.86454652532391
13,4,6,35.68904593639576
14,4,6,35.21790341578328
15,4,6,35.68904593639576
15,4,6,32.391048292108366
16,4,6,30.270906949352177
16,4,6,27.444051825677267
8,5,6,25.32391048292108
8,5,6,8.716136631330977
8,5,6,10.247349823321557
9,5,6,14.840989399293289
9,5,6,20.61248527679623
10,5,6,25.32391048292108
10,5,6,30.977620730270907
11,5,6,32.50883392226148
12,5,6,38.63368669022379
12,5,6,45.58303886925795
13,5,6,47.93875147232038
13,5,6,51.3545347467609
13,5,6,54.88810365135453
14,5,6,55.830388692579504
15,5,6,56.30153121319199
15,5,6,56.65488810365135
16,5,6,56.06595995288575
16,5,6,52.88574793875147
8,6,6,49.35217903415784
8,6,6,1.7667844522968197
9,6,6,2.3557126030624262
9,6,6,4.946996466431095
10,6,6,6.124852767962309
10,6,6,8.362779740871614
10,6,6,11.896348645465253
11,6,6,16.843345111896348
11,6,6,21.43698468786808
12,6,6,26.61955241460542
13,6,6,35.3356890459364
13,6,6,41.46054181389871
13,6,6,44.87632508833922
14,6,6,48.52767962308598
15,6,6,45.34746760895171
15,6,6,41.69611307420495
15,6,6,38.869257950530034
16,6,6,32.391048292108366
8,0,6,28.032979976442878
8,0,6,6.831566548881036
8,0,6,8.00942285041225
9,0,6,10.365135453474675
9,0,6,11.54299175500589
10,0,6,15.07656065959953
10,0,6,18.72791519434629
11,0,6,21.31919905771496
11,0,6,23.910482921083627
12,0,6,26.14840989399293
12,0,6,28.50412249705536
13,0,6,29.79976442873969
13,0,6,28.85747938751472
14,0,6,28.975265017667844
15,0,6,28.032979976442878
15,0,6,27.208480565371023
16,0,6,25.08833922261484
16,0,6,24.14605418138987
7,1,6,21.31919905771496
8,1,6,7.773851590106007
8,1,6,8.716136631330977
9,1,6,10.954063604240282
9,1,6,15.19434628975265
10,1,6,19.78798586572438
11,1,6,23.557126030624264
11,1,6,28.032979976442878
11,1,6,31.33097762073027
12,1,6,33.09776207302709
13,1,6,35.21790341578328
13,1,6,36.63133097762073
14,1,6,36.513545347467605
14,1,6,36.63133097762073
15,1,6,35.100117785630154
15,1,6,31.68433451118964
16,1,6,28.739693757361604
16,1,6,25.441696113074205
8,2,6,23.2037691401649
8,2,6,7.302709069493522
9,2,6,8.598351001177857
9,2,6,10.247349823321557
10,2,6,13.191990577149587
10,2,6,17.432273262661955
11,2,6,21.672555948174324
11,2,6,24.26383981154299
12,2,6,25.795053003533567
12,2,6,27.208480565371023
13,2,6,28.739693757361604
13,2,6,29.21083627797409
14,2,6,29.093050647820967
14,2,6,28.975265017667844
15,2,6,27.915194346289752
15,2,6,25.67726737338045
16,2,6,24.61719670200236
16,2,6,24.14605418138987
8,3,6,21.5547703180212
8,3,6,8.598351001177857
9,3,6,10.129564193168433
9,3,6,11.071849234393405
10,3,6,13.898704358068317
10,3,6,18.138987043580684
11,3,6,20.023557126030624
11,3,6,23.439340400471146
12,3,6,27.208480565371023
12,3,6,29.093050647820967
13,3,6,30.270906949352177
13,3,6,31.448763250883392
14,3,6,32.50883392226148
14,3,6,31.33097762073027
15,3,6,30.270906949352177
15,3,6,27.444051825677267
16,3,6,26.85512367491166
16,3,6,25.67726737338045
8,4,6,22.85041224970553
8,4,6,8.00942285041225
9,4,6,9.069493521790342
9,4,6,11.189634864546523
10,4,6,14.958775029446407
10,4,6,19.55241460541814
11,4,6,23.910482921083627
11,4,6,26.61955241460542
12,4,6,29.91755005889281
12,4,6,32.27326266195524
13,4,6,33.80447585394582
13,4,6,35.68904593639576
14,4,6,36.160188457008246
14,4,6,36.27797408716137
15,4,6,34.04004711425206
15,4,6,30.15312131919906
16,4,6,28.975265017667844
16,4,6,27.56183745583039
8,5,6,24.381625441696112
8,5,6,6.124852767962309
9,5,6,8.598351001177857
9,5,6,14.25206124852768
10,5,6,18.374558303886925
10,5,6,23.2037691401649
11,5,6,28.50412249705536
11,5,6,34.51118963486454
12,5,6,39.811542991755005
12,5,6,46.17196702002356
13,5,6,51.590106007067135
13,5,6,57.47938751472321
14,5,6,61.60188457008245
14,5,6,65.2532391048292
15,5,6,67.962308598351
15,5,6,66.66666666666667
16,5,6,65.60659599528857
16,5,6,63.72202591283863
8,6,6,54.88810365135453
8,6,6,3.415783274440518
9,6,6,4.004711425206125
9,6,6,6.478209658421672
10,6,6,7.302709069493522
10,6,6,9.422850412249703
11,6,6,14.25206124852768
11,6,6,19.434628975265017
12,6,6,23.439340400471146
12,6,6,28.62190812720848
13,6,6,32.27326266195524
13,6,6,36.74911660777385
14,6,6,39.69375736160188
14,6,6,41.57832744405182
15,6,6,42.40282685512368
15,6,6,41.10718492343934
16,6,6,38.28032979976443
16,6,6,33.09776207302709
8,0,6,26.972909305064785
8,0,6,6.9493521790341575
9,0,6,8.95170789163722
9,0,6,9.89399293286219
10,0,6,13.191990577149587
10,0,6,16.489988221436985
11,0,6,18.492343934040047
11,0,6,21.790341578327443
12,0,6,23.674911660777383
12,0,6,26.38398115429917
13,0,6,27.326266195524145
13,0,6,28.032979976442878
14,0,6,28.739693757361604
14,0,6,28.50412249705536
15,0,6,27.79740871613663
15,0,6,26.501766784452297
16,0,6,25.67726737338045
16,0,6,25.32391048292108
7,1,6,23.32155477031802
8,1,6,7.184923439340401
8,1,6,8.8339222614841
9,1,6,10.011778563015312
9,1,6,13.898704358068317
10,1,6,18.374558303886925
11,1,6,21.43698468786808
11,1,6,25.08833922261484
11,1,6,28.50412249705536
12,1,6,32.50883392226148
12,1,6,32.97997644287397
13,1,6,32.97997644287397
14,1,6,32.86219081272085
14,1,6,32.50883392226148
15,1,6,31.91990577149588
15,1,6,29.21083627797409
15,1,6,26.61955241460542
16,1,6,24.14605418138987
8,2,6,21.20141342756184
8,2,6,7.067137809187279
9,2,6,8.8339222614841
9,2,6,10.60070671378092
10,2,6,13.074204946996469
10,2,6,17.432273262661955
11,2,6,20.965842167255595
11,2,6,22.968197879858657
12,2,6,24.97055359246172
12,2,6,26.266195524146053
13,2,6,28.150765606596
13,2,6,29.44640753828033
14,2,6,29.328621908127207
14,2,6,28.38633686690224
15,2,6,27.56183745583039
15,2,6,25.32391048292108
16,2,6,22.968197879858657
16,2,6,22.968197879858657
8,3,6,21.08362779740872
8,3,6,5.771495877502945
9,3,6,7.538280329799765
9,3,6,8.95170789163722
9,3,6,12.838633686690224
10,3,6,15.547703180212014
11,3,6,19.31684334511189
11,3,6,24.02826855123675
12,3,6,26.03062426383981
12,3,6,28.50412249705536
13,3,6,30.977620730270907
13,3,6,31.21319199057715
14,3,6,33.21554770318021
14,3,6,30.977620730270907
14,3,6,29.44640753828033
15,3,6,28.739693757361604
15,3,6,25.91283863368669
16,3,6,24.02826855123675
8,4,6,20.848056537102472
8,4,6,8.480565371024735
9,4,6,10.482921083627796
10,4,6,18.138987043580684
10,4,6,22.85041224970553
11,4,6,25.91283863368669
11,4,6,31.448763250883392
12,4,6,34.86454652532391
12,4,6,36.39575971731449
13,4,6,37.5736160188457
13,4,6,39.2226148409894
14,4,6,41.69611307420495
14,4,6,42.28504122497056
15,4,6,39.57597173144876
15,4,6,34.86454652532391
16,4,6,32.97997644287397
16,4,6,30.624263839811544
7,5,6,29.21083627797409
8,5,6,6.360424028268551
8,5,6,10.011778563015312
9,5,6,14.369846878680802
10,5,6,21.908127208480565
10,5,6,27.915194346289752
10,5,6,34.275618374558306
11,5,6,38.51590106007067
12,5,6,44.169611307420496
12,5,6,51.82567726737338
13,5,6,55.830388692579504
13,5,6,60.42402826855124
14,5,6,63.95759717314488
14,5,6,63.36866902237927
15,5,6,63.72202591283863
15,5,6,65.7243816254417
16,5,6,63.25088339222615
16,5,6,61.130742049469966
8,6,6,56.30153121319199
8,6,6,2.4734982332155475
9,6,6,2.944640753828033
9,6,6,5.889281507656066
10,6,6,6.831566548881036
10,6,6,9.540636042402827
11,6,6,12.838633686690224
11,6,6,20.49469964664311
12,6,6,24.381625441696112
12,6,6,29.44640753828033
13,6,6,37.69140164899882
13,6,6,41.81389870435807
14,6,6,45.58303886925795
14,6,6,46.64310954063604
15,6,6,46.4075382803298
15,6,6,43.580683156654885
16,6,6,41.34275618374559
16,6,6,35.100117785630154
8,0,6,29.91755005889281
8,0,6,8.244994110718492
9,0,6,10.365135453474675
9,0,6,12.838633686690224
10,0,6,15.19434628975265
10,0,6,18.72791519434629
11,0,6,20.965842167255595
11,0,6,23.557126030624264
11,0,6,26.14840989399293
12,0,6,28.975265017667844
12,0,6,31.566548881036518
13,0,6,32.391048292108366
14,0,6,32.744405182567725
14,0,6,33.45111896348646
14,0,6,32.15547703180212
15,0,6,30.859835100117785
15,0,6,26.61955241460542
16,0,6,25.67726737338045
7,1,6,21.20141342756184
8,1,6,7.420494699646643
9,1,6,9.069493521790342
9,1,6,12.720848056537102
10,1,6,15.547703180212014
10,1,6,21.08362779740872
11,1,6,24.61719670200236
11,1,6,29.44640753828033
12,1,6,30.624263839811544
12,1,6,35.80683156654888
12,1,6,36.513545347467605
13,1,6,37.69140164899882
13,1,6,38.28032979976443
14,1,6,37.102473498233216
14,1,6,33.92226148409894
15,1,6,32.27326266195524
15,1,6,29.093050647820967
16,1,6,27.444051825677267
8,2,6,24.381625441696112
8,2,6,7.891637220259128
8,2,6,9.187279151943462
9,2,6,11.071849234393405
10,2,6,14.369846878680802
10,2,6,17.785630153121318
11,2,6,21.31919905771496
11,2,6,24.8527679623086
11,2,6,27.79740871613663
12,2,6,29.21083627797409
13,2,6,33.686690223792695
13,2,6,34.86454652532391
13,2,6,34.275618374558306
14,2,6,33.21554770318021
15,2,6,31.802120141342755
15,2,6,30.742049469964662
16,2,6,28.50412249705536
16,2,6,26.03062426383981
8,3,6,22.732626619552416
8,3,6,8.362779740871614
9,3,6,9.77620730270907
9,3,6,12.36749116607774
10,3,6,16.72555948174323
10,3,6,20.848056537102472
11,3,6,24.02826855123675
11,3,6,28.150765606596
12,3,6,32.037691401649
12,3,6,34.74676089517079
13,3,6,37.102473498233216
13,3,6,40.28268551236749
13,3,6,41.46054181389871
14,3,6,41.57832744405182
14,3,6,39.69375736160188
15,3,6,34.86454652532391
15,3,6,33.21554770318021
16,3,6,31.33097762073027
8,4,6,27.56183745583039
9,4,6,13.663133097762072
9,4,6,18.02120141342756
10,4,6,23.439340400471146
10,4,6,29.44640753828033
11,4,6,35.571260306242635
11,4,6,42.75618374558304
12,4,6,49.35217903415784
12,4,6,53.71024734982332
13,4,6,56.18374558303887
13,4,6,56.30153121319199
14,4,6,55.59481743227326
14,4,6,52.88574793875147
15,4,6,49.11660777385159
15,4,6,45.81861012956419
16,4,6,41.93168433451119
16,4,6,37.69140164899882
8,5,6,33.686690223792695
8,5,6,10.247349823321557
9,5,6,12.956419316843345
9,5,6,18.02120141342756
10,5,6,25.67726737338045
10,5,6,31.09540636042403
11,5,6,39.34040047114252
11,5,6,44.64075382803298
12,5,6,49.35217903415784
12,5,6,58.18610129564193
13,5,6,63.60424028268551
13,5,6,66.7844522968198
14,5,6,69.49352179034157
14,5,6,71.37809187279152
15,5,6,70.55359246171967
15,5,6,69.72909305064782
16,5,6,72.08480565371025
16,5,6,68.78680800942286
8,6,6,66.07773851590106
8,6,6,3.415783274440518
9,6,6,4.593639575971731
9,6,6,7.891637220259128
10,6,6,8.8339222614841
10,6,6,11.54299175500589
11,6,6,15.901060070671376
11,6,6,21.908127208480565
12,6,6,29.328621908127207
12,6,6,36.39575971731449
13,6,6,43.227326266195526
13,6,6,47.70318021201413
14,6,6,50.88339222614841
14,6,6,53.71024734982332
15,6,6,54.18138987043581
15,6,6,51.70789163722026
16,6,6,47.34982332155477
16,6,6,41.10718492343934
8,0,6,34.157832744405184
8,0,6,8.95170789163722
9,0,6,10.71849234393404
9,0,6,12.014134275618376
10,0,6,14.958775029446407
10,0,6,18.256772673733803
11,0,6,22.261484098939928
11,0,6,25.795053003533567
12,0,6,28.975265017667844
12,0,6,31.09540636042403
13,0,6,33.56890459363957
13,0,6,36.27797408716137
14,0,6,37.102473498233216
14,0,6,37.80918727915194
15,0,6,37.102473498233216
15,0,6,34.86454652532391
16,0,6,31.21319199057715
16,0,6,29.093050647820967
7,1,6,26.266195524146053
8,1,6,7.773851590106007
9,1,6,9.77620730270907
9,1,6,11.66077738515901
10,1,6,16.0188457008245
10,1,6,20.49469964664311
11,1,6,24.73498233215548
11,1,6,29.91755005889281
11,1,6,34.157832744405184
12,1,6,36.984687868080094
13,1,6,38.16254416961131
13,1,6,38.98704358068316
14,1,6,38.39811542991755
14,1,6,39.92932862190813
14,1,6,38.51590106007067
15,1,6,36.63133097762073
16,1,6,33.333333333333336
16,1,6,30.859835100117785
8,2,6,28.975265017667844
8,2,6,10.71849234393404
9,2,6,11.66077738515901
9,2,6,13.898704358068317
10,2,6,17.90341578327444
10,2,6,20.61248527679623
10,2,6,24.499411071849234
11,2,6,27.444051825677267
12,2,6,30.977620730270907
12,2,6,32.15547703180212
13,2,6,34.628975265017665
13,2,6,34.628975265017665
14,2,6,36.86690223792697
14,2,6,37.102473498233216
15,2,6,37.45583038869258
15,2,6,35.21790341578328
16,2,6,32.391048292108366
16,2,6,31.33097762073027
8,3,6,29.21083627797409
8,3,6,10.129564193168433
8,3,6,10.954063604240282
9,3,6,12.36749116607774
9,3,6,14.487632508833922
10,3,6,19.55241460541814
10,3,6,24.02826855123675
11,3,6,27.67962308598351
11,3,6,31.566548881036518
12,3,6,35.21790341578328
12,3,6,39.10482921083628
13,3,6,41.93168433451119
13,3,6,42.40282685512368
14,3,6,41.57832744405182
14,3,6,40.51825677267373
15,3,6,37.5736160188457
15,3,6,35.21790341578328
16,3,6,32.15547703180212
7,4,6,30.3886925795053
8,4,6,8.95170789163722
9,4,6,11.189634864546523
9,4,6,13.074204946996469
10,4,6,18.374558303886925
10,4,6,23.910482921083627
11,4,6,27.56183745583039
11,4,6,31.802120141342755
12,4,6,35.21790341578328
12,4,6,38.98704358068316
12,4,6,39.34040047114252
13,4,6,40.51825677267373
13,4,6,43.227326266195526
14,4,6,41.81389870435807
14,4,6,40.400471142520615
15,4,6,38.044758539458186
15,4,6,34.86454652532391
16,4,6,32.15547703180212
7,0,6,28.50412249705536
8,0,6,6.478209658421672
9,0,6,8.244994110718492
9,0,6,9.77620730270907
10,0,6,12.48527679623086
10,0,6,15.783274440518255
11,0,6,19.08127208480565
11,0,6,23.792697290930505
11,0,6,26.85512367491166
12,0,6,30.50647820965842
13,0,6,32.86219081272085
13,0,6,37.22025912838634
14,0,6,38.28032979976443
14,0,6,37.80918727915194
15,0,6,37.22025912838634
15,0,6,35.100117785630154
16,0,6,32.6266195524146
16,0,6,29.91755005889281
7,1,6,26.73733804475854
8,1,6,8.362779740871614
8,1,6,9.77620730270907
9,1,6,12.603062426383982
10,1,6,16.607773851590107
10,1,6,20.848056537102472
11,1,6,25.32391048292108
11,1,6,32.037691401649
11,1,6,34.74676089517079
12,1,6,38.75147232037691
12,1,6,41.34275618374559
13,1,6,41.46054181389871
14,1,6,43.580683156654885
14,1,6,43.46289752650177
15,1,6,41.57832744405182
15,1,6,37.33804475853946
16,1,6,34.157832744405184
16,1,6,31.802120141342755
7,2,6,28.85747938751472
8,2,6,9.422850412249703
8,2,6,10.954063604240282
9,2,6,12.36749116607774
9,2,6,16.96113074204947
10,2,6,20.61248527679623
10,2,6,23.557126030624264
11,2,6,27.326266195524145
11,2,6,31.68433451118964
12,2,6,34.86454652532391
12,2,6,36.513545347467605
13,2,6,37.5736160188457
13,2,6,37.80918727915194
14,2,6,39.458186101295645
14,2,6,38.39811542991755
15,2,6,36.513545347467605
15,2,6,34.157832744405184
16,2,6,30.859835100117785
7,3,6,28.150765606596
8,3,6,9.422850412249703
8,3,6,10.60070671378092
9,3,6,11.896348645465253
9,3,6,14.369846878680802
10,3,6,20.848056537102472
10,3,6,24.499411071849234
11,3,6,27.67962308598351
11,3,6,33.686690223792695
12,3,6,37.80918727915194
12,3,6,40.51825677267373
13,3,6,43.227326266195526
13,3,6,44.99411071849234
14,3,6,45.22968197879859
14,3,6,44.28739693757362
15,3,6,39.57597173144876
15,3,6,34.74676089517079
16,3,6,31.566548881036518
8,4,6,28.739693757361604
8,4,6,9.422850412249703
8,4,6,11.425206124852767
9,4,6,13.30977620730271
9,4,6,17.90341578327444
10,4,6,22.49705535924617
10,4,6,30.15312131919906
11,4,6,34.04004711425206
11,4,6,38.28032979976443
12,4,6,40.04711425206125
13,4,6,44.64075382803298
13,4,6,45.936395759717314
14,4,6,46.52532391048292
14,4,6,44.64075382803298
14,4,6,42.87396937573616
15,4,6,39.92932862190813
16,4,6,37.33804475853946
16,4,6,35.80683156654888
7,5,6,33.21554770318021
8,5,6,8.598351001177857
9,5,6,10.954063604240282
9,5,6,18.02120141342756
9,5,6,24.499411071849234
10,5,6,29.79976442873969
11,5,6,39.10482921083628
11,5,6,44.28739693757362
12,5,6,48.17432273262662
12,5,6,54.063604240282686
12,5,6,55.94817432273263
13,5,6,58.657243816254415
13,5,6,61.60188457008245
14,5,6,62.54416961130742
15,5,6,64.075382803298
15,5,6,65.01766784452296
15,5,6,66.19552414605418
16,5,6,63.01531213191991
8,6,6,61.71967020023557
8,6,6,3.180212014134276
8,6,6,4.004711425206125
9,6,6,7.420494699646643
9,6,6,8.716136631330977
10,6,6,11.425206124852767
10,6,6,13.780918727915196
11,6,6,20.61248527679623
11,6,6,25.67726737338045
12,6,6,33.56890459363957
13,6,6,40.98939929328622
13,6,6,45.46525323910483
13,6,6,48.0565371024735
14,6,6,51.3545347467609
14,6,6,52.06124852767962
15,6,6,52.29681978798587
15,6,6,49.35217903415784
16,6,6,44.28739693757362
8,0,6,40.16489988221437
8,0,6,7.891637220259128
9,0,6,9.305064782096585
9,0,6,11.778563015312132
10,0,6,14.369846878680802
10,0,6,20.61248527679623
11,0,6,23.674911660777383
11,0,6,26.501766784452297
11,0,6,30.742049469964662
12,0,6,35.68904593639576
12,0,6,41.93168433451119
13,0,6,45.70082449941107
14,0,6,47.82096584216725
14,0,6,47.82096584216725
14,0,6,46.28975265017668
15,0,6,42.28504122497056
15,0,6,37.69140164899882
16,0,6,34.157832744405184
7,1,8,0.0
8,1,8,24.8936170212766
8,1,8,37.02127659574468
9,1,8,57.234042553191486
9,1,8,74.68085106382979
10,1,8,84.46808510638297
10,1,8,91.48936170212764
11,1,8,97.44680851063828
11,1,8,98.72340425531917
12,1,8,97.87234042553192
13,1,8,98.72340425531917
13,1,8,97.44680851063828
14,1,8,95.74468085106383
14,1,8,94.8936170212766
14,1,8,92.12765957446808
15,1,8,90.63829787234044
16,1,8,87.44680851063829
16,1,8,80.0
7,2,8,69.14893617021276
8,2,8,27.02127659574468
9,2,8,42.765957446808514
9,2,8,60.212765957446805
10,2,8,73.82978723404256
10,2,8,81.48936170212765
11,2,8,85.95744680851064
11,2,8,89.36170212765957
12,2,8,91.27659574468083
12,2,8,95.1063829787234
12,2,8,95.74468085106383
13,2,8,95.95744680851064
13,2,8,96.59574468085108
14,2,8,96.80851063829788
14,2,8,95.1063829787234
15,2,8,92.55319148936172
16,2,8,85.74468085106383
16,2,8,79.57446808510639
7,3,8,71.27659574468085
8,3,8,27.23404255319149
8,3,8,42.340425531914896
9,3,8,60.42553191489362
10,3,8,71.70212765957447
10,3,8,82.55319148936171
10,3,8,90.2127659574468
11,3,8,93.82978723404256
12,3,8,95.74468085106383
12,3,8,97.87234042553192
12,3,8,98.93617021276596
13,3,8,97.65957446808513
13,3,8,97.87234042553192
14,3,8,96.80851063829788
15,3,8,93.19148936170212
15,3,8,91.27659574468083
16,3,8,85.74468085106383
16,3,8,83.61702127659575
8,4,8,73.82978723404256
8,4,8,25.74468085106383
9,4,8,40.212765957446805
9,4,8,55.95744680851064
9,4,8,62.5531914893617
10,4,8,68.51063829787235
10,4,8,72.12765957446808
11,4,8,74.68085106382979
12,4,8,75.31914893617021
12,4,8,77.23404255319149
13,4,8,77.02127659574468
13,4,8,76.59574468085107
14,4,8,77.23404255319149
14,4,8,78.08510638297872
15,4,8,74.8936170212766
15,4,8,73.82978723404256
15,4,8,70.85106382978724
16,4,8,68.93617021276596
7,5,8,63.40425531914894
8,5,8,11.063829787234043
8,5,8,11.48936170212766
9,5,8,12.97872340425532
10,5,8,12.76595744680851
10,5,8,13.404255319148936
10,5,8,16.170212765957448
11,5,8,18.72340425531915
12,5,8,20.638297872340427
12,5,8,21.91489361702128
13,5,8,21.70212765957447
13,5,8,24.680851063829788
14,5,8,26.80851063829787
14,5,8,28.72340425531915
14,5,8,30.0
15,5,8,34.255319148936174
16,5,8,33.61702127659574
16,5,8,36.17021276595744
8,6,8,38.297872340425535
8,6,8,8.936170212765957
9,6,8,8.72340425531915
9,6,8,8.72340425531915
9,6,8,8.72340425531915
10,6,8,9.787234042553193
11,6,8,13.617021276595745
11,6,8,15.319148936170214
11,6,8,17.4468085106383
12,6,8,17.02127659574468
13,6,8,15.74468085106383
13,6,8,20.21276595744681
14,6,8,20.21276595744681
14,6,8,24.46808510638298
15,6,8,25.53191489361702
15,6,8,28.51063829787234
16,6,8,26.170212765957448
16,6,8,28.72340425531915
8,0,8,30.425531914893615
8,0,8,24.46808510638298
9,0,8,41.70212765957447
9,0,8,57.4468085106383
10,0,8,67.65957446808511
10,0,8,77.02127659574468
10,0,8,80.2127659574468
11,0,8,80.85106382978724
11,0,8,81.70212765957447
12,0,8,86.59574468085107
13,0,8,88.08510638297872
13,0,8,87.65957446808511
14,0,8,86.38297872340425
14,0,8,87.02127659574468
14,0,8,83.61702127659575
15,0,8,80.42553191489361
15,0,8,76.59574468085107
16,0,8,74.04255319148936
8,1,8,67.65957446808511
8,1,8,25.74468085106383
8,1,8,40.0
9,1,8,57.02127659574468
9,1,8,70.63829787234043
10,1,8,78.51063829787235
10,1,8,86.38297872340425
11,1,8,90.4255319148936
12,1,8,94.25531914893617
12,1,8,97.02127659574468
13,1,8,98.51063829787236
13,1,8,99.36170212765956
14,1,8,99.5744680851064
14,1,8,96.38297872340424
15,1,8,92.76595744680851
15,1,8,90.63829787234044
16,1,8,85.53191489361703
16,1,8,80.63829787234043
8,2,8,74.68085106382979
8,2,8,28.72340425531915
9,2,8,42.765957446808514
9,2,8,61.48936170212766
10,2,8,71.27659574468085
10,2,8,81.48936170212765
11,2,8,91.91489361702128
11,2,8,98.29787234042551
12,2,8,98.08510638297872
12,2,8,99.7872340425532
13,2,8,98.29787234042551
13,2,8,95.3191489361702
14,2,8,92.55319148936172
14,2,8,93.61702127659576
15,2,8,92.76595744680851
15,2,8,91.06382978723404
15,2,8,87.02127659574468
16,2,8,80.42553191489361
7,3,8,71.91489361702128
8,3,8,26.170212765957448
9,3,8,46.38297872340426
9,3,8,63.40425531914894
9,3,8,72.76595744680851
10,3,8,80.0
11,3,8,84.25531914893617
11,3,8,87.65957446808511
11,3,8,91.06382978723404
12,3,8,93.19148936170212
13,3,8,93.61702127659576
13,3,8,92.76595744680851
13,3,8,92.12765957446808
14,3,8,91.91489361702128
15,3,8,87.65957446808511
15,3,8,86.80851063829788
16,3,8,82.97872340425532
16,3,8,78.29787234042553
8,4,8,68.51063829787235
8,4,8,23.829787234042552
9,4,8,36.17021276595744
9,4,8,53.61702127659574
10,4,8,60.212765957446805
10,4,8,67.44680851063829
11,4,8,72.12765957446808
11,4,8,74.68085106382979
12,4,8,76.59574468085107
12,4,8,78.29787234042553
13,4,8,77.87234042553192
13,4,8,78.72340425531915
14,4,8,80.42553191489361
14,4,8,80.85106382978724
15,4,8,77.44680851063829
15,4,8,72.55319148936171
16,4,8,71.06382978723404
16,4,8,69.14893617021276
8,5,8,62.12765957446808
8,5,8,8.936170212765957
9,5,8,11.063829787234043
9,5,8,12.340425531914894
10,5,8,12.97872340425532
10,5,8,15.319148936170214
11,5,8,19.361702127659573
11,5,8,20.0
12,5,8,22.34042553191489
12,5,8,23.19148936170213
13,5,8,22.97872340425532
13,5,8,24.8936170212766
14,5,8,26.382978723404257
14,5,8,28.72340425531915
15,5,8,30.638297872340427
15,5,8,32.340425531914896
16,5,8,35.53191489361702
16,5,8,36.59574468085106
8,6,8,35.53191489361702
8,6,8,8.51063829787234
9,6,8,11.702127659574469
9,6,8,16.170212765957448
10,6,8,19.148936170212767
10,6,8,24.680851063829788
11,6,8,28.72340425531915
11,6,8,29.148936170212767
12,6,8,31.70212765957447
12,6,8,35.1063829787234
13,6,8,35.95744680851064
13,6,8,40.212765957446805
14,6,8,41.06382978723404
14,6,8,40.85106382978724
15,6,8,42.5531914893617
15,6,8,40.42553191489362
15,6,8,42.5531914893617
16,6,8,42.97872340425532
8,0,8,37.87234042553192
8,0,8,26.170212765957448
9,0,8,40.212765957446805
9,0,8,56.38297872340426
10,0,8,67.02127659574468
10,0,8,80.85106382978724
11,0,8,86.17021276595744
11,0,8,88.29787234042553
12,0,8,92.34042553191487
12,0,8,95.95744680851064
12,0,8,95.95744680851064
13,0,8,95.95744680851064
14,0,8,95.74468085106383
14,0,8,94.04255319148936
14,0,8,93.40425531914892
15,0,8,90.0
15,0,8,87.02127659574468
16,0,8,85.74468085106383
8,1,8,78.08510638297872
8,1,8,29.361702127659573
9,1,8,44.04255319148936
9,1,8,64.25531914893617
10,1,8,73.61702127659575
10,1,8,88.08510638297872
11,1,8,91.70212765957449
11,1,8,94.6808510638298
12,1,8,96.38297872340424
12,1,8,99.36170212765956
13,1,8,97.65957446808513
13,1,8,98.08510638297872
13,1,8,98.93617021276596
14,1,8,98.51063829787236
15,1,8,94.6808510638298
15,1,8,90.4255319148936
15,1,8,87.23404255319149
16,1,8,84.8936170212766
8,2,8,76.38297872340425
8,2,8,33.61702127659574
8,2,8,45.319148936170215
9,2,8,64.8936170212766
9,2,8,75.53191489361703
10,2,8,86.59574468085107
10,2,8,90.63829787234044
11,2,8,95.95744680851064
11,2,8,98.08510638297872
12,2,8,98.51063829787236
12,2,8,97.44680851063828
13,2,8,97.87234042553192
13,2,8,98.93617021276596
14,2,8,95.53191489361704
14,2,8,93.61702127659576
15,2,8,90.85106382978724
15,2,8,86.17021276595744
16,2,8,81.48936170212765
7,5,8,75.74468085106383
8,5,8,7.23404255319149
8,5,8,8.085106382978724
9,5,8,10.425531914893616
9,5,8,10.212765957446807
10,5,8,12.76595744680851
10,5,8,15.106382978723405
11,5,8,18.93617021276596
11,5,8,20.851063829787236
12,5,8,25.74468085106383
12,5,8,30.0
13,5,8,30.425531914893615
13,5,8,30.851063829787236
14,5,8,29.78723404255319
14,5,8,31.48936170212766
15,5,8,30.0
15,5,8,32.12765957446808
16,5,8,33.191489361702125
7,6,8,32.765957446808514
8,6,8,8.51063829787234
8,6,8,9.148936170212766
9,6,8,9.148936170212766
9,6,8,9.148936170212766
10,6,8,9.787234042553193
10,6,8,14.04255319148936
11,6,8,15.53191489361702
11,6,8,15.319148936170214
12,6,8,18.51063829787234
13,6,8,20.0
13,6,8,22.127659574468087
13,6,8,22.97872340425532
14,6,8,24.8936170212766
14,6,8,27.02127659574468
15,6,8,27.872340425531917
15,6,8,29.361702127659573
16,6,8,30.0
7,0,8,28.72340425531915
8,0,8,26.80851063829787
9,0,8,44.680851063829785
9,0,8,58.297872340425535
9,0,8,65.1063829787234
10,0,8,71.70212765957447
11,0,8,77.65957446808511
11,0,8,82.55319148936171
12,0,8,85.53191489361703
12,0,8,88.51063829787235
12,0,8,87.87234042553192
13,0,8,88.72340425531915
13,0,8,90.4255319148936
14,0,8,90.0
14,0,8,91.27659574468083
15,0,8,91.27659574468083
16,0,8,89.7872340425532
16,0,8,82.12765957446808
8,1,8,71.06382978723404
8,1,8,30.21276595744681
9,1,8,45.319148936170215
9,1,8,66.17021276595744
9,1,8,72.55319148936171
10,1,8,84.46808510638297
10,1,8,92.76595744680851
11,1,8,95.95744680851064
12,1,8,98.93617021276596
12,1,8,97.65957446808513
13,1,8,97.65957446808513
13,1,8,95.74468085106383
13,1,8,98.51063829787236
14,1,8,97.87234042553192
15,1,8,100.0
15,1,8,94.46808510638296
15,1,8,92.76595744680851
16,1,8,84.46808510638297
7,2,8,78.29787234042553
8,2,8,29.148936170212767
8,2,8,44.8936170212766
9,2,8,59.361702127659576
9,2,8,68.29787234042553
10,2,8,79.7872340425532
10,2,8,85.74468085106383
11,2,8,88.08510638297872
11,2,8,90.2127659574468
12,2,8,95.3191489361702
12,2,8,96.17021276595744
13,2,8,96.80851063829788
13,2,8,97.44680851063828
14,2,8,98.93617021276596
14,2,8,98.08510638297872
15,2,8,93.82978723404256
15,2,8,92.76595744680851
16,2,8,85.95744680851064
7,3,8,78.29787234042553
8,3,8,29.361702127659573
8,3,8,44.04255319148936
9,3,8,59.361702127659576
9,3,8,66.80851063829788
10,3,8,72.55319148936171
10,3,8,78.72340425531915
11,3,8,81.91489361702128
11,3,8,86.38297872340425
12,3,8,91.27659574468083
12,3,8,96.80851063829788
13,3,8,98.51063829787236
13,3,8,97.87234042553192
14,3,8,97.44680851063828
14,3,8,97.65957446808513
15,3,8,95.53191489361704
15,3,8,93.82978723404256
16,3,8,88.51063829787235
8,4,8,81.48936170212765
8,4,8,31.91489361702128
9,4,8,50.42553191489362
10,4,8,58.297872340425535
10,4,8,67.87234042553192
10,4,8,72.12765957446808
11,4,8,77.23404255319149
12,4,8,79.14893617021276
12,4,8,83.40425531914893
13,4,8,84.8936170212766
13,4,8,86.59574468085107
14,4,8,87.23404255319149
14,4,8,88.51063829787235
15,4,8,88.08510638297872
15,4,8,84.68085106382979
16,4,8,81.91489361702128
16,4,8,78.29787234042553
7,5,8,71.70212765957447
8,5,8,8.72340425531915
8,5,8,9.787234042553193
9,5,8,11.48936170212766
9,5,8,12.127659574468083
10,5,8,15.106382978723405
10,5,8,16.80851063829787
11,5,8,20.851063829787236
12,5,8,23.19148936170213
12,5,8,26.595744680851062
12,5,8,30.638297872340427
13,5,8,33.61702127659574
13,5,8,37.4468085106383
14,5,8,38.51063829787234
14,5,8,37.02127659574468
15,5,8,39.7872340425532
15,5,8,40.63829787234042
16,5,8,40.85106382978724
7,6,8,38.93617021276596
8,6,8,6.382978723404255
8,6,8,6.382978723404255
9,6,8,7.0212765957446805
9,6,8,8.085106382978724
10,6,8,10.425531914893616
10,6,8,12.76595744680851
11,6,8,15.95744680851064
11,6,8,17.659574468085108
12,6,8,21.70212765957447
13,6,8,22.76595744680851
13,6,8,26.170212765957448
13,6,8,29.78723404255319
14,6,8,31.91489361702128
15,6,8,33.82978723404256
15,6,8,37.02127659574468
8,0,8,39.14893617021277
8,0,8,28.29787234042553
9,0,8,41.06382978723404
9,0,8,58.08510638297872
10,0,8,66.38297872340425
10,0,8,76.17021276595744
11,0,8,79.36170212765957
11,0,8,82.97872340425532
12,0,8,84.46808510638297
12,0,8,88.29787234042553
13,0,8,89.36170212765957
13,0,8,90.85106382978724
13,0,8,90.63829787234044
14,0,8,91.91489361702128
15,0,8,91.27659574468083
15,0,8,88.08510638297872
16,0,8,86.59574468085107
16,0,8,81.27659574468085
8,1,8,77.44680851063829
8,1,8,24.8936170212766
9,1,8,34.680851063829785
9,1,8,59.361702127659576
10,1,8,68.08510638297872
10,1,8,84.46808510638297
11,1,8,89.14893617021276
11,1,8,91.06382978723404
12,1,8,92.12765957446808
12,1,8,95.1063829787234
13,1,8,95.74468085106383
13,1,8,93.61702127659576
14,1,8,92.34042553191487
14,1,8,92.55319148936172
15,1,8,90.63829787234044
15,1,8,88.72340425531915
16,1,8,85.31914893617021
16,1,8,80.0
7,2,8,73.82978723404256
8,2,8,28.72340425531915
8,2,8,43.82978723404256
9,2,8,59.14893617021277
9,2,8,74.25531914893617
10,2,8,85.74468085106383
10,2,8,92.55319148936172
11,2,8,95.95744680851064
11,2,8,97.02127659574468
12,2,8,97.44680851063828
13,2,8,96.17021276595744
13,2,8,94.46808510638296
14,2,8,91.06382978723404
14,2,8,88.72340425531915
14,2,8,90.63829787234044
15,2,8,90.0
16,2,8,88.72340425531915
16,2,8,84.68085106382979
8,3,8,78.08510638297872
8,3,8,30.21276595744681
9,3,8,42.12765957446808
9,3,8,63.40425531914894
10,3,8,71.91489361702128
10,3,8,81.70212765957447
11,3,8,87.02127659574468
11,3,8,89.14893617021276
12,3,8,90.85106382978724
12,3,8,95.53191489361704
12,3,8,96.38297872340424
13,3,8,97.87234042553192
13,3,8,96.80851063829788
14,3,8,97.65957446808513
15,3,8,96.80851063829788
15,3,8,94.25531914893617
16,3,8,86.59574468085107
8,4,8,76.17021276595744
8,4,8,38.723404255319146
8,4,8,52.97872340425532
9,4,8,73.82978723404256
10,4,8,82.34042553191489
10,4,8,88.08510638297872
11,4,8,88.93617021276596
11,4,8,92.76595744680851
12,4,8,93.61702127659576
12,4,8,96.80851063829788
13,4,8,97.65957446808513
13,4,8,98.29787234042551
13,4,8,97.87234042553192
14,4,8,95.3191489361702
15,4,8,92.55319148936172
15,4,8,92.76595744680851
16,4,8,88.93617021276596
16,4,8,83.40425531914893
8,5,8,78.51063829787235
8,5,8,20.425531914893615
8,5,8,20.425531914893615
9,5,8,22.5531914893617
9,5,8,23.617021276595743
10,5,8,25.95744680851064
10,5,8,30.425531914893615
11,5,8,32.340425531914896
12,5,8,32.97872340425532
12,5,8,38.297872340425535
13,5,8,38.51063829787234
13,5,8,39.14893617021277
13,5,8,42.97872340425532
14,5,8,45.1063829787234
15,5,8,42.97872340425532
15,5,8,48.93617021276596
16,5,8,52.340425531914896
16,5,8,47.02127659574468
8,6,8,49.57446808510638
8,6,8,10.425531914893616
9,6,8,10.425531914893616
9,6,8,10.851063829787234
10,6,8,11.702127659574469
10,6,8,13.191489361702128
10,6,8,14.46808510638298
11,6,8,15.74468085106383
11,6,8,16.80851063829787
12,6,8,22.76595744680851
13,6,8,23.829787234042552
13,6,8,28.29787234042553
13,6,8,31.06382978723404
14,6,8,38.51063829787234
15,6,8,41.27659574468085
15,6,8,49.14893617021277
15,6,8,52.5531914893617
16,6,8,51.70212765957447
8,0,8,54.8936170212766
8,0,8,24.46808510638298
8,0,8,38.93617021276596
9,0,8,59.57446808510638
9,0,8,68.51063829787235
10,0,8,76.59574468085107
10,0,8,82.12765957446808
11,0,8,87.02127659574468
11,0,8,88.51063829787235
12,0,8,94.25531914893617
12,0,8,95.53191489361704
13,0,8,95.1063829787234
13,0,8,95.3191489361702
14,0,8,97.02127659574468
15,0,8,92.12765957446808
15,0,8,89.14893617021276
16,0,8,85.31914893617021
16,0,8,80.2127659574468
7,1,8,72.76595744680851
8,1,8,29.574468085106385
8,1,8,42.12765957446808
9,1,8,62.97872340425532
9,1,8,72.55319148936171
10,1,8,84.04255319148936
11,1,8,90.2127659574468
11,1,8,95.53191489361704
11,1,8,98.72340425531917
12,1,8,99.36170212765956
13,1,8,98.93617021276596
13,1,8,97.65957446808513
14,1,8,98.29787234042551
14,1,8,99.5744680851064
15,1,8,94.8936170212766
15,1,8,92.55319148936172
16,1,8,90.2127659574468
16,1,8,84.04255319148936
8,2,8,74.68085106382979
8,2,8,33.40425531914894
9,2,8,44.04255319148936
9,2,8,65.74468085106383
10,2,8,79.14893617021276
10,2,8,87.23404255319149
11,2,8,90.2127659574468
11,2,8,95.53191489361704
12,2,8,98.08510638297872
12,2,8,98.93617021276596
13,2,8,98.72340425531917
13,2,8,99.36170212765956
14,2,8,98.72340425531917
14,2,8,97.87234042553192
15,2,8,97.87234042553192
15,2,8,96.59574468085108
16,2,8,92.34042553191487
16,2,8,84.8936170212766
8,3,8,76.59574468085107
8,3,8,27.659574468085108
9,3,8,47.02127659574468
9,3,8,64.25531914893617
10,3,8,72.76595744680851
10,3,8,85.53191489361703
11,3,8,90.63829787234044
11,3,8,94.25531914893617
12,3,8,96.38297872340424
12,3,8,98.72340425531917
13,3,8,98.51063829787236
13,3,8,98.29787234042551
14,3,8,96.59574468085108
14,3,8,95.53191489361704
15,3,8,94.04255319148936
15,3,8,90.63829787234044
16,3,8,87.87234042553192
16,3,8,81.70212765957447
8,4,8,73.19148936170212
8,4,8,28.29787234042553
9,4,8,39.57446808510638
9,4,8,55.74468085106383
10,4,8,60.42553191489362
10,4,8,67.87234042553192
11,4,8,71.27659574468085
11,4,8,75.31914893617021
12,4,8,76.59574468085107
12,4,8,77.87234042553192
13,4,8,78.29787234042553
13,4,8,80.42553191489361
14,4,8,82.34042553191489
14,4,8,79.57446808510639
15,4,8,78.72340425531915
15,4,8,75.31914893617021
16,4,8,72.97872340425532
16,4,8,67.02127659574468
8,5,8,62.97872340425532
8,5,8,7.872340425531915
9,5,8,8.297872340425531
9,5,8,11.063829787234043
10,5,8,12.127659574468083
10,5,8,14.46808510638298
11,5,8,16.170212765957448
11,5,8,21.06382978723404
12,5,8,22.97872340425532
12,5,8,25.106382978723403
13,5,8,25.53191489361702
13,5,8,31.70212765957447
14,5,8,36.59574468085106
14,5,8,40.0
15,5,8,42.97872340425532
15,5,8,44.8936170212766
16,5,8,42.5531914893617
16,5,8,43.61702127659574
8,6,8,45.53191489361702
8,6,8,6.595744680851064
9,6,8,6.595744680851064
9,6,8,7.0212765957446805
10,6,8,7.659574468085107
10,6,8,7.659574468085107
11,6,8,12.127659574468083
11,6,8,13.617021276595745
12,6,8,14.893617021276595
12,6,8,16.382978723404257
13,6,8,17.23404255319149
13,6,8,19.78723404255319
14,6,8,23.19148936170213
14,6,8,22.76595744680851
15,6,8,26.595744680851062
15,6,8,26.595744680851062
16,6,8,31.48936170212766
16,6,8,35.744680851063826
8,0,8,36.38297872340426
8,0,8,24.25531914893617
9,0,8,38.93617021276596
9,0,8,54.8936170212766
10,0,8,65.95744680851064
10,0,8,75.1063829787234
11,0,8,79.14893617021276
11,0,8,81.91489361702128
12,0,8,85.31914893617021
12,0,8,89.14893617021276
13,0,8,89.7872340425532
13,0,8,90.63829787234044
14,0,8,90.2127659574468
14,0,8,92.12765957446808
15,0,8,88.72340425531915
15,0,8,84.8936170212766
16,0,8,80.42553191489361
16,0,8,75.74468085106383
7,1,8,69.36170212765957
8,1,8,27.4468085106383
8,1,8,41.91489361702128
9,1,8,56.80851063829788
9,1,8,69.36170212765957
10,1,8,78.72340425531915
11,1,8,85.31914893617021
11,1,8,89.14893617021276
11,1,8,90.85106382978724
12,1,8,95.74468085106383
12,1,8,98.08510638297872
13,1,8,97.87234042553192
14,1,8,97.44680851063828
14,1,8,96.17021276595744
15,1,8,92.12765957446808
15,1,8,89.57446808510639
15,1,8,86.38297872340425
16,1,8,82.55319148936171
8,2,8,74.04255319148936
8,2,8,35.53191489361702
9,2,8,48.93617021276596
9,2,8,66.17021276595744
10,2,8,75.74468085106383
10,2,8,85.74468085106383
11,2,8,91.91489361702128
11,2,8,95.1063829787234
12,2,8,98.08510638297872
12,2,8,100.0
13,2,8,98.08510638297872
13,2,8,97.23404255319149
14,2,8,98.08510638297872
14,2,8,97.23404255319149
15,2,8,95.74468085106383
15,2,8,90.4255319148936
16,2,8,86.80851063829788
16,2,8,82.55319148936171
8,3,8,71.06382978723404
8,3,8,31.70212765957447
9,3,8,44.255319148936174
9,3,8,65.53191489361703
9,3,8,73.82978723404256
10,3,8,82.76595744680851
11,3,8,86.80851063829788
11,3,8,88.93617021276596
12,3,8,91.70212765957449
12,3,8,95.1063829787234
13,3,8,94.25531914893617
13,3,8,97.23404255319149
14,3,8,98.29787234042551
14,3,8,95.53191489361704
14,3,8,94.04255319148936
15,3,8,91.48936170212764
15,3,8,85.31914893617021
16,3,8,78.93617021276596
8,4,8,69.36170212765957
8,4,8,34.04255319148936
9,4,8,46.59574468085106
10,4,8,67.87234042553192
10,4,8,74.25531914893617
11,4,8,78.29787234042553
11,4,8,85.31914893617021
12,4,8,86.80851063829788
12,4,8,89.36170212765957
13,4,8,89.14893617021276
13,4,8,89.36170212765957
14,4,8,87.44680851063829
14,4,8,87.87234042553192
15,4,8,85.95744680851064
15,4,8,84.8936170212766
16,4,8,82.34042553191489
16,4,8,75.53191489361703
7,5,8,70.85106382978724
8,5,8,10.638297872340424
8,5,8,11.063829787234043
9,5,8,13.191489361702128
10,5,8,14.680851063829786
10,5,8,19.361702127659573
10,5,8,22.76595744680851
11,5,8,28.08510638297872
12,5,8,31.06382978723404
12,5,8,36.17021276595744
13,5,8,37.87234042553192
13,5,8,38.51063829787234
14,5,8,41.70212765957447
14,5,8,48.51063829787234
15,5,8,51.06382978723404
15,5,8,54.255319148936174
16,5,8,54.255319148936174
16,5,8,58.51063829787234
8,6,8,58.51063829787234
8,6,8,8.72340425531915
9,6,8,8.936170212765957
9,6,8,8.936170212765957
10,6,8,9.148936170212766
10,6,8,10.638297872340424
11,6,8,14.25531914893617
11,6,8,20.851063829787236
12,6,8,22.34042553191489
12,6,8,26.80851063829787
13,6,8,28.72340425531915
13,6,8,33.40425531914894
14,6,8,36.38297872340426
14,6,8,44.8936170212766
15,6,8,50.0
15,6,8,57.87234042553192
16,6,8,61.91489361702128
16,6,8,63.191489361702125
8,0,8,61.48936170212766
8,0,8,28.93617021276596
9,0,8,41.91489361702128
9,0,8,58.723404255319146
10,0,8,65.1063829787234
10,0,8,74.04255319148936
11,0,8,78.08510638297872
11,0,8,80.42553191489361
11,0,8,81.70212765957447
12,0,8,85.53191489361703
12,0,8,85.95744680851064
13,0,8,85.31914893617021
14,0,8,85.95744680851064
14,0,8,86.17021276595744
14,0,8,84.25531914893617
15,0,8,83.40425531914893
15,0,8,79.7872340425532
16,0,8,75.31914893617021
7,1,8,68.72340425531915
8,1,8,34.255319148936174
9,1,8,51.06382978723404
9,1,8,69.14893617021276
10,1,8,78.72340425531915
10,1,8,90.2127659574468
11,1,8,94.46808510638296
11,1,8,95.95744680851064
12,1,8,98.51063829787236
12,1,8,94.46808510638296
12,1,8,98.08510638297872
13,1,8,97.02127659574468
13,1,8,98.08510638297872
14,1,8,76.38297872340425
14,1,8,74.46808510638297
15,1,8,72.76595744680851
15,1,8,70.0
16,1,8,93.82978723404256
8,2,8,82.34042553191489
8,2,8,40.0
8,2,8,52.5531914893617
9,2,8,68.72340425531915
10,2,8,80.85106382978724
10,2,8,91.48936170212764
11,2,8,95.1063829787234
11,2,8,99.36170212765956
11,2,8,95.1063829787234
12,2,8,98.93617021276596
13,2,8,98.08510638297872
13,2,8,97.44680851063828
13,2,8,99.7872340425532
14,2,8,98.08510638297872
15,2,8,95.74468085106383
15,2,8,92.55319148936172
16,2,8,85.31914893617021
16,2,8,80.0
8,3,8,72.55319148936171
8,3,8,31.27659574468085
9,3,8,44.255319148936174
9,3,8,63.82978723404256
10,3,8,74.25531914893617
10,3,8,81.27659574468085
11,3,8,84.68085106382979
11,3,8,88.51063829787235
12,3,8,91.06382978723404
12,3,8,94.6808510638298
13,3,8,95.95744680851064
13,3,8,95.95744680851064
13,3,8,96.38297872340424
14,3,8,97.44680851063828
14,3,8,93.82978723404256
15,3,8,90.2127659574468
15,3,8,85.95744680851064
16,3,8,81.06382978723404
8,4,8,73.40425531914893
9,4,8,28.08510638297872
9,4,8,53.61702127659574
10,4,8,60.85106382978724
10,4,8,67.23404255319149
11,4,8,69.7872340425532
11,4,8,74.68085106382979
12,4,8,75.74468085106383
12,4,8,80.85106382978724
13,4,8,81.91489361702128
13,4,8,80.0
14,4,8,79.36170212765957
14,4,8,80.42553191489361
15,4,8,80.42553191489361
15,4,8,77.44680851063829
16,4,8,76.59574468085107
16,4,8,74.46808510638297
8,5,8,67.44680851063829
8,5,8,9.787234042553193
9,5,8,11.27659574468085
9,5,8,14.680851063829786
10,5,8,15.106382978723405
10,5,8,17.02127659574468
11,5,8,20.425531914893615
11,5,8,22.97872340425532
12,5,8,24.04255319148936
12,5,8,27.872340425531917
13,5,8,33.61702127659574
13,5,8,35.744680851063826
14,5,8,39.14893617021277
14,5,8,42.12765957446808
15,5,8,45.53191489361702
15,5,8,46.59574468085106
16,5,8,48.93617021276596
16,5,8,49.361702127659576
8,6,8,48.51063829787234
8,6,8,6.382978723404255
9,6,8,5.957446808510638
9,6,8,6.595744680851064
10,6,8,7.0212765957446805
10,6,8,8.51063829787234
11,6,8,12.127659574468083
11,6,8,14.46808510638298
12,6,8,15.95744680851064
12,6,8,18.51063829787234
13,6,8,22.34042553191489
13,6,8,23.829787234042552
14,6,8,26.80851063829787
14,6,8,28.93617021276596
15,6,8,32.5531914893617
15,6,8,37.02127659574468
16,6,8,41.48936170212766
16,6,8,42.765957446808514
8,0,8,48.297872340425535
8,0,8,25.31914893617021
9,0,8,38.297872340425535
9,0,8,52.97872340425532
10,0,8,64.04255319148936
10,0,8,75.74468085106383
11,0,8,80.2127659574468
11,0,8,82.76595744680851
12,0,8,84.8936170212766
12,0,8,87.23404255319149
13,0,8,88.93617021276596
13,0,8,90.0
14,0,8,90.2127659574468
14,0,8,90.2127659574468
15,0,8,88.72340425531915
15,0,8,85.31914893617021
16,0,8,81.91489361702128
16,0,8,77.65957446808511
7,1,8,69.7872340425532
8,1,8,28.93617021276596
9,1,8,42.5531914893617
9,1,8,59.57446808510638
10,1,8,70.85106382978724
10,1,8,80.85106382978724
11,1,8,86.17021276595744
11,1,8,90.85106382978724
11,1,8,93.19148936170212
12,1,8,95.53191489361704
13,1,8,98.29787234042551
13,1,8,98.51063829787236
14,1,8,97.44680851063828
14,1,8,95.3191489361702
14,1,8,92.12765957446808
15,1,8,91.06382978723404
16,1,8,84.68085106382979
16,1,8,79.14893617021276
8,2,8,71.70212765957447
8,2,8,30.425531914893615
9,2,8,43.40425531914894
9,2,8,57.87234042553192
10,2,8,68.08510638297872
10,2,8,76.80851063829788
10,2,8,81.91489361702128
11,2,8,83.82978723404256
12,2,8,85.31914893617021
12,2,8,88.29787234042553
13,2,8,89.7872340425532
13,2,8,91.48936170212764
14,2,8,92.34042553191487
14,2,8,91.91489361702128
15,2,8,91.27659574468083
15,2,8,88.93617021276596
16,2,8,85.74468085106383
16,2,8,79.7872340425532
8,3,8,75.1063829787234
8,3,8,35.95744680851064
8,3,8,45.95744680851064
9,3,8,65.1063829787234
9,3,8,81.27659574468085
10,3,8,91.91489361702128
10,3,8,96.80851063829788
11,3,8,100.0
11,3,8,99.14893617021276
12,3,8,99.14893617021276
12,3,8,99.5744680851064
13,3,8,100.0
13,3,8,97.87234042553192
14,3,8,98.72340425531917
14,3,8,98.93617021276596
15,3,8,95.1063829787234
15,3,8,92.34042553191487
16,3,8,87.02127659574468
7,4,8,75.95744680851064
8,4,8,28.08510638297872
9,4,8,43.61702127659574
9,4,8,61.91489361702128
10,4,8,70.2127659574468
10,4,8,76.17021276595744
11,4,8,80.2127659574468
11,4,8,84.25531914893617
12,4,8,86.59574468085107
12,4,8,88.93617021276596
12,4,8,89.14893617021276
13,4,8,89.7872340425532
13,4,8,90.63829787234044
14,4,8,91.48936170212764
14,4,8,86.17021276595744
15,4,8,84.46808510638297
15,4,8,80.85106382978724
16,4,8,77.44680851063829
8,0,8,70.0
8,0,8,26.170212765957448
9,0,8,40.85106382978724
9,0,8,55.319148936170215
10,0,8,64.8936170212766
10,0,8,74.25531914893617
11,0,8,78.72340425531915
11,0,8,81.91489361702128
11,0,8,84.8936170212766
12,0,8,88.51063829787235
13,0,8,89.7872340425532
13,0,8,91.91489361702128
14,0,8,92.76595744680851
14,0,8,92.34042553191487
15,0,8,90.63829787234044
15,0,8,89.14893617021276
16,0,8,84.04255319148936
16,0,8,79.7872340425532
7,1,8,72.76595744680851
8,1,8,28.51063829787234
8,1,8,44.46808510638298
9,1,8,57.659574468085104
10,1,8,69.7872340425532
10,1,8,81.48936170212765
11,1,8,87.65957446808511
11,1,8,92.55319148936172
11,1,8,94.46808510638296
12,1,8,98.08510638297872
12,1,8,96.38297872340424
13,1,8,96.17021276595744
14,1,8,94.8936170212766
14,1,8,93.82978723404256
15,1,8,89.14893617021276
15,1,8,86.59574468085107
16,1,8,80.0
16,1,8,75.1063829787234
7,2,8,69.14893617021276
8,2,8,36.59574468085106
8,2,8,51.70212765957447
9,2,8,67.23404255319149
9,2,8,79.57446808510639
10,2,8,88.72340425531915
10,2,8,94.6808510638298
11,2,8,99.7872340425532
11,2,8,98.93617021276596
12,2,8,97.87234042553192
12,2,8,97.44680851063828
13,2,8,99.36170212765956
13,2,8,96.80851063829788
14,2,8,97.23404255319149
14,2,8,95.3191489361702
15,2,8,92.34042553191487
15,2,8,88.08510638297872
16,2,8,82.55319148936171
7,3,8,75.1063829787234
8,3,8,31.48936170212766
8,3,8,43.40425531914894
9,3,8,58.08510638297872
9,3,8,67.02127659574468
10,3,8,74.46808510638297
10,3,8,81.70212765957447
11,3,8,86.59574468085107
11,3,8,88.93617021276596
12,3,8,89.7872340425532
12,3,8,90.4255319148936
13,3,8,91.70212765957449
13,3,8,91.91489361702128
14,3,8,91.27659574468083
14,3,8,89.57446808510639
15,3,8,85.31914893617021
15,3,8,84.25531914893617
16,3,8,77.23404255319149
8,4,8,68.29787234042553
8,4,8,31.70212765957447
8,4,8,46.59574468085106
9,4,8,57.234042553191486
9,4,8,63.82978723404256
10,4,8,69.36170212765957
10,4,8,72.76595744680851
11,4,8,76.59574468085107
11,4,8,78.93617021276596
12,4,8,80.42553191489361
13,4,8,81.06382978723404
13,4,8,80.85106382978724
14,4,8,80.42553191489361
14,4,8,78.72340425531915
14,4,8,76.38297872340425
15,4,8,76.17021276595744
16,4,8,74.25531914893617
16,4,8,66.80851063829788
7,5,8,61.48936170212766
8,5,8,13.191489361702128
9,5,8,13.617021276595745
9,5,8,13.829787234042554
9,5,8,13.617021276595745
10,5,8,14.680851063829786
11,5,8,15.319148936170214
11,5,8,16.595744680851062
12,5,8,19.78723404255319
12,5,8,23.19148936170213
12,5,8,23.19148936170213
13,5,8,24.25531914893617
13,5,8,28.08510638297872
14,5,8,30.851063829787236
15,5,8,31.27659574468085
15,5,8,34.680851063829785
15,5,8,37.87234042553192
16,5,8,37.4468085106383
8,6,8,38.723404255319146
8,6,8,10.638297872340424
8,6,8,11.063829787234043
9,6,8,10.851063829787234
9,6,8,11.27659574468085
10,6,8,11.702127659574469
10,6,8,13.404255319148936
11,6,8,14.46808510638298
11,6,8,17.4468085106383
12,6,8,21.06382978723404
13,6,8,21.70212765957447
13,6,8,22.34042553191489
13,6,8,24.46808510638298
14,6,8,27.872340425531917
14,6,8,32.97872340425532
15,6,8,34.8936170212766
15,6,8,35.744680851063826
16,6,8,32.5531914893617
8,0,8,35.319148936170215
8,0,8,26.170212765957448
9,0,8,38.723404255319146
9,0,8,53.82978723404256
10,0,8,63.191489361702125
10,0,8,73.40425531914893
11,0,8,75.74468085106383
11,0,8,77.02127659574468
11,0,8,78.93617021276596
12,0,8,80.2127659574468
12,0,8,81.91489361702128
13,0,8,81.48936170212765
14,0,8,83.19148936170212
14,0,8,81.48936170212765
14,0,8,81.06382978723404
15,0,8,78.29787234042553
15,0,8,75.53191489361703
16,0,8,71.48936170212765
7,1,9,0.0
8,1,9,27.727272727272727
8,1,9,43.18181818181818
9,1,9,66.36363636363636
9,1,9,81.36363636363636
10,1,9,92.27272727272728
10,1,9,96.36363636363636
11,1,9,98.63636363636364
11,1,9,94.54545454545456
12,1,9,98.63636363636364
13,1,9,99.54545454545456
13,1,9,91.8181818181818
14,1,9,90.0
14,1,9,87.72727272727273
14,1,9,85.45454545454545
15,1,9,81.81818181818181
16,1,9,77.27272727272727
16,1,9,71.81818181818181
7,2,9,64.0909090909091
8,2,9,24.09090909090909
9,2,9,42.27272727272727
9,2,9,64.0909090909091
10,2,9,74.0909090909091
10,2,9,85.9090909090909
11,2,9,88.18181818181819
11,2,9,92.72727272727272
12,2,9,93.1818181818182
12,2,9,93.63636363636364
12,2,9,96.36363636363636
13,2,9,97.27272727272728
13,2,9,97.72727272727272
14,2,9,94.0909090909091
14,2,9,93.63636363636364
15,2,9,89.54545454545455
16,2,9,85.9090909090909
16,2,9,80.0
7,3,9,72.27272727272727
8,3,9,26.818181818181817
8,3,9,42.72727272727273
9,3,9,61.36363636363637
10,3,9,71.36363636363636
10,3,9,81.81818181818181
10,3,9,88.18181818181819
11,3,9,92.72727272727272
12,3,9,94.0909090909091
12,3,9,96.8181818181818
12,3,9,97.72727272727272
13,3,9,96.8181818181818
13,3,9,95.9090909090909
14,3,9,95.9090909090909
15,3,9,93.63636363636364
15,3,9,90.9090909090909
16,3,9,86.81818181818181
16,3,9,78.18181818181819
8,4,9,69.54545454545455
8,4,9,23.63636363636364
9,4,9,39.09090909090909
9,4,9,60.45454545454545
9,4,9,71.36363636363636
10,4,9,72.72727272727273
10,4,9,76.81818181818181
11,4,9,80.45454545454545
12,4,9,80.9090909090909
12,4,9,82.72727272727273
13,4,9,82.72727272727273
13,4,9,81.81818181818181
14,4,9,81.36363636363636
14,4,9,80.9090909090909
15,4,9,79.54545454545455
15,4,9,76.36363636363636
15,4,9,73.63636363636364
16,4,9,68.63636363636364
7,5,9,61.81818181818182
8,5,9,13.636363636363637
8,5,9,14.545454545454543
9,5,9,14.545454545454543
10,5,9,14.090909090909092
10,5,9,14.545454545454543
10,5,9,14.545454545454543
11,5,9,13.636363636363637
12,5,9,10.0
12,5,9,10.454545454545457
13,5,9,11.363636363636363
13,5,9,11.363636363636363
14,5,9,10.909090909090908
14,5,9,11.363636363636363
14,5,9,12.272727272727272
15,5,9,11.818181818181818
16,5,9,12.272727272727272
16,5,9,12.272727272727272
8,6,9,15.0
8,6,9,12.272727272727272
9,6,9,12.272727272727272
9,6,9,11.363636363636363
9,6,9,11.363636363636363
10,6,9,11.363636363636363
11,6,9,11.818181818181818
11,6,9,13.181818181818182
11,6,9,12.272727272727272
12,6,9,12.727272727272728
13,6,9,10.0
13,6,9,8.181818181818182
14,6,9,8.181818181818182
14,6,9,8.181818181818182
15,6,9,7.727272727272727
15,6,9,7.727272727272727
16,6,9,9.090909090909092
16,6,9,9.090909090909092
8,0,9,7.727272727272727
8,0,9,24.09090909090909
9,0,9,36.36363636363637
9,0,9,62.72727272727273
10,0,9,73.63636363636364
10,0,9,81.36363636363636
10,0,9,82.72727272727273
11,0,9,83.63636363636364
11,0,9,89.0909090909091
12,0,9,94.54545454545456
13,0,9,95.45454545454544
13,0,9,96.8181818181818
14,0,9,89.54545454545455
14,0,9,90.45454545454544
14,0,9,87.27272727272727
15,0,9,85.0
15,0,9,82.27272727272727
16,0,9,76.81818181818181
8,1,9,65.45454545454545
8,1,9,27.272727272727277
8,1,9,41.81818181818182
9,1,9,58.63636363636363
9,1,9,75.45454545454545
10,1,9,88.63636363636364
10,1,9,95.0
11,1,9,96.8181818181818
12,1,9,92.72727272727272
12,1,9,94.54545454545456
13,1,9,93.63636363636364
13,1,9,93.1818181818182
14,1,9,93.63636363636364
14,1,9,93.1818181818182
15,1,9,90.45454545454544
15,1,9,86.36363636363636
16,1,9,80.9090909090909
16,1,9,76.81818181818181
8,2,9,70.9090909090909
8,2,9,23.63636363636364
9,2,9,38.18181818181818
9,2,9,61.81818181818182
10,2,9,68.18181818181819
10,2,9,82.27272727272727
11,2,9,86.81818181818181
11,2,9,89.54545454545455
12,2,9,93.1818181818182
12,2,9,94.0909090909091
13,2,9,93.1818181818182
13,2,9,92.27272727272728
14,2,9,92.72727272727272
14,2,9,90.9090909090909
15,2,9,90.45454545454544
15,2,9,86.36363636363636
15,2,9,81.81818181818181
16,2,9,77.27272727272727
7,3,9,71.81818181818181
8,3,9,20.90909090909091
9,3,9,21.363636363636363
9,3,9,44.54545454545455
9,3,9,60.0
10,3,9,68.18181818181819
11,3,9,71.36363636363636
11,3,9,73.18181818181819
11,3,9,75.45454545454545
12,3,9,78.18181818181819
13,3,9,79.0909090909091
13,3,9,79.0909090909091
13,3,9,80.0
14,3,9,77.27272727272727
15,3,9,74.54545454545455
15,3,9,72.72727272727273
16,3,9,70.45454545454545
16,3,9,65.45454545454545
8,4,9,60.45454545454545
8,4,9,26.363636363636363
9,4,9,36.81818181818182
9,4,9,58.18181818181818
10,4,9,66.81818181818181
10,4,9,75.0
11,4,9,77.72727272727273
11,4,9,81.36363636363636
12,4,9,83.18181818181819
12,4,9,83.63636363636364
13,4,9,85.0
13,4,9,84.54545454545455
14,4,9,85.0
14,4,9,85.45454545454545
15,4,9,82.27272727272727
15,4,9,77.72727272727273
16,4,9,75.0
16,4,9,72.27272727272727
8,5,9,65.45454545454545
8,5,9,14.090909090909092
9,5,9,17.727272727272727
9,5,9,19.09090909090909
10,5,9,19.09090909090909
10,5,9,19.545454545454547
11,5,9,18.63636363636364
11,5,9,19.09090909090909
12,5,9,20.0
12,5,9,20.454545454545453
13,5,9,20.454545454545453
13,5,9,21.363636363636363
14,5,9,21.818181818181817
14,5,9,22.727272727272727
15,5,9,23.181818181818183
15,5,9,23.63636363636364
16,5,9,23.181818181818183
16,5,9,23.63636363636364
8,6,9,23.181818181818183
8,6,9,15.454545454545457
9,6,9,18.63636363636364
9,6,9,20.90909090909091
10,6,9,23.63636363636364
10,6,9,25.454545454545453
11,6,9,26.818181818181817
11,6,9,30.0
12,6,9,32.72727272727273
12,6,9,33.18181818181818
13,6,9,32.72727272727273
13,6,9,35.0
14,6,9,33.63636363636363
14,6,9,31.818181818181817
15,6,9,29.09090909090909
15,6,9,27.272727272727277
15,6,9,27.727272727272727
16,6,9,25.90909090909091
8,0,9,25.90909090909091
8,0,9,21.818181818181817
9,0,9,32.72727272727273
9,0,9,60.45454545454545
10,0,9,70.0
10,0,9,82.27272727272727
11,0,9,85.45454545454545
11,0,9,89.54545454545455
12,0,9,91.36363636363636
12,0,9,93.63636363636364
12,0,9,95.0
13,0,9,94.54545454545456
14,0,9,94.54545454545456
14,0,9,95.45454545454544
14,0,9,94.0909090909091
15,0,9,91.36363636363636
15,0,9,88.18181818181819
16,0,9,88.63636363636364
8,1,9,81.81818181818181
8,1,9,27.272727272727277
9,1,9,40.0
9,1,9,64.54545454545455
10,1,9,74.54545454545455
10,1,9,87.72727272727273
11,1,9,90.0
11,1,9,96.36363636363636
12,1,9,100.0
12,1,9,99.0909090909091
13,1,9,100.0
13,1,9,99.54545454545456
13,1,9,98.63636363636364
14,1,9,97.27272727272728
15,1,9,96.36363636363636
15,1,9,94.0909090909091
15,1,9,91.36363636363636
16,1,9,84.54545454545455
8,2,9,75.45454545454545
8,2,9,27.727272727272727
8,2,9,38.18181818181818
9,2,9,65.9090909090909
9,2,9,80.9090909090909
10,2,9,89.0909090909091
10,2,9,92.27272727272728
11,2,9,97.72727272727272
11,2,9,95.45454545454544
12,2,9,77.72727272727273
12,2,9,81.36363636363636
13,2,9,82.27272727272727
13,2,9,82.72727272727273
14,2,9,80.9090909090909
14,2,9,79.54545454545455
15,2,9,75.9090909090909
15,2,9,75.45454545454545
16,2,9,72.72727272727273
7,5,9,69.0909090909091
8,5,9,12.727272727272728
8,5,9,13.181818181818182
9,5,9,15.454545454545457
9,5,9,16.818181818181817
10,5,9,15.909090909090908
10,5,9,16.818181818181817
11,5,9,18.181818181818183
11,5,9,17.272727272727273
12,5,9,19.09090909090909
12,5,9,20.0
13,5,9,20.0
13,5,9,21.363636363636363
14,5,9,20.90909090909091
14,5,9,22.272727272727277
15,5,9,22.727272727272727
15,5,9,22.727272727272727
16,5,9,21.818181818181817
7,0,9,20.0
8,0,9,23.181818181818183
9,0,9,42.72727272727273
9,0,9,63.18181818181818
9,0,9,69.54545454545455
10,0,9,75.9090909090909
11,0,9,81.36363636363636
11,0,9,83.18181818181819
12,0,9,82.72727272727273
12,0,9,87.72727272727273
12,0,9,89.0909090909091
13,0,9,88.63636363636364
13,0,9,90.0
14,0,9,90.0
14,0,9,90.0
15,0,9,88.18181818181819
16,0,9,86.81818181818181
16,0,9,82.27272727272727
8,1,9,73.63636363636364
8,1,9,24.545454545454547
9,1,9,38.63636363636363
9,1,9,61.36363636363637
9,1,9,65.9090909090909
10,1,9,74.54545454545455
10,1,9,80.0
11,1,9,81.36363636363636
12,1,9,83.63636363636364
12,1,9,99.54545454545456
13,1,9,99.54545454545456
13,1,9,99.0909090909091
13,1,9,98.63636363636364
14,1,9,98.1818181818182
15,1,9,99.54545454545456
15,1,9,90.0
15,1,9,90.0
16,1,9,84.0909090909091
7,2,9,76.81818181818181
8,2,9,21.363636363636363
8,2,9,36.36363636363637
9,2,9,60.45454545454545
9,2,9,68.18181818181819
10,2,9,77.27272727272727
10,2,9,80.0
11,2,9,82.72727272727273
11,2,9,85.9090909090909
12,2,9,89.54545454545455
12,2,9,90.9090909090909
13,2,9,91.36363636363636
13,2,9,91.8181818181818
14,2,9,96.36363636363636
14,2,9,97.72727272727272
15,2,9,98.1818181818182
15,2,9,95.9090909090909
16,2,9,91.36363636363636
7,3,9,82.27272727272727
8,3,9,29.545454545454547
8,3,9,49.54545454545455
9,3,9,69.0909090909091
9,3,9,73.63636363636364
10,3,9,82.72727272727273
10,3,9,86.36363636363636
11,3,9,87.72727272727273
11,3,9,88.18181818181819
12,3,9,93.63636363636364
12,3,9,96.8181818181818
13,3,9,91.36363636363636
13,3,9,100.0
14,3,9,91.8181818181818
14,3,9,89.54545454545455
15,3,9,86.36363636363636
15,3,9,83.63636363636364
16,3,9,78.63636363636364
8,4,9,71.81818181818181
8,4,9,32.72727272727273
9,4,9,60.45454545454545
10,4,9,65.9090909090909
10,4,9,71.81818181818181
10,4,9,73.18181818181819
11,4,9,74.54545454545455
12,4,9,76.36363636363636
12,4,9,77.27272727272727
13,4,9,78.63636363636364
13,4,9,77.72727272727273
14,4,9,76.81818181818181
14,4,9,76.81818181818181
15,4,9,75.9090909090909
15,4,9,76.81818181818181
16,4,9,75.9090909090909
16,4,9,71.36363636363636
7,5,9,65.0
8,5,9,17.272727272727273
8,5,9,17.272727272727273
9,5,9,20.0
9,5,9,21.363636363636363
10,5,9,21.818181818181817
10,5,9,21.818181818181817
11,5,9,21.818181818181817
12,5,9,18.181818181818183
12,5,9,16.818181818181817
12,5,9,17.727272727272727
13,5,9,17.727272727272727
13,5,9,20.0
14,5,9,21.363636363636363
14,5,9,20.0
15,5,9,20.0
15,5,9,20.454545454545453
16,5,9,21.818181818181817
7,6,9,21.363636363636363
8,6,9,16.363636363636363
8,6,9,15.909090909090908
9,6,9,17.272727272727273
9,6,9,16.818181818181817
10,6,9,17.272727272727273
10,6,9,16.818181818181817
11,6,9,15.0
11,6,9,15.0
12,6,9,10.909090909090908
13,6,9,10.909090909090908
13,6,9,10.0
13,6,9,10.0
14,6,9,12.727272727272728
15,6,9,11.818181818181818
15,6,9,10.454545454545457
8,0,9,10.454545454545457
8,0,9,25.90909090909091
9,0,9,35.45454545454545
9,0,9,63.63636363636363
10,0,9,75.0
10,0,9,84.0909090909091
11,0,9,88.18181818181819
11,0,9,90.45454545454544
12,0,9,90.45454545454544
12,0,9,94.54545454545456
13,0,9,94.54545454545456
13,0,9,93.63636363636364
13,0,9,93.63636363636364
14,0,9,91.36363636363636
15,0,9,90.9090909090909
15,0,9,88.18181818181819
16,0,9,85.45454545454545
16,0,9,80.0
8,1,9,75.9090909090909
8,1,9,30.0
9,1,9,41.81818181818182
9,1,9,67.27272727272727
10,1,9,76.36363636363636
10,1,9,90.9090909090909
11,1,9,92.72727272727272
11,1,9,97.72727272727272
12,1,9,86.36363636363636
12,1,9,92.72727272727272
13,1,9,94.0909090909091
13,1,9,96.8181818181818
14,1,9,97.27272727272728
14,1,9,94.54545454545456
15,1,9,95.45454545454544
15,1,9,92.72727272727272
16,1,9,86.36363636363636
16,1,9,80.9090909090909
7,2,9,70.45454545454545
8,2,9,20.90909090909091
8,2,9,35.0
9,2,9,58.63636363636363
9,2,9,70.45454545454545
10,2,9,78.63636363636364
10,2,9,83.63636363636364
11,2,9,88.18181818181819
11,2,9,92.72727272727272
12,2,9,99.54545454545456
13,2,9,99.54545454545456
13,2,9,100.0
14,2,9,98.1818181818182
14,2,9,99.54545454545456
14,2,9,100.0
15,2,9,97.72727272727272
16,2,9,96.8181818181818
16,2,9,91.8181818181818
8,3,9,82.27272727272727
8,3,9,33.18181818181818
9,3,9,43.18181818181818
9,3,9,69.0909090909091
10,3,9,77.27272727272727
10,3,9,87.72727272727273
11,3,9,87.72727272727273
11,3,9,95.45454545454544
12,3,9,97.72727272727272
12,3,9,91.8181818181818
12,3,9,92.72727272727272
13,3,9,93.1818181818182
13,3,9,92.27272727272728
14,3,9,92.72727272727272
15,3,9,91.8181818181818
15,3,9,87.27272727272727
16,3,9,85.9090909090909
8,4,9,64.54545454545455
8,4,9,30.454545454545453
8,4,9,41.81818181818182
9,4,9,65.45454545454545
10,4,9,74.0909090909091
10,4,9,78.63636363636364
11,4,9,81.81818181818181
11,4,9,85.0
12,4,9,87.72727272727273
12,4,9,88.18181818181819
13,4,9,88.18181818181819
13,4,9,88.18181818181819
13,4,9,88.63636363636364
14,4,9,88.63636363636364
15,4,9,87.72727272727273
15,4,9,83.63636363636364
16,4,9,80.9090909090909
16,4,9,78.63636363636364
8,5,9,71.36363636363636
8,5,9,25.90909090909091
8,5,9,26.363636363636363
9,5,9,29.09090909090909
9,5,9,30.0
10,5,9,30.90909090909091
10,5,9,31.363636363636363
11,5,9,30.90909090909091
12,5,9,29.545454545454547
12,5,9,31.363636363636363
13,5,9,31.818181818181817
13,5,9,32.27272727272727
13,5,9,33.18181818181818
14,5,9,31.818181818181817
15,5,9,32.27272727272727
15,5,9,32.72727272727273
16,5,9,31.363636363636363
16,5,9,31.363636363636363
8,6,9,29.545454545454547
8,6,9,12.727272727272728
9,6,9,12.727272727272728
9,6,9,13.636363636363637
10,6,9,13.636363636363637
10,6,9,14.090909090909092
10,6,9,14.090909090909092
11,6,9,14.545454545454543
11,6,9,14.090909090909092
12,6,9,14.545454545454543
13,6,9,15.454545454545457
13,6,9,17.727272727272727
13,6,9,16.818181818181817
14,6,9,19.09090909090909
15,6,9,20.90909090909091
15,6,9,23.181818181818183
15,6,9,24.09090909090909
16,6,9,24.545454545454547
8,0,9,26.363636363636363
8,0,9,19.545454545454547
8,0,9,32.72727272727273
9,0,9,59.54545454545455
9,0,9,70.9090909090909
10,0,9,82.72727272727273
10,0,9,81.81818181818181
11,0,9,85.0
11,0,9,85.45454545454545
12,0,9,91.8181818181818
12,0,9,91.36363636363636
13,0,9,90.45454545454544
13,0,9,91.36363636363636
14,0,9,91.8181818181818
15,0,9,91.36363636363636
15,0,9,88.18181818181819
16,0,9,87.27272727272727
16,0,9,80.45454545454545
7,1,9,76.81818181818181
8,1,9,23.181818181818183
8,1,9,32.72727272727273
9,1,9,65.0
9,1,9,68.63636363636364
10,1,9,68.63636363636364
11,1,9,68.63636363636364
11,1,9,68.63636363636364
11,1,9,99.0909090909091
12,1,9,96.36363636363636
13,1,9,97.27272727272728
13,1,9,95.45454545454544
14,1,9,95.9090909090909
14,1,9,95.0
15,1,9,91.36363636363636
15,1,9,88.18181818181819
16,1,9,84.0909090909091
16,1,9,75.45454545454545
8,2,9,69.54545454545455
8,2,9,8.636363636363637
9,2,9,8.636363636363637
9,2,9,8.636363636363637
10,2,9,8.636363636363637
10,2,9,8.636363636363637
11,2,9,8.636363636363637
11,2,9,8.636363636363637
12,2,9,8.636363636363637
12,2,9,8.636363636363637
13,2,9,8.636363636363637
13,2,9,8.636363636363637
14,2,9,8.636363636363637
14,2,9,8.636363636363637
15,2,9,8.636363636363637
15,2,9,90.45454545454544
16,2,9,86.81818181818181
16,2,9,78.63636363636364
8,3,9,69.0909090909091
8,3,9,26.363636363636363
9,3,9,43.18181818181818
9,3,9,70.9090909090909
10,3,9,78.18181818181819
10,3,9,91.36363636363636
11,3,9,91.36363636363636
11,3,9,93.63636363636364
12,3,9,95.45454545454544
12,3,9,100.0
13,3,9,90.45454545454544
13,3,9,100.0
14,3,9,94.0909090909091
14,3,9,92.27272727272728
15,3,9,90.45454545454544
15,3,9,87.72727272727273
16,3,9,84.54545454545455
16,3,9,80.0
8,4,9,74.54545454545455
8,4,9,25.90909090909091
9,4,9,36.81818181818182
9,4,9,59.54545454545455
10,4,9,69.54545454545455
10,4,9,74.0909090909091
11,4,9,76.36363636363636
11,4,9,78.63636363636364
12,4,9,81.81818181818181
12,4,9,84.0909090909091
13,4,9,83.63636363636364
13,4,9,85.45454545454545
14,4,9,80.9090909090909
14,4,9,80.45454545454545
15,4,9,78.63636363636364
15,4,9,74.0909090909091
16,4,9,72.27272727272727
16,4,9,67.27272727272727
8,5,9,60.90909090909091
8,5,9,12.727272727272728
9,5,9,13.181818181818182
9,5,9,15.454545454545457
10,5,9,15.454545454545457
10,5,9,15.0
11,5,9,16.818181818181817
11,5,9,16.818181818181817
12,5,9,18.181818181818183
12,5,9,17.727272727272727
13,5,9,17.727272727272727
13,5,9,18.63636363636364
14,5,9,20.454545454545453
14,5,9,19.09090909090909
15,5,9,20.0
15,5,9,21.363636363636363
16,5,9,21.363636363636363
16,5,9,21.363636363636363
8,6,9,20.90909090909091
8,6,9,7.727272727272727
9,6,9,7.727272727272727
9,6,9,8.181818181818182
10,6,9,9.090909090909092
10,6,9,9.090909090909092
11,6,9,10.0
11,6,9,9.545454545454543
12,6,9,7.727272727272727
12,6,9,5.0
13,6,9,3.1818181818181817
13,6,9,1.818181818181818
14,6,9,0.9090909090909092
14,6,9,1.3636363636363635
15,6,9,2.272727272727273
15,6,9,1.3636363636363635
16,6,9,1.3636363636363635
16,6,9,1.818181818181818
8,0,9,2.272727272727273
8,0,9,20.454545454545453
9,0,9,34.54545454545455
9,0,9,57.72727272727273
10,0,9,69.54545454545455
10,0,9,84.54545454545455
11,0,9,90.0
11,0,9,91.8181818181818
12,0,9,92.72727272727272
12,0,9,98.1818181818182
13,0,9,90.0
13,0,9,92.27272727272728
14,0,9,93.1818181818182
14,0,9,92.27272727272728
15,0,9,93.1818181818182
15,0,9,89.54545454545455
16,0,9,87.27272727272727
16,0,9,79.0909090909091
7,1,9,71.81818181818181
8,1,9,19.09090909090909
8,1,9,36.36363636363637
9,1,9,58.18181818181818
9,1,9,70.45454545454545
10,1,9,81.81818181818181
11,1,9,86.81818181818181
11,1,9,90.0
11,1,9,91.36363636363636
12,1,9,95.9090909090909
12,1,9,97.72727272727272
13,1,9,98.1818181818182
14,1,9,98.63636363636364
14,1,9,97.72727272727272
15,1,9,96.36363636363636
15,1,9,95.0
15,1,9,91.8181818181818
16,1,9,85.9090909090909
8,2,9,77.27272727272727
8,2,9,35.45454545454545
9,2,9,47.72727272727273
9,2,9,72.27272727272727
10,2,9,80.0
10,2,9,93.63636363636364
11,2,9,88.18181818181819
11,2,9,90.9090909090909
12,2,9,91.8181818181818
12,2,9,96.8181818181818
13,2,9,100.0
13,2,9,93.63636363636364
14,2,9,92.27272727272728
14,2,9,92.72727272727272
15,2,9,91.8181818181818
15,2,9,87.27272727272727
16,2,9,85.45454545454545
16,2,9,80.45454545454545
8,3,9,70.0
8,3,9,23.63636363636364
9,3,9,36.81818181818182
9,3,9,62.27272727272727
9,3,9,68.18181818181819
10,3,9,75.45454545454545
11,3,9,79.54545454545455
11,3,9,85.0
12,3,9,85.9090909090909
12,3,9,88.63636363636364
13,3,9,90.0
13,3,9,91.8181818181818
14,3,9,92.27272727272728
14,3,9,94.0909090909091
14,3,9,92.27272727272728
15,3,9,90.0
15,3,9,89.54545454545455
16,3,9,85.0
8,4,9,74.0909090909091
8,4,9,28.181818181818183
9,4,9,37.27272727272727
10,4,9,67.72727272727273
10,4,9,76.36363636363636
11,4,9,79.0909090909091
11,4,9,82.27272727272727
12,4,9,82.27272727272727
12,4,9,83.18181818181819
13,4,9,84.0909090909091
13,4,9,83.18181818181819
14,4,9,80.9090909090909
14,4,9,80.45454545454545
15,4,9,80.0
15,4,9,75.0
16,4,9,73.63636363636364
16,4,9,71.36363636363636
7,5,9,65.9090909090909
8,5,9,13.181818181818182
8,5,9,13.636363636363637
9,5,9,15.909090909090908
10,5,9,17.727272727272727
10,5,9,19.09090909090909
10,5,9,17.272727272727273
11,5,9,18.181818181818183
12,5,9,18.181818181818183
12,5,9,17.727272727272727
13,5,9,17.272727272727273
13,5,9,17.272727272727273
14,5,9,20.0
14,5,9,20.90909090909091
15,5,9,21.818181818181817
15,5,9,24.09090909090909
16,5,9,25.0
16,5,9,23.63636363636364
8,6,9,23.63636363636364
8,6,9,7.272727272727272
9,6,9,7.272727272727272
9,6,9,7.727272727272727
10,6,9,7.727272727272727
10,6,9,8.181818181818182
11,6,9,8.181818181818182
11,6,9,7.727272727272727
12,6,9,7.727272727272727
12,6,9,7.272727272727272
13,6,9,6.818181818181818
13,6,9,7.727272727272727
14,6,9,9.090909090909092
14,6,9,11.818181818181818
15,6,9,15.0
15,6,9,16.818181818181817
16,6,9,17.727272727272727
16,6,9,19.09090909090909
8,0,9,20.0
8,0,9,31.818181818181817
9,0,9,40.90909090909091
9,0,9,71.81818181818181
10,0,9,81.36363636363636
10,0,9,95.45454545454544
11,0,9,97.27272727272728
11,0,9,90.9090909090909
11,0,9,91.8181818181818
12,0,9,94.0909090909091
12,0,9,96.8181818181818
13,0,9,98.1818181818182
14,0,9,89.54545454545455
14,0,9,90.9090909090909
14,0,9,89.0909090909091
15,0,9,87.72727272727273
15,0,9,85.0
16,0,9,77.72727272727273
7,1,9,66.36363636363636
8,1,9,27.727272727272727
9,1,9,45.90909090909091
9,1,9,74.54545454545455
10,1,9,85.0
10,1,9,97.72727272727272
11,1,9,93.63636363636364
11,1,9,95.9090909090909
12,1,9,99.54545454545456
12,1,9,99.54545454545456
12,1,9,98.1818181818182
13,1,9,98.63636363636364
13,1,9,97.27272727272728
14,1,9,95.45454545454544
14,1,9,94.54545454545456
15,1,9,90.45454545454544
15,1,9,87.72727272727273
16,1,9,79.54545454545455
8,2,9,69.54545454545455
8,2,9,35.45454545454545
8,2,9,47.27272727272727
9,2,9,74.54545454545455
10,2,9,92.27272727272728
10,2,9,98.63636363636364
11,2,9,99.0909090909091
11,2,9,97.27272727272728
11,2,9,94.54545454545456
12,2,9,94.54545454545456
13,2,9,96.36363636363636
13,2,9,96.8181818181818
13,2,9,96.36363636363636
14,2,9,96.8181818181818
15,2,9,96.8181818181818
15,2,9,90.9090909090909
16,2,9,88.18181818181819
16,2,9,80.0
8,3,9,70.0
8,3,9,30.0
9,3,9,44.54545454545455
9,3,9,68.18181818181819
10,3,9,78.18181818181819
10,3,9,88.63636363636364
11,3,9,93.63636363636364
11,3,9,95.9090909090909
12,3,9,95.9090909090909
12,3,9,95.9090909090909
13,3,9,95.45454545454544
13,3,9,94.0909090909091
13,3,9,95.0
14,3,9,95.45454545454544
14,3,9,93.1818181818182
15,3,9,91.36363636363636
15,3,9,89.0909090909091
16,3,9,85.0
8,4,9,75.9090909090909
9,4,9,26.363636363636363
9,4,9,60.0
10,4,9,70.45454545454545
10,4,9,75.45454545454545
11,4,9,78.63636363636364
11,4,9,80.9090909090909
12,4,9,81.36363636363636
12,4,9,84.0909090909091
13,4,9,85.0
13,4,9,83.18181818181819
14,4,9,80.9090909090909
14,4,9,81.36363636363636
15,4,9,80.9090909090909
15,4,9,79.54545454545455
16,4,9,75.9090909090909
16,4,9,70.45454545454545
8,5,9,66.36363636363636
8,5,9,16.818181818181817
9,5,9,15.909090909090908
9,5,9,20.0
10,5,9,19.545454545454547
10,5,9,21.818181818181817
11,5,9,22.272727272727277
11,5,9,23.181818181818183
12,5,9,23.181818181818183
12,5,9,23.63636363636364
13,5,9,25.0
13,5,9,25.454545454545453
14,5,9,25.0
14,5,9,25.454545454545453
15,5,9,26.818181818181817
15,5,9,27.272727272727277
16,5,9,26.818181818181817
16,5,9,29.09090909090909
8,0,9,29.09090909090909
8,0,9,30.90909090909091
9,0,9,52.27272727272727
9,0,9,73.18181818181819
10,0,9,83.18181818181819
10,0,9,93.63636363636364
11,0,9,98.63636363636364
11,0,9,93.63636363636364
12,0,9,96.8181818181818
12,0,9,92.72727272727272
13,0,9,93.63636363636364
13,0,9,94.54545454545456
14,0,9,94.54545454545456
14,0,9,95.0
15,0,9,95.45454545454544
15,0,9,96.8181818181818
16,0,9,92.27272727272728
16,0,9,89.54545454545455
7,1,9,78.63636363636364
8,1,9,28.63636363636364
9,1,9,44.54545454545455
9,1,9,69.0909090909091
10,1,9,81.81818181818181
10,1,9,94.0909090909091
11,1,9,98.63636363636364
11,1,9,99.54545454545456
11,1,9,99.0909090909091
12,1,9,99.0909090909091
13,1,9,99.54545454545456
13,1,9,95.0
14,1,9,93.1818181818182
14,1,9,92.27272727272728
14,1,9,75.45454545454545
15,1,9,72.72727272727273
16,1,9,65.9090909090909
16,1,9,61.36363636363637
8,2,9,53.18181818181818
8,2,9,27.727272727272727
9,2,9,41.81818181818182
9,2,9,66.81818181818181
10,2,9,75.45454545454545
10,2,9,78.18181818181819
10,2,9,80.0
11,2,9,83.18181818181819
12,2,9,85.0
12,2,9,92.72727272727272
13,2,9,92.72727272727272
13,2,9,95.0
14,2,9,93.63636363636364
14,2,9,95.9090909090909
15,2,9,94.54545454545456
15,2,9,92.72727272727272
16,2,9,89.54545454545455
16,2,9,83.63636363636364
8,3,9,73.63636363636364
8,3,9,30.454545454545453
8,3,9,39.09090909090909
9,3,9,62.72727272727273
9,3,9,76.81818181818181
10,3,9,89.0909090909091
10,3,9,100.0
11,3,9,100.0
11,3,9,99.0909090909091
12,3,9,100.0
12,3,9,100.0
13,3,9,100.0
13,3,9,98.1818181818182
14,3,9,100.0
14,3,9,97.72727272727272
15,3,9,92.72727272727272
15,3,9,93.63636363636364
16,3,9,90.0
7,4,9,84.54545454545455
8,4,9,28.63636363636364
9,4,9,40.90909090909091
9,4,9,65.0
10,4,9,73.18181818181819
10,4,9,82.27272727272727
11,4,9,84.54545454545455
11,4,9,88.18181818181819
12,4,9,90.0
12,4,9,93.63636363636364
12,4,9,91.8181818181818
13,4,9,91.36363636363636
13,4,9,90.9090909090909
14,4,9,92.72727272727272
14,4,9,88.63636363636364
15,4,9,84.0909090909091
15,4,9,81.36363636363636
16,4,9,78.63636363636364
8,0,9,74.0909090909091
8,0,9,22.272727272727277
9,0,9,32.72727272727273
9,0,9,55.90909090909091
10,0,9,69.54545454545455
10,0,9,82.27272727272727
11,0,9,84.54545454545455
11,0,9,86.36363636363636
11,0,9,88.18181818181819
12,0,9,92.72727272727272
13,0,9,92.27272727272728
13,0,9,91.8181818181818
14,0,9,89.54545454545455
14,0,9,90.0
15,0,9,90.9090909090909
15,0,9,88.18181818181819
16,0,9,84.54545454545455
16,0,9,78.18181818181819
7,1,9,72.27272727272727
8,1,9,25.0
8,1,9,45.45454545454545
9,1,9,67.72727272727273
10,1,9,82.27272727272727
10,1,9,91.8181818181818
11,1,9,95.0
11,1,9,97.27272727272728
11,1,9,97.72727272727272
12,1,9,96.36363636363636
12,1,9,96.8181818181818
13,1,9,95.0
14,1,9,94.0909090909091
14,1,9,93.63636363636364
15,1,9,91.36363636363636
15,1,9,88.18181818181819
16,1,9,85.45454545454545
16,1,9,80.45454545454545
7,2,9,71.81818181818181
8,2,9,22.272727272727277
8,2,9,31.818181818181817
9,2,9,54.54545454545455
9,2,9,70.0
10,2,9,80.45454545454545
10,2,9,85.0
11,2,9,86.81818181818181
11,2,9,91.36363636363636
12,2,9,99.54545454545456
12,2,9,95.45454545454544
13,2,9,96.36363636363636
13,2,9,97.27272727272728
14,2,9,100.0
14,2,9,95.9090909090909
15,2,9,91.8181818181818
15,2,9,84.0909090909091
16,2,9,81.36363636363636
7,3,9,69.54545454545455
8,3,9,18.181818181818183
8,3,9,30.90909090909091
9,3,9,53.18181818181818
9,3,9,68.63636363636364
10,3,9,78.63636363636364
10,3,9,83.18181818181819
11,3,9,84.0909090909091
11,3,9,85.0
12,3,9,90.0
12,3,9,92.72727272727272
13,3,9,91.36363636363636
13,3,9,90.9090909090909
14,3,9,90.9090909090909
14,3,9,90.0
15,3,9,90.45454545454544
15,3,9,88.63636363636364
16,3,9,82.72727272727273
8,4,9,73.18181818181819
8,4,9,25.90909090909091
8,4,9,35.90909090909091
9,4,9,54.09090909090909
9,4,9,62.27272727272727
10,4,9,66.81818181818181
10,4,9,69.54545454545455
11,4,9,70.9090909090909
11,4,9,71.81818181818181
12,4,9,73.63636363636364
13,4,9,73.18181818181819
13,4,9,73.63636363636364
14,4,9,71.36363636363636
14,4,9,72.27272727272727
14,4,9,69.54545454545455
15,4,9,67.72727272727273
16,4,9,64.54545454545455
16,4,9,60.45454545454545
7,5,9,55.0
8,5,9,10.454545454545457
9,5,9,10.454545454545457
9,5,9,12.272727272727272
9,5,9,12.272727272727272
10,5,9,12.272727272727272
11,5,9,11.818181818181818
11,5,9,11.363636363636363
12,5,9,10.0
12,5,9,8.636363636363637
12,5,9,10.0
13,5,9,9.545454545454543
13,5,9,8.636363636363637
14,5,9,9.090909090909092
15,5,9,10.454545454545457
15,5,9,11.363636363636363
15,5,9,12.727272727272728
16,5,9,15.454545454545457
8,6,9,17.727272727272727
8,6,9,18.63636363636364
8,6,9,17.727272727272727
9,6,9,16.818181818181817
9,6,9,16.818181818181817
10,6,9,15.454545454545457
10,6,9,15.0
11,6,9,15.0
11,6,9,15.454545454545457
12,6,9,15.454545454545457
13,6,9,13.636363636363637
13,6,9,13.181818181818182
13,6,9,13.636363636363637
14,6,9,13.636363636363637
14,6,9,14.090909090909092
15,6,9,13.181818181818182
15,6,9,15.454545454545457
16,6,9,15.0
8,0,9,15.454545454545457
8,0,9,27.272727272727277
9,0,9,40.0
9,0,9,63.18181818181818
10,0,9,74.54545454545455
10,0,9,84.54545454545455
11,0,9,89.54545454545455
11,0,9,91.8181818181818
11,0,9,93.1818181818182
12,0,9,98.63636363636364
12,0,9,97.27272727272728
13,0,9,98.63636363636364
14,0,9,96.36363636363636
14,0,9,98.1818181818182
14,0,9,98.63636363636364
15,0,9,98.1818181818182
15,0,9,93.63636363636364
16,0,9,89.54545454545455
7,1,10,0.0
8,1,10,38.42794759825328
8,1,10,43.95924308588064
9,1,10,50.36390101892285
9,1,10,60.262008733624455
10,1,10,70.59679767103349
10,1,10,77.14701601164484
11,1,10,83.4061135371179
11,1,10,87.91848617176129
12,1,10,92.28529839883552
13,1,10,94.32314410480348
13,1,10,94.75982532751092
14,1,10,94.32314410480348
14,1,10,92.72197962154294
14,1,10,91.26637554585152
15,1,10,86.31732168850073
16,1,10,83.26055312954877
16,1,10,74.38136826783115
7,2,10,68.5589519650655
8,2,10,41.04803493449781
9,2,10,48.03493449781659
9,2,10,57.496360989810775
10,2,10,67.54002911208151
10,2,10,78.02037845705968
11,2,10,84.13391557496361
11,2,10,90.1018922852984
12,2,10,93.15866084425036
12,2,10,94.61426491994176
12,2,10,96.21542940320234
13,2,10,96.5065502183406
13,2,10,92.86754002911208
14,2,10,92.43085880640466
14,2,10,90.24745269286754
15,2,10,85.00727802037845
16,2,10,80.78602620087337
16,2,10,74.67248908296943
7,3,10,67.68558951965065
8,3,10,51.81950509461426
8,3,10,57.05967976710335
9,3,10,65.06550218340611
10,3,10,73.50800582241631
10,3,10,79.91266375545851
10,3,10,84.13391557496361
11,3,10,86.02620087336244
12,3,10,89.3740902474527
12,3,10,94.32314410480348
12,3,10,95.92430858806404
13,3,10,87.33624454148472
13,3,10,85.1528384279476
14,3,10,84.71615720524018
15,3,10,82.96943231441048
15,3,10,79.62154294032024
16,3,10,75.54585152838428
16,3,10,72.92576419213974
8,4,10,69.72343522561863
8,4,10,61.57205240174672
9,4,10,64.48326055312955
9,4,10,72.92576419213974
9,4,10,77.29257641921397
10,4,10,82.82387190684133
10,4,10,88.20960698689956
11,4,10,90.53857350800584
12,4,10,93.59534206695778
12,4,10,96.0698689956332
13,4,10,96.79767103347888
13,4,10,97.08879184861718
14,4,10,95.0509461426492
14,4,10,92.5764192139738
15,4,10,89.66521106259097
15,4,10,87.04512372634643
15,4,10,84.71615720524018
16,4,10,78.89374090247453
7,5,10,77.87481804949054
8,5,10,57.05967976710335
8,5,10,57.20524017467249
9,5,10,58.22416302765648
10,5,10,61.28093158660844
10,5,10,62.73653566229986
10,5,10,64.3377001455604
11,5,10,64.91994177583697
12,5,10,66.52110625909752
12,5,10,69.5778748180495
13,5,10,72.34352256186317
13,5,10,77.00145560407569
14,5,10,78.4570596797671
14,5,10,83.26055312954877
14,5,10,86.31732168850073
15,5,10,87.33624454148472
16,5,10,89.3740902474527
16,5,10,89.08296943231441
8,6,10,88.79184861717613
8,6,10,41.92139737991266
9,6,10,41.92139737991266
9,6,10,41.630276564774384
9,6,10,42.503639010189225
10,6,10,43.66812227074236
11,6,10,44.10480349344978
11,6,10,43.66812227074236
11,6,10,44.54148471615721
12,6,10,43.95924308588064
13,6,10,43.95924308588064
13,6,10,45.12372634643377
14,6,10,45.56040756914119
14,6,10,50.65502183406114
15,6,10,51.67394468704512
15,6,10,52.9839883551674
16,6,10,53.27510917030568
16,6,10,52.9839883551674
8,0,10,48.7627365356623
8,0,10,36.24454148471616
9,0,10,41.48471615720524
9,0,10,51.52838427947598
10,0,10,59.38864628820961
10,0,10,67.8311499272198
10,0,10,72.7802037845706
11,0,10,74.38136826783115
11,0,10,76.56477438136827
12,0,10,78.16593886462883
13,0,10,79.62154294032024
13,0,10,80.64046579330422
14,0,10,79.62154294032024
14,0,10,77.43813682678312
14,0,10,76.27365356622998
15,0,10,74.67248908296943
15,0,10,68.5589519650655
16,0,10,65.93886462882097
8,1,10,60.4075691411936
8,1,10,45.70596797671033
8,1,10,49.63609898107715
9,1,10,55.45851528384279
9,1,10,64.77438136826783
10,1,10,72.92576419213974
10,1,10,79.76710334788937
11,1,10,83.55167394468704
12,1,10,87.627365356623
12,1,10,92.13973799126636
13,1,10,91.41193595342068
13,1,10,93.44978165938863
14,1,10,92.86754002911208
14,1,10,92.86754002911208
15,1,10,88.93740902474526
15,1,10,87.48180494905385
16,1,10,82.6783114992722
16,1,10,77.43813682678312
8,2,10,71.17903930131004
8,2,10,48.47161572052402
9,2,10,51.67394468704512
9,2,10,58.951965065502186
10,2,10,63.90101892285298
10,2,10,72.48908296943232
11,2,10,79.76710334788937
11,2,10,84.4250363901019
12,2,10,87.33624454148472
12,2,10,89.81077147016012
13,2,10,92.13973799126636
13,2,10,93.44978165938863
14,2,10,91.84861717612807
14,2,10,89.08296943231441
15,2,10,87.33624454148472
15,2,10,84.86171761280931
15,2,10,79.47598253275109
16,2,10,76.7103347889374
7,3,10,68.99563318777292
8,3,10,49.19941775836973
9,3,10,53.7117903930131
9,3,10,62.00873362445415
9,3,10,62.73653566229986
10,3,10,68.99563318777292
11,3,10,75.10917030567686
11,3,10,77.43813682678312
11,3,10,79.91266375545851
12,3,10,82.6783114992722
13,3,10,84.13391557496361
13,3,10,87.48180494905385
13,3,10,85.73508005822416
14,3,10,84.86171761280931
15,3,10,83.98835516739447
15,3,10,79.76710334788937
16,3,10,76.12809315866085
16,3,10,72.63464337700145
8,4,10,68.12227074235808
8,4,10,46.72489082969432
9,4,10,50.21834061135371
9,4,10,57.35080058224163
10,4,10,63.90101892285298
10,4,10,68.41339155749637
11,4,10,71.17903930131004
11,4,10,73.36244541484716
12,4,10,77.29257641921397
12,4,10,77.87481804949054
13,4,10,77.14701601164484
13,4,10,77.29257641921397
14,4,10,79.1848617176128
14,4,10,79.47598253275109
15,4,10,75.9825327510917
15,4,10,74.81804949053857
16,4,10,73.21688500727802
16,4,10,67.54002911208151
8,5,10,61.42649199417758
8,5,10,37.11790393013101
9,5,10,38.13682678311499
9,5,10,40.32023289665211
10,5,10,42.21251819505095
10,5,10,46.72489082969432
11,5,10,47.30713245997089
11,5,10,47.0160116448326
12,5,10,47.59825327510917
12,5,10,48.47161572052402
13,5,10,48.7627365356623
13,5,10,52.54730713245997
14,5,10,60.55312954876273
14,5,10,66.52110625909752
15,5,10,69.86899563318778
15,5,10,70.74235807860262
16,5,10,72.48908296943232
16,5,10,72.34352256186317
8,6,10,69.72343522561863
8,6,10,35.51673944687045
9,6,10,38.57350800582242
9,6,10,49.78165938864629
10,6,10,58.22416302765648
10,6,10,65.50218340611353
11,6,10,68.5589519650655
11,6,10,71.90684133915575
12,6,10,79.76710334788937
12,6,10,87.04512372634643
13,6,10,90.82969432314412
13,6,10,93.15866084425036
14,6,10,89.22852983988355
14,6,10,84.86171761280931
15,6,10,78.60262008733625
15,6,10,75.69141193595343
15,6,10,68.85007278020379
16,6,10,64.19213973799127
8,0,10,55.45851528384279
8,0,10,38.8646288209607
9,0,10,42.79475982532751
9,0,10,50.36390101892285
10,0,10,56.1863173216885
10,0,10,64.77438136826783
11,0,10,70.59679767103349
11,0,10,74.67248908296943
12,0,10,77.00145560407569
12,0,10,78.60262008733625
12,0,10,77.87481804949054
13,0,10,78.4570596797671
14,0,10,79.62154294032024
14,0,10,81.07714701601165
14,0,10,79.91266375545851
15,0,10,77.29257641921397
15,0,10,75.69141193595343
16,0,10,70.59679767103349
8,1,10,66.22998544395924
8,1,10,43.23144104803494
9,1,10,47.74381368267832
9,1,10,54.43959243085881
10,1,10,62.44541484716157
10,1,10,71.90684133915575
11,1,10,77.87481804949054
11,1,10,82.96943231441048
12,1,10,84.13391557496361
12,1,10,86.75400291120815
13,1,10,86.17176128093159
13,1,10,88.50072780203784
13,1,10,89.66521106259097
14,1,10,87.91848617176129
15,1,10,85.1528384279476
15,1,10,80.64046579330422
15,1,10,77.00145560407569
16,1,10,75.54585152838428
8,2,10,68.12227074235808
8,2,10,46.2882096069869
8,2,10,49.63609898107715
9,2,10,56.76855895196506
9,2,10,66.66666666666667
10,2,10,73.94468704512373
10,2,10,80.49490538573508
11,2,10,86.02620087336244
11,2,10,86.17176128093159
12,2,10,88.93740902474526
12,2,10,90.82969432314412
13,2,10,93.3042212518195
13,2,10,93.01310043668124
14,2,10,94.17758369723435
14,2,10,89.81077147016012
15,2,10,85.73508005822416
15,2,10,77.43813682678312
16,2,10,72.63464337700145
7,5,10,69.43231441048034
8,5,10,36.53566229985444
8,5,10,37.11790393013101
9,5,10,40.32023289665211
9,5,10,43.8136826783115
10,5,10,46.14264919941776
10,5,10,48.7627365356623
11,5,10,50.946142649199416
11,5,10,52.256186317321685
12,5,10,55.89519650655022
12,5,10,60.55312954876273
13,5,10,63.90101892285298
13,5,10,68.70451237263464
14,5,10,71.17903930131004
14,5,10,73.21688500727802
15,5,10,74.23580786026201
15,5,10,75.10917030567686
16,5,10,74.38136826783115
7,6,10,71.47016011644833
8,6,10,41.92139737991266
8,6,10,41.77583697234352
9,6,10,43.23144104803494
9,6,10,42.64919941775837
10,6,10,43.66812227074236
10,6,10,44.68704512372635
11,6,10,44.54148471615721
11,6,10,43.522561863173216
12,6,10,43.95924308588064
13,6,10,44.25036390101892
13,6,10,53.27510917030568
13,6,10,58.369723435225616
14,6,10,66.0844250363901
14,6,10,69.28675400291121
15,6,10,73.21688500727802
15,6,10,69.86899563318778
16,6,10,67.24890829694323
7,0,10,61.57205240174672
8,0,10,39.44687045123727
9,0,10,45.414847161572055
9,0,10,52.838427947598255
9,0,10,55.45851528384279
10,0,10,60.11644832605531
11,0,10,64.19213973799127
11,0,10,66.66666666666667
12,0,10,67.68558951965065
12,0,10,72.92576419213974
12,0,10,71.32459970887919
13,0,10,74.23580786026201
13,0,10,74.52692867540028
14,0,10,73.50800582241631
14,0,10,71.47016011644833
15,0,10,70.3056768558952
16,0,10,68.41339155749637
16,0,10,65.50218340611353
8,1,10,59.243085880640464
8,1,10,40.32023289665211
9,1,10,44.395924308588064
9,1,10,51.09170305676856
9,1,10,56.914119359534205
10,1,10,64.62882096069869
10,1,10,68.5589519650655
11,1,10,70.88791848617176
12,1,10,75.10917030567686
12,1,10,77.29257641921397
13,1,10,78.74818049490538
13,1,10,82.24163027656478
13,1,10,83.55167394468704
14,1,10,83.98835516739447
15,1,10,84.86171761280931
15,1,10,83.98835516739447
15,1,10,80.05822416302766
16,1,10,75.9825327510917
7,2,10,69.28675400291121
8,2,10,44.395924308588064
8,2,10,50.80058224163027
9,2,10,56.76855895196506
9,2,10,62.88209606986899
10,2,10,71.0334788937409
10,2,10,74.52692867540028
11,2,10,78.60262008733625
11,2,10,78.31149927219796
12,2,10,79.03930131004367
12,2,10,81.07714701601165
13,2,10,85.00727802037845
13,2,10,89.3740902474527
14,2,10,88.50072780203784
14,2,10,87.48180494905385
15,2,10,86.8995633187773
15,2,10,85.00727802037845
16,2,10,79.91266375545851
7,3,10,72.34352256186317
8,3,10,53.56622998544396
8,3,10,61.1353711790393
9,3,10,65.79330422125182
9,3,10,69.28675400291121
10,3,10,73.79912663755458
10,3,10,76.7103347889374
11,3,10,83.4061135371179
11,3,10,85.73508005822416
12,3,10,89.81077147016012
12,3,10,89.95633187772926
13,3,10,94.17758369723435
13,3,10,95.63318777292577
14,3,10,94.75982532751092
14,3,10,92.86754002911208
15,3,10,90.97525473071325
15,3,10,88.79184861717613
16,3,10,82.38719068413391
8,4,10,77.00145560407569
8,4,10,50.65502183406114
9,4,10,57.78748180494905
10,4,10,61.86317321688501
10,4,10,66.66666666666667
10,4,10,71.47016011644833
11,4,10,73.21688500727802
12,4,10,76.41921397379913
12,4,10,78.16593886462883
13,4,10,80.9315866084425
13,4,10,85.1528384279476
14,4,10,87.33624454148472
14,4,10,86.31732168850073
15,4,10,85.00727802037845
15,4,10,84.86171761280931
16,4,10,80.05822416302766
16,4,10,74.67248908296943
7,5,10,70.01455604075691
8,5,10,45.99708879184862
8,5,10,47.0160116448326
9,5,10,48.61717612809316
9,5,10,50.946142649199416
10,5,10,54.29403202328967
10,5,10,57.496360989810775
11,5,10,58.51528384279476
12,5,10,58.369723435225616
12,5,10,62.44541484716157
12,5,10,63.46433770014556
13,5,10,68.26783114992722
13,5,10,73.07132459970887
14,5,10,76.85589519650655
14,5,10,81.51382823871907
15,5,10,86.31732168850073
15,5,10,87.04512372634643
16,5,10,84.57059679767103
7,6,10,84.71615720524018
8,6,10,49.05385735080058
8,6,10,49.05385735080058
9,6,10,48.180494905385736
9,6,10,48.90829694323144
10,6,10,48.61717612809316
10,6,10,47.88937409024745
11,6,10,46.57933042212518
11,6,10,45.414847161572055
12,6,10,46.72489082969432
13,6,10,47.16157205240175
13,6,10,51.38282387190685
13,6,10,51.96506550218341
14,6,10,56.04075691411936
15,6,10,58.07860262008734
15,6,10,59.243085880640464
8,0,10,58.07860262008734
8,0,10,44.832605531295485
9,0,10,49.19941775836973
9,0,10,58.22416302765648
10,0,10,65.3566229985444
10,0,10,71.32459970887919
11,0,10,75.40029112081514
11,0,10,77.29257641921397
12,0,10,79.1848617176128
12,0,10,82.09606986899563
13,0,10,83.4061135371179
13,0,10,86.75400291120815
13,0,10,88.35516739446871
14,0,10,86.46288209606988
15,0,10,83.98835516739447
15,0,10,81.80494905385736
16,0,10,78.16593886462883
16,0,10,72.0524017467249
8,1,10,67.8311499272198
8,1,10,47.16157205240175
9,1,10,51.2372634643377
9,1,10,58.80640465793304
10,1,10,65.93886462882097
10,1,10,76.41921397379913
11,1,10,82.53275109170306
11,1,10,87.627365356623
12,1,10,88.79184861717613
12,1,10,92.5764192139738
13,1,10,94.17758369723435
13,1,10,94.75982532751092
14,1,10,93.88646288209608
14,1,10,91.55749636098982
15,1,10,88.50072780203784
15,1,10,86.17176128093159
16,1,10,83.55167394468704
16,1,10,78.4570596797671
7,2,10,71.76128093158661
8,2,10,45.56040756914119
8,2,10,50.80058224163027
9,2,10,54.585152838427945
9,2,10,64.62882096069869
10,2,10,71.61572052401746
10,2,10,78.4570596797671
11,2,10,82.09606986899563
11,2,10,86.31732168850073
12,2,10,86.02620087336244
13,2,10,87.91848617176129
13,2,10,92.13973799126636
14,2,10,93.01310043668124
14,2,10,95.63318777292577
14,2,10,94.32314410480348
15,2,10,91.12081513828238
16,2,10,86.8995633187773
16,2,10,80.2037845705968
8,3,10,75.10917030567686
8,3,10,56.33187772925764
9,3,10,63.027656477438136
9,3,10,70.74235807860262
10,3,10,73.07132459970887
10,3,10,80.9315866084425
11,3,10,84.4250363901019
11,3,10,89.66521106259097
12,3,10,91.41193595342068
12,3,10,94.17758369723435
12,3,10,96.94323144104804
13,3,10,71.61572052401746
13,3,10,73.94468704512373
14,3,10,74.23580786026201
15,3,10,71.76128093158661
15,3,10,68.5589519650655
16,3,10,63.31877729257642
16,3,10,59.82532751091703
8,4,10,58.951965065502186
8,4,10,48.61717612809316
8,4,10,51.2372634643377
9,4,10,57.20524017467249
10,4,10,62.44541484716157
10,4,10,69.72343522561863
11,4,10,72.63464337700145
11,4,10,76.27365356622998
12,4,10,78.31149927219796
12,4,10,78.60262008733625
13,4,10,78.16593886462883
13,4,10,80.05822416302766
13,4,10,80.64046579330422
14,4,10,82.53275109170306
15,4,10,78.4570596797671
15,4,10,75.83697234352256
16,4,10,71.17903930131004
16,4,10,67.10334788937409
8,5,10,63.46433770014556
8,5,10,36.97234352256186
8,5,10,37.26346433770014
9,5,10,37.70014556040757
9,5,10,38.28238719068413
10,5,10,40.46579330422125
10,5,10,42.21251819505095
11,5,10,44.54148471615721
12,5,10,46.2882096069869
12,5,10,52.40174672489083
13,5,10,55.16739446870452
13,5,10,58.6608442503639
13,5,10,67.97671033478893
14,5,10,72.7802037845706
15,5,10,75.40029112081514
15,5,10,77.14701601164484
16,5,10,79.91266375545851
16,5,10,79.76710334788937
8,6,10,76.41921397379913
8,6,10,47.30713245997089
9,6,10,47.59825327510917
9,6,10,48.180494905385736
10,6,10,48.03493449781659
10,6,10,48.03493449781659
10,6,10,47.16157205240175
11,6,10,45.70596797671033
11,6,10,47.59825327510917
12,6,10,48.90829694323144
13,6,10,47.0160116448326
13,6,10,52.69286754002911
13,6,10,52.9839883551674
14,6,10,58.07860262008734
15,6,10,62.15429403202329
15,6,10,63.75545851528384
15,6,10,63.17321688500728
16,6,10,62.59097525473072
8,0,10,58.51528384279476
8,0,10,42.94032023289665
8,0,10,47.45269286754003
9,0,10,57.20524017467249
9,0,10,63.6098981077147
10,0,10,71.0334788937409
10,0,10,78.31149927219796
11,0,10,82.82387190684133
11,0,10,86.17176128093159
12,0,10,87.91848617176129
12,0,10,88.646288209607
13,0,10,86.8995633187773
13,0,10,88.93740902474526
14,0,10,89.3740902474527
15,0,10,84.86171761280931
15,0,10,82.09606986899563
16,0,10,78.60262008733625
16,0,10,75.25473071324599
7,1,10,69.72343522561863
8,1,10,46.87045123726347
8,1,10,51.09170305676856
9,1,10,56.914119359534205
9,1,10,64.91994177583697
10,1,10,73.94468704512373
11,1,10,82.96943231441048
11,1,10,88.35516739446871
11,1,10,93.59534206695778
12,1,10,95.48762736535664
13,1,10,95.19650655021834
13,1,10,97.81659388646288
14,1,10,97.81659388646288
14,1,10,97.67103347889376
15,1,10,95.0509461426492
15,1,10,92.5764192139738
16,1,10,86.31732168850073
16,1,10,81.80494905385736
8,2,10,71.90684133915575
8,2,10,48.32605531295488
9,2,10,52.11062590975255
9,2,10,57.78748180494905
10,2,10,65.50218340611353
10,2,10,73.07132459970887
11,2,10,79.91266375545851
11,2,10,86.31732168850073
12,2,10,88.50072780203784
12,2,10,90.53857350800584
13,2,10,93.01310043668124
13,2,10,98.10771470160115
14,2,10,98.68995633187772
14,2,10,97.81659388646288
15,2,10,96.36098981077149
15,2,10,92.5764192139738
16,2,10,87.77292576419214
16,2,10,81.80494905385736
8,3,10,75.25473071324599
8,3,10,53.27510917030568
9,3,10,59.67976710334789
9,3,10,64.48326055312955
10,3,10,66.95778748180494
10,3,10,74.96360989810772
11,3,10,79.03930131004367
11,3,10,83.4061135371179
12,3,10,87.19068413391558
12,3,10,90.1018922852984
13,3,10,95.92430858806404
13,3,10,71.76128093158661
14,3,10,73.36244541484716
14,3,10,73.65356622998544
15,3,10,72.48908296943232
15,3,10,67.68558951965065
16,3,10,64.77438136826783
16,3,10,60.69868995633188
8,4,10,57.496360989810775
8,4,10,48.90829694323144
9,4,10,52.69286754002911
9,4,10,58.369723435225616
10,4,10,44.25036390101892
10,4,10,48.90829694323144
11,4,10,52.40174672489083
11,4,10,55.02183406113537
12,4,10,56.914119359534205
12,4,10,60.4075691411936
13,4,10,63.027656477438136
13,4,10,61.42649199417758
14,4,10,61.57205240174672
14,4,10,61.71761280931587
15,4,10,60.4075691411936
15,4,10,55.16739446870452
16,4,10,53.12954876273653
16,4,10,49.63609898107715
8,5,10,48.180494905385736
8,5,10,42.503639010189225
9,5,10,43.522561863173216
9,5,10,44.97816593886463
10,5,10,47.88937409024745
10,5,10,49.92721979621543
11,5,10,49.63609898107715
11,5,10,53.27510917030568
12,5,10,55.02183406113537
12,5,10,56.33187772925764
13,5,10,59.09752547307132
13,5,10,64.19213973799127
14,5,10,68.85007278020379
14,5,10,77.58369723435226
15,5,10,83.11499272197962
15,5,10,85.44395924308589
16,5,10,89.22852983988355
16,5,10,89.81077147016012
8,6,10,84.57059679767103
8,6,10,24.745269286754
9,6,10,25.61863173216885
9,6,10,26.63755458515284
10,6,10,27.365356622998544
10,6,10,30.71324599708879
11,6,10,32.1688500727802
11,6,10,33.333333333333336
12,6,10,34.206695778748184
12,6,10,33.333333333333336
13,6,10,33.333333333333336
13,6,10,42.066957787481805
14,6,10,46.2882096069869
14,6,10,48.61717612809316
15,6,10,50.509461426492
15,6,10,51.09170305676856
16,6,10,49.490538573508005
16,6,10,43.66812227074236
8,0,10,39.30131004366813
8,0,10,24.745269286754
9,0,10,32.314410480349345
9,0,10,38.71906841339156
10,0,10,45.70596797671033
10,0,10,54.14847161572053
11,0,10,59.38864628820961
11,0,10,64.3377001455604
12,0,10,66.22998544395924
12,0,10,67.8311499272198
13,0,10,69.14119359534207
13,0,10,70.88791848617176
14,0,10,70.88791848617176
14,0,10,70.3056768558952
15,0,10,66.0844250363901
15,0,10,63.31877729257642
16,0,10,58.80640465793304
16,0,10,53.12954876273653
7,1,10,46.72489082969432
8,1,10,27.365356622998544
8,1,10,32.751091703056765
9,1,10,39.01018922852984
9,1,10,48.32605531295488
10,1,10,58.6608442503639
11,1,10,66.37554585152839
11,1,10,70.74235807860262
11,1,10,73.50800582241631
12,1,10,76.41921397379913
12,1,10,77.43813682678312
13,1,10,79.1848617176128
14,1,10,80.05822416302766
14,1,10,77.7292576419214
15,1,10,75.69141193595343
15,1,10,70.59679767103349
15,1,10,66.37554585152839
16,1,10,60.98981077147016
8,2,10,54.00291120815138
8,2,10,27.219796215429405
9,2,10,31.29548762736536
9,2,10,40.61135371179039
10,2,10,47.0160116448326
10,2,10,59.09752547307132
11,2,10,66.52110625909752
11,2,10,72.0524017467249
12,2,10,76.41921397379913
12,2,10,79.76710334788937
13,2,10,82.09606986899563
13,2,10,84.4250363901019
14,2,10,86.02620087336244
14,2,10,84.27947598253274
15,2,10,81.6593886462882
15,2,10,76.12809315866085
16,2,10,70.45123726346434
16,2,10,64.91994177583697
8,3,10,56.76855895196506
8,3,10,36.68122270742358
9,3,10,41.92139737991266
9,3,10,49.78165938864629
9,3,10,52.69286754002911
10,3,10,60.55312954876273
11,3,10,69.43231441048034
11,3,10,74.09024745269286
12,3,10,76.7103347889374
12,3,10,78.4570596797671
13,3,10,79.76710334788937
13,3,10,86.75400291120815
14,3,10,88.06404657933042
14,3,10,86.60844250363901
14,3,10,85.44395924308589
15,3,10,80.78602620087337
15,3,10,76.56477438136827
16,3,10,73.36244541484716
8,4,10,66.37554585152839
8,4,10,30.42212518195051
9,4,10,35.80786026200873
10,4,10,46.14264919941776
10,4,10,51.2372634643377
11,4,10,56.33187772925764
11,4,10,62.44541484716157
12,4,10,64.19213973799127
12,4,10,67.10334788937409
13,4,10,67.8311499272198
13,4,10,67.39446870451238
14,4,10,68.12227074235808
14,4,10,69.14119359534207
15,4,10,67.54002911208151
15,4,10,66.37554585152839
16,4,10,64.3377001455604
16,4,10,62.44541484716157
7,5,10,59.38864628820961
8,5,10,32.751091703056765
8,5,10,33.9155749636099
9,5,10,36.3901018922853
10,5,10,38.28238719068413
10,5,10,42.503639010189225
10,5,10,44.97816593886463
11,5,10,45.99708879184862
12,5,10,50.65502183406114
12,5,10,55.89519650655022
13,5,10,59.82532751091703
13,5,10,64.62882096069869
14,5,10,69.43231441048034
14,5,10,75.69141193595343
15,5,10,81.22270742358079
15,5,10,81.95050946142649
16,5,10,80.78602620087337
16,5,10,81.51382823871907
8,6,10,77.29257641921397
8,6,10,33.77001455604076
9,6,10,33.624454148471614
9,6,10,34.35225618631732
10,6,10,35.662299854439595
10,6,10,36.3901018922853
11,6,10,36.098981077147016
11,6,10,37.11790393013101
12,6,10,41.19359534206696
12,6,10,44.395924308588064
13,6,10,51.09170305676856
13,6,10,58.6608442503639
14,6,10,60.55312954876273
14,6,10,65.50218340611353
15,6,10,68.12227074235808
15,6,10,71.90684133915575
16,6,10,70.45123726346434
16,6,10,70.59679767103349
8,0,10,63.17321688500728
8,0,10,31.441048034934497
9,0,10,37.409024745269285
9,0,10,46.57933042212518
10,0,10,51.81950509461426
10,0,10,62.15429403202329
11,0,10,68.99563318777292
11,0,10,74.96360989810772
11,0,10,77.14701601164484
12,0,10,78.60262008733625
12,0,10,79.91266375545851
13,0,10,81.22270742358079
14,0,10,83.84279475982532
14,0,10,82.53275109170306
14,0,10,79.33042212518195
15,0,10,77.00145560407569
15,0,10,72.48908296943232
16,0,10,67.68558951965065
7,1,10,57.05967976710335
8,1,10,30.858806404657933
9,1,10,38.71906841339156
9,1,10,48.03493449781659
10,1,10,54.43959243085881
10,1,10,62.44541484716157
11,1,10,69.28675400291121
11,1,10,74.96360989810772
12,1,10,78.60262008733625
12,1,10,81.80494905385736
12,1,10,83.11499272197962
13,1,10,85.73508005822416
13,1,10,86.02620087336244
14,1,10,86.75400291120815
14,1,10,85.58951965065502
15,1,10,82.09606986899563
15,1,10,75.83697234352256
16,1,10,70.74235807860262
8,2,10,63.31877729257642
8,2,10,33.77001455604076
8,2,10,39.44687045123727
9,2,10,44.395924308588064
10,2,10,54.73071324599709
10,2,10,67.97671033478893
11,2,10,74.96360989810772
11,2,10,79.91266375545851
11,2,10,84.27947598253274
12,2,10,85.44395924308589
13,2,10,89.3740902474527
13,2,10,93.01310043668124
13,2,10,94.17758369723435
14,2,10,93.3042212518195
15,2,10,86.46288209606988
15,2,10,80.05822416302766
16,2,10,74.38136826783115
16,2,10,66.66666666666667
8,3,10,58.80640465793304
8,3,10,38.42794759825328
9,3,10,42.64919941775837
9,3,10,48.47161572052402
10,3,10,54.14847161572053
10,3,10,60.84425036390102
11,3,10,68.12227074235808
11,3,10,73.07132459970887
12,3,10,75.83697234352256
12,3,10,78.31149927219796
13,3,10,81.80494905385736
13,3,10,87.627365356623
13,3,10,90.53857350800584
14,3,10,90.24745269286754
14,3,10,87.77292576419214
15,3,10,85.1528384279476
15,3,10,79.1848617176128
16,3,10,72.63464337700145
8,4,10,64.04657933042212
9,4,10,36.3901018922853
9,4,10,48.47161572052402
10,4,10,53.56622998544396
10,4,10,59.38864628820961
11,4,10,64.3377001455604
11,4,10,69.28675400291121
12,4,10,73.79912663755458
12,4,10,77.43813682678312
13,4,10,81.95050946142649
13,4,10,82.09606986899563
14,4,10,82.09606986899563
14,4,10,81.22270742358079
15,4,10,78.60262008733625
15,4,10,75.83697234352256
16,4,10,71.90684133915575
16,4,10,67.10334788937409
8,5,10,59.82532751091703
8,5,10,35.80786026200873
9,5,10,37.11790393013101
9,5,10,38.8646288209607
10,5,10,43.95924308588064
10,5,10,49.34497816593886
11,5,10,54.87627365356623
11,5,10,57.496360989810775
12,5,10,59.82532751091703
12,5,10,65.21106259097526
13,5,10,71.61572052401746
13,5,10,78.89374090247453
14,5,10,84.57059679767103
14,5,10,95.7787481804949
15,5,10,100.0
15,5,10,99.12663755458516
16,5,10,98.83551673944687
16,5,10,96.0698689956332
8,6,10,88.93740902474526
8,6,10,38.28238719068413
9,6,10,38.42794759825328
9,6,10,38.28238719068413
10,6,10,38.71906841339156
10,6,10,38.28238719068413
11,6,10,39.30131004366813
11,6,10,40.46579330422125
12,6,10,42.21251819505095
12,6,10,47.74381368267832
13,6,10,54.585152838427945
13,6,10,67.68558951965065
14,6,10,72.63464337700145
14,6,10,79.1848617176128
15,6,10,83.98835516739447
15,6,10,85.29839883551674
16,6,10,83.26055312954877
16,6,10,78.16593886462883
8,0,10,72.0524017467249
8,0,10,31.58660844250364
9,0,10,37.409024745269285
9,0,10,44.68704512372635
10,0,10,49.92721979621543
10,0,10,56.76855895196506
11,0,10,64.62882096069869
11,0,10,69.72343522561863
12,0,10,75.40029112081514
12,0,10,77.29257641921397
13,0,10,77.58369723435226
13,0,10,53.42066957787482
14,0,10,55.02183406113537
14,0,10,53.27510917030568
15,0,10,51.81950509461426
15,0,10,50.07278020378457
16,0,10,44.68704512372635
16,0,10,41.3391557496361
7,1,10,39.30131004366813
8,1,10,36.24454148471616
9,1,10,40.61135371179039
9,1,10,49.34497816593886
10,1,10,55.02183406113537
10,1,10,64.77438136826783
11,1,10,71.0334788937409
11,1,10,77.87481804949054
11,1,10,83.11499272197962
12,1,10,87.04512372634643
13,1,10,88.06404657933042
13,1,10,92.5764192139738
14,1,10,90.97525473071325
14,1,10,90.97525473071325
14,1,10,89.51965065502183
15,1,10,88.06404657933042
16,1,10,81.80494905385736
16,1,10,75.40029112081514
8,2,10,68.41339155749637
8,2,10,37.11790393013101
9,2,10,40.46579330422125
9,2,10,49.63609898107715
10,2,10,55.16739446870452
10,2,10,63.17321688500728
10,2,10,68.70451237263464
11,2,10,76.41921397379913
12,2,10,80.49490538573508
12,2,10,83.26055312954877
13,2,10,83.4061135371179
13,2,10,86.17176128093159
14,2,10,88.50072780203784
14,2,10,91.12081513828238
15,2,10,91.55749636098982
15,2,10,84.71615720524018
16,2,10,80.49490538573508
16,2,10,72.48908296943232
8,3,10,67.10334788937409
8,3,10,61.42649199417758
8,3,10,64.91994177583697
9,3,10,74.52692867540028
9,3,10,79.33042212518195
10,3,10,85.58951965065502
10,3,10,94.17758369723435
11,3,10,79.33042212518195
11,3,10,83.11499272197962
12,3,10,86.31732168850073
12,3,10,92.13973799126636
13,3,10,94.75982532751092
13,3,10,96.79767103347888
14,3,10,99.12663755458516
14,3,10,95.92430858806404
15,3,10,91.41193595342068
15,3,10,87.91848617176129
16,3,10,85.73508005822416
7,4,10,81.6593886462882
8,4,10,64.91994177583697
9,4,10,72.63464337700145
9,4,10,77.43813682678312
10,4,10,81.6593886462882
10,4,10,87.77292576419214
11,4,10,95.0509461426492
11,4,10,100.0
12,4,10,91.70305676855897
12,4,10,95.19650655021834
12,4,10,96.65211062590976
13,4,10,98.10771470160115
13,4,10,99.70887918486171
14,4,10,94.90538573508006
14,4,10,93.74090247452692
15,4,10,91.12081513828238
15,4,10,85.00727802037845
16,4,10,81.51382823871907
8,0,10,79.1848617176128
8,0,10,40.32023289665211
9,0,10,46.2882096069869
9,0,10,52.40174672489083
10,0,10,57.64192139737991
10,0,10,66.0844250363901
11,0,10,68.99563318777292
11,0,10,74.96360989810772
11,0,10,78.74818049490538
12,0,10,81.22270742358079
13,0,10,83.69723435225619
13,0,10,86.31732168850073
14,0,10,87.04512372634643
14,0,10,82.96943231441048
15,0,10,80.78602620087337
15,0,10,77.58369723435226
16,0,10,72.92576419213974
16,0,10,67.68558951965065
7,1,10,61.57205240174672
8,1,10,38.13682678311499
8,1,10,43.95924308588064
9,1,10,49.34497816593886
10,1,10,55.31295487627365
10,1,10,66.0844250363901
11,1,10,71.76128093158661
11,1,10,78.31149927219796
11,1,10,80.64046579330422
12,1,10,84.13391557496361
12,1,10,86.17176128093159
13,1,10,90.24745269286754
14,1,10,94.0320232896652
14,1,10,93.3042212518195
15,1,10,88.50072780203784
15,1,10,85.8806404657933
16,1,10,80.2037845705968
16,1,10,78.31149927219796
7,2,10,71.0334788937409
8,2,10,38.13682678311499
8,2,10,42.64919941775837
9,2,10,47.16157205240175
9,2,10,53.56622998544396
10,2,10,64.19213973799127
10,2,10,71.0334788937409
11,2,10,77.87481804949054
11,2,10,82.09606986899563
12,2,10,87.33624454148472
12,2,10,90.53857350800584
13,2,10,93.88646288209608
13,2,10,94.46870451237264
14,2,10,94.0320232896652
14,2,10,91.55749636098982
15,2,10,87.91848617176129
15,2,10,82.6783114992722
16,2,10,74.52692867540028
7,3,10,67.97671033478893
8,3,10,48.90829694323144
8,3,10,52.11062590975255
9,3,10,59.67976710334789
9,3,10,62.88209606986899
10,3,10,69.72343522561863
10,3,10,76.85589519650655
11,3,10,85.29839883551674
11,3,10,91.26637554585152
12,3,10,97.5254730713246
12,3,10,94.17758369723435
13,3,10,99.85443959243086
13,3,10,99.56331877729258
14,3,10,99.12663755458516
14,3,10,98.2532751091703
15,3,10,93.74090247452692
15,3,10,93.3042212518195
16,3,10,90.68413391557496
8,4,10,86.02620087336244
8,4,10,55.89519650655022
8,4,10,60.11644832605531
9,4,10,65.50218340611353
9,4,10,72.19796215429403
10,4,10,75.25473071324599
10,4,10,80.9315866084425
11,4,10,84.57059679767103
11,4,10,88.20960698689956
12,4,10,92.13973799126636
13,4,10,100.0
13,4,10,92.13973799126636
14,4,10,94.0320232896652
14,4,10,90.53857350800584
14,4,10,87.04512372634643
15,4,10,84.4250363901019
16,4,10,82.24163027656478
16,4,10,78.74818049490538
7,5,10,74.67248908296943
8,5,10,48.32605531295488
9,5,10,49.78165938864629
9,5,10,51.52838427947598
9,5,10,53.7117903930131
10,5,10,56.1863173216885
11,5,10,57.9330422125182
11,5,10,61.1353711790393
12,5,10,64.04657933042212
12,5,10,67.97671033478893
12,5,10,70.45123726346434
13,5,10,75.40029112081514
13,5,10,79.91266375545851
14,5,10,84.86171761280931
15,5,10,81.07714701601165
15,5,10,85.1528384279476
15,5,10,89.81077147016012
16,5,10,91.12081513828238
8,6,10,88.35516739446871
8,6,10,52.69286754002911
8,6,10,52.40174672489083
9,6,10,52.11062590975255
9,6,10,52.11062590975255
10,6,10,52.11062590975255
10,6,10,51.38282387190685
11,6,10,55.31295487627365
11,6,10,59.53420669577875
12,6,10,62.59097525473072
13,6,10,67.97671033478893
13,6,10,70.88791848617176
13,6,10,75.54585152838428
14,6,10,79.47598253275109
14,6,10,83.26055312954877
15,6,10,86.17176128093159
15,6,10,87.04512372634643
16,6,10,80.78602620087337
8,0,10,74.52692867540028
8,0,10,39.30131004366813
9,0,10,45.85152838427948
9,0,10,52.838427947598255
10,0,10,59.53420669577875
10,0,10,67.8311499272198
11,0,10,72.48908296943232
11,0,10,75.54585152838428
11,0,10,80.64046579330422
12,0,10,85.00727802037845
12,0,10,90.39301310043668
13,0,10,91.84861717612807
14,0,10,91.70305676855897
14,0,10,89.51965065502183
14,0,10,86.31732168850073
15,0,10,81.22270742358079
15,0,10,76.41921397379913
16,0,10,75.10917030567686
7,1,11,0.0
8,1,11,19.75
8,1,11,26.25
9,1,11,36.75
9,1,11,46.0
10,1,11,53.16666666666666
10,1,11,57.16666666666666
11,1,11,60.75
11,1,11,63.75
12,1,11,64.25
13,1,11,64.91666666666667
13,1,11,64.41666666666667
14,1,11,63.16666666666666
14,1,11,63.083333333333336
14,1,11,63.333333333333336
15,1,11,60.583333333333336
16,1,11,56.5
16,1,11,54.0
7,2,11,47.083333333333336
8,2,11,19.08333333333333
9,2,11,27.75
9,2,11,39.16666666666666
10,2,11,48.66666666666666
10,2,11,58.25
11,2,11,61.333333333333336
11,2,11,63.083333333333336
12,2,11,64.5
12,2,11,64.91666666666667
12,2,11,64.16666666666667
13,2,11,63.0
13,2,11,63.41666666666666
14,2,11,63.66666666666666
14,2,11,63.91666666666666
15,2,11,62.25
16,2,11,58.16666666666666
16,2,11,53.41666666666666
7,3,11,45.333333333333336
8,3,11,18.75
8,3,11,25.33333333333333
9,3,11,33.5
10,3,11,44.5
10,3,11,50.5
10,3,11,53.833333333333336
11,3,11,56.333333333333336
12,3,11,58.0
12,3,11,59.25
12,3,11,60.25
13,3,11,60.66666666666666
13,3,11,60.583333333333336
14,3,11,60.333333333333336
15,3,11,58.41666666666666
15,3,11,56.91666666666666
16,3,11,53.5
16,3,11,49.41666666666666
8,4,11,43.41666666666666
8,4,11,20.166666666666668
9,4,11,27.0
9,4,11,35.333333333333336
9,4,11,42.333333333333336
10,4,11,48.333333333333336
10,4,11,51.583333333333336
11,4,11,54.66666666666666
12,4,11,56.41666666666666
12,4,11,56.91666666666666
13,4,11,56.75
13,4,11,56.833333333333336
14,4,11,56.583333333333336
14,4,11,56.333333333333336
15,4,11,54.5
15,4,11,52.833333333333336
15,4,11,51.333333333333336
16,4,11,48.833333333333336
7,5,11,41.91666666666666
8,5,11,9.25
8,5,11,10.416666666666666
9,5,11,12.416666666666666
10,5,11,14.75
10,5,11,18.916666666666668
10,5,11,21.83333333333333
11,5,11,24.08333333333333
12,5,11,28.08333333333333
12,5,11,30.916666666666668
13,5,11,32.833333333333336
13,5,11,36.25
14,5,11,37.583333333333336
14,5,11,39.91666666666666
14,5,11,41.41666666666666
15,5,11,43.833333333333336
16,5,11,42.75
16,5,11,40.16666666666666
8,6,11,36.083333333333336
8,6,11,8.5
9,6,11,4.583333333333333
9,6,11,5.166666666666667
9,6,11,7.166666666666667
10,6,11,8.083333333333334
11,6,11,8.583333333333334
11,6,11,9.583333333333334
11,6,11,13.083333333333334
12,6,11,14.916666666666666
13,6,11,17.166666666666668
13,6,11,17.833333333333332
14,6,11,18.58333333333333
14,6,11,18.83333333333333
15,6,11,20.08333333333333
15,6,11,18.916666666666668
16,6,11,17.5
16,6,11,15.916666666666666
8,0,11,13.583333333333334
8,0,11,16.75
9,0,11,22.5
9,0,11,33.5
10,0,11,43.5
10,0,11,51.833333333333336
10,0,11,53.833333333333336
11,0,11,56.91666666666666
11,0,11,59.0
12,0,11,60.5
13,0,11,59.75
13,0,11,59.583333333333336
14,0,11,59.583333333333336
14,0,11,58.41666666666666
14,0,11,56.75
15,0,11,55.083333333333336
15,0,11,53.41666666666666
16,0,11,51.5
8,1,11,46.25
8,1,11,20.25
8,1,11,25.25
9,1,11,33.25
9,1,11,46.75
10,1,11,53.583333333333336
10,1,11,58.25
11,1,11,60.16666666666666
12,1,11,61.583333333333336
12,1,11,63.833333333333336
13,1,11,65.83333333333333
13,1,11,65.33333333333333
14,1,11,64.16666666666667
14,1,11,63.75
15,1,11,61.75
15,1,11,58.5
16,1,11,55.833333333333336
16,1,11,53.41666666666666
8,2,11,46.66666666666666
8,2,11,19.58333333333333
9,2,11,25.58333333333333
9,2,11,36.25
10,2,11,44.66666666666666
10,2,11,53.333333333333336
11,2,11,58.0
11,2,11,60.66666666666666
12,2,11,62.0
12,2,11,62.833333333333336
13,2,11,62.91666666666666
13,2,11,62.66666666666666
14,2,11,63.083333333333336
14,2,11,62.41666666666666
15,2,11,60.41666666666666
15,2,11,55.66666666666666
15,2,11,53.083333333333336
16,2,11,49.75
7,3,11,43.66666666666666
8,3,11,16.75
9,3,11,24.416666666666668
9,3,11,34.166666666666664
9,3,11,45.16666666666666
10,3,11,52.0
11,3,11,56.833333333333336
11,3,11,59.583333333333336
11,3,11,61.25
12,3,11,62.91666666666666
13,3,11,63.333333333333336
13,3,11,63.66666666666666
13,3,11,63.25
14,3,11,62.25
15,3,11,60.083333333333336
15,3,11,58.25
16,3,11,57.25
16,3,11,53.91666666666666
8,4,11,48.833333333333336
8,4,11,17.75
9,4,11,23.58333333333333
9,4,11,32.666666666666664
10,4,11,41.583333333333336
10,4,11,50.0
11,4,11,53.0
11,4,11,54.75
12,4,11,55.91666666666666
12,4,11,55.66666666666666
13,4,11,54.75
13,4,11,54.75
14,4,11,53.833333333333336
14,4,11,53.5
15,4,11,53.41666666666666
15,4,11,51.41666666666666
16,4,11,48.0
16,4,11,45.16666666666666
8,5,11,38.5
8,5,11,7.833333333333333
9,5,11,9.666666666666666
9,5,11,11.916666666666666
10,5,11,13.416666666666666
10,5,11,16.666666666666668
11,5,11,19.0
11,5,11,22.75
12,5,11,23.166666666666668
12,5,11,25.166666666666668
13,5,11,27.25
13,5,11,31.916666666666668
14,5,11,35.916666666666664
14,5,11,36.75
15,5,11,37.91666666666666
15,5,11,39.66666666666666
16,5,11,40.0
16,5,11,39.91666666666666
7,6,11,36.833333333333336
8,6,11,7.25
9,6,11,7.583333333333333
9,6,11,9.25
10,6,11,10.916666666666666
10,6,11,13.75
11,6,11,14.083333333333334
11,6,11,13.666666666666666
12,6,11,15.916666666666666
12,6,11,19.75
13,6,11,22.33333333333333
13,6,11,23.0
14,6,11,24.416666666666668
14,6,11,25.25
15,6,11,25.416666666666668
15,6,11,23.5
15,6,11,20.416666666666668
16,6,11,18.416666666666668
8,0,11,15.083333333333334
8,0,11,16.75
9,0,11,20.83333333333333
9,0,11,29.166666666666668
10,0,11,36.66666666666666
10,0,11,47.333333333333336
11,0,11,51.25
11,0,11,55.25
12,0,11,56.16666666666666
12,0,11,56.91666666666666
12,0,11,57.083333333333336
13,0,11,58.0
14,0,11,57.333333333333336
14,0,11,57.0
14,0,11,57.16666666666666
15,0,11,55.16666666666666
15,0,11,51.833333333333336
16,0,11,49.16666666666666
8,1,11,42.5
8,1,11,20.58333333333333
9,1,11,26.916666666666668
9,1,11,36.41666666666666
10,1,11,46.75
10,1,11,56.583333333333336
11,1,11,60.583333333333336
11,1,11,62.833333333333336
12,1,11,61.75
12,1,11,63.91666666666666
13,1,11,64.66666666666667
13,1,11,64.91666666666667
13,1,11,64.5
14,1,11,63.833333333333336
15,1,11,63.25
15,1,11,60.75
8,2,11,57.41666666666666
8,2,11,22.25
8,2,11,26.166666666666668
9,2,11,38.583333333333336
9,2,11,49.25
10,2,11,55.0
10,2,11,60.333333333333336
11,2,11,63.75
11,2,11,64.08333333333333
12,2,11,66.16666666666667
12,2,11,66.16666666666667
13,2,11,65.0
13,2,11,65.25
14,2,11,63.41666666666666
14,2,11,63.25
15,2,11,62.25
15,2,11,58.41666666666666
16,2,11,54.583333333333336
7,5,11,48.16666666666666
8,5,11,7.416666666666667
8,5,11,8.833333333333334
9,5,11,11.25
9,5,11,12.666666666666666
10,5,11,16.083333333333332
10,5,11,18.0
11,5,11,22.416666666666668
11,5,11,23.666666666666668
12,5,11,25.5
12,5,11,29.166666666666668
13,5,11,32.083333333333336
13,5,11,34.5
14,5,11,34.416666666666664
14,5,11,36.75
15,5,11,36.66666666666666
15,5,11,36.41666666666666
16,5,11,35.416666666666664
8,6,11,33.166666666666664
9,6,11,8.75
9,6,11,10.333333333333334
10,6,11,12.25
10,6,11,13.0
11,6,11,13.416666666666666
11,6,11,15.833333333333334
12,6,11,19.166666666666668
13,6,11,21.166666666666668
13,6,11,22.416666666666668
13,6,11,23.0
14,6,11,23.33333333333333
14,6,11,22.83333333333333
15,6,11,23.08333333333333
15,6,11,22.83333333333333
16,6,11,20.166666666666668
7,0,11,18.916666666666668
8,0,11,18.5
9,0,11,26.33333333333333
9,0,11,35.25
9,0,11,41.16666666666666
10,0,11,45.5
11,0,11,48.333333333333336
11,0,11,49.25
12,0,11,51.16666666666666
12,0,11,53.25
12,0,11,54.75
13,0,11,56.66666666666666
13,0,11,57.25
14,0,11,57.333333333333336
14,0,11,58.583333333333336
15,0,11,58.41666666666666
16,0,11,56.083333333333336
16,0,11,52.0
8,1,11,44.66666666666666
8,1,11,17.25
9,1,11,22.5
9,1,11,31.83333333333333
9,1,11,36.66666666666666
10,1,11,44.333333333333336
10,1,11,48.25
11,1,11,49.583333333333336
12,1,11,51.75
12,1,11,52.91666666666666
13,1,11,54.16666666666666
13,1,11,56.333333333333336
13,1,11,56.0
14,1,11,55.583333333333336
15,1,11,55.75
15,1,11,54.41666666666666
15,1,11,52.583333333333336
16,1,11,50.0
7,2,11,43.5
8,2,11,18.0
8,2,11,25.416666666666668
9,2,11,33.416666666666664
9,2,11,39.583333333333336
10,2,11,44.333333333333336
10,2,11,46.91666666666666
11,2,11,49.75
11,2,11,51.0
12,2,11,52.833333333333336
12,2,11,54.16666666666666
13,2,11,54.66666666666666
13,2,11,55.833333333333336
14,2,11,57.41666666666666
14,2,11,57.16666666666666
15,2,11,56.583333333333336
15,2,11,54.75
16,2,11,50.91666666666666
7,3,11,44.833333333333336
8,3,11,18.166666666666668
8,3,11,25.33333333333333
9,3,11,32.416666666666664
9,3,11,39.25
10,3,11,43.0
10,3,11,46.5
11,3,11,49.333333333333336
11,3,11,51.41666666666666
12,3,11,53.25
12,3,11,53.583333333333336
13,3,11,54.91666666666666
13,3,11,55.91666666666666
14,3,11,56.833333333333336
14,3,11,56.66666666666666
15,3,11,55.833333333333336
15,3,11,54.0
16,3,11,50.583333333333336
8,4,11,45.083333333333336
8,4,11,18.0
9,4,11,26.416666666666668
10,4,11,32.75
10,4,11,38.41666666666666
10,4,11,41.5
11,4,11,43.75
12,4,11,44.91666666666666
12,4,11,46.41666666666666
13,4,11,47.833333333333336
13,4,11,50.0
14,4,11,49.41666666666666
14,4,11,51.41666666666666
15,4,11,52.583333333333336
15,4,11,52.833333333333336
16,4,11,49.0
16,4,11,45.66666666666666
7,5,11,39.583333333333336
8,5,11,8.5
8,5,11,9.0
9,5,11,11.666666666666666
9,5,11,14.083333333333334
10,5,11,15.5
10,5,11,17.25
11,5,11,21.0
12,5,11,23.916666666666668
12,5,11,27.416666666666668
12,5,11,28.75
13,5,11,31.58333333333333
13,5,11,32.916666666666664
14,5,11,35.0
14,5,11,36.66666666666666
15,5,11,40.75
15,5,11,41.25
16,5,11,40.25
7,6,11,36.5
8,6,11,8.833333333333334
8,6,11,8.916666666666666
9,6,11,9.333333333333334
9,6,11,11.833333333333334
10,6,11,14.416666666666666
10,6,11,15.75
11,6,11,14.666666666666666
11,6,11,17.833333333333332
12,6,11,18.58333333333333
13,6,11,20.166666666666668
13,6,11,22.58333333333333
13,6,11,22.33333333333333
14,6,11,22.58333333333333
15,6,11,21.0
15,6,11,20.416666666666668
8,0,11,18.83333333333333
8,0,11,18.33333333333333
9,0,11,25.25
9,0,11,37.0
10,0,11,46.25
10,0,11,55.5
11,0,11,57.583333333333336
11,0,11,60.75
12,0,11,61.0
12,0,11,61.66666666666666
13,0,11,61.833333333333336
13,0,11,63.083333333333336
13,0,11,62.75
14,0,11,62.75
15,0,11,60.41666666666666
15,0,11,57.75
16,0,11,55.75
16,0,11,52.91666666666666
8,1,11,46.16666666666666
8,1,11,21.916666666666668
9,1,11,27.33333333333333
9,1,11,38.083333333333336
10,1,11,46.0
10,1,11,55.91666666666666
11,1,11,59.41666666666666
11,1,11,62.5
11,1,11,63.5
13,1,11,62.833333333333336
13,1,11,63.0
14,1,11,63.91666666666666
14,1,11,64.33333333333333
15,1,11,65.08333333333333
15,1,11,61.583333333333336
16,1,11,59.5
16,1,11,54.16666666666666
7,2,11,47.0
8,2,11,19.58333333333333
8,2,11,27.08333333333333
9,2,11,35.0
9,2,11,46.41666666666666
10,2,11,54.41666666666666
10,2,11,59.66666666666666
11,2,11,63.25
11,2,11,64.83333333333333
12,2,11,65.66666666666667
13,2,11,65.75
13,2,11,66.16666666666667
14,2,11,64.58333333333333
14,2,11,64.91666666666667
14,2,11,63.16666666666666
15,2,11,61.66666666666666
16,2,11,56.5
16,2,11,50.5
8,3,11,44.083333333333336
8,3,11,21.08333333333333
9,3,11,26.666666666666668
9,3,11,36.66666666666666
10,3,11,45.25
10,3,11,53.083333333333336
11,3,11,55.66666666666666
11,3,11,59.0
11,3,11,59.5
12,3,11,60.25
12,3,11,61.583333333333336
13,3,11,62.0
13,3,11,62.25
14,3,11,62.5
15,3,11,61.66666666666666
15,3,11,58.16666666666666
16,3,11,55.083333333333336
16,3,11,52.75
8,4,11,47.91666666666666
8,4,11,20.75
8,4,11,26.416666666666668
9,4,11,34.666666666666664
10,4,11,46.083333333333336
10,4,11,50.583333333333336
11,4,11,53.25
11,4,11,55.91666666666666
12,4,11,56.5
12,4,11,56.41666666666666
13,4,11,56.41666666666666
13,4,11,57.16666666666666
13,4,11,56.41666666666666
14,4,11,55.833333333333336
15,4,11,55.16666666666666
15,4,11,51.75
16,4,11,48.66666666666666
16,4,11,45.833333333333336
8,5,11,40.25
8,5,11,12.5
8,5,11,13.583333333333334
9,5,11,16.25
9,5,11,18.58333333333333
10,5,11,20.416666666666668
10,5,11,22.83333333333333
11,5,11,24.75
12,5,11,27.75
12,5,11,30.416666666666668
13,5,11,32.583333333333336
13,5,11,35.75
13,5,11,37.91666666666666
14,5,11,38.333333333333336
15,5,11,39.16666666666666
15,5,11,37.41666666666666
16,5,11,37.833333333333336
16,5,11,34.25
7,6,11,33.833333333333336
8,6,11,9.5
8,6,11,9.666666666666666
9,6,11,10.0
10,6,11,13.166666666666666
10,6,11,13.833333333333334
10,6,11,14.583333333333334
11,6,11,14.916666666666666
11,6,11,19.08333333333333
12,6,11,21.08333333333333
13,6,11,22.166666666666668
13,6,11,23.08333333333333
13,6,11,23.0
14,6,11,24.666666666666668
15,6,11,23.0
15,6,11,23.0
15,6,11,20.916666666666668
16,6,11,18.75
8,0,11,16.333333333333332
8,0,11,15.416666666666666
8,0,11,22.416666666666668
9,0,11,32.666666666666664
9,0,11,42.083333333333336
10,0,11,50.5
10,0,11,55.16666666666666
11,0,11,58.25
11,0,11,59.833333333333336
12,0,11,62.583333333333336
12,0,11,63.5
13,0,11,64.58333333333333
13,0,11,63.5
14,0,11,64.5
15,0,11,62.083333333333336
15,0,11,60.583333333333336
16,0,11,56.833333333333336
16,0,11,53.0
7,1,11,44.25
8,1,11,18.08333333333333
8,1,11,25.25
9,1,11,35.75
9,1,11,45.0
10,1,11,55.66666666666666
11,1,11,60.0
11,1,11,63.91666666666666
11,1,11,66.5
12,1,11,67.66666666666667
13,1,11,68.16666666666667
13,1,11,67.91666666666667
14,1,11,67.16666666666667
14,1,11,66.91666666666667
15,1,11,63.833333333333336
15,1,11,60.75
16,1,11,56.083333333333336
16,1,11,52.41666666666666
8,2,11,45.833333333333336
8,2,11,17.916666666666668
9,2,11,25.0
9,2,11,35.0
10,2,11,46.083333333333336
10,2,11,52.0
11,2,11,55.91666666666666
11,2,11,58.91666666666666
12,2,11,59.25
12,2,11,61.41666666666666
13,2,11,61.91666666666666
13,2,11,62.91666666666666
14,2,11,64.25
14,2,11,62.91666666666666
15,2,11,62.66666666666666
15,2,11,59.75
16,2,11,56.083333333333336
16,2,11,53.75
8,3,11,46.41666666666666
8,3,11,19.0
9,3,11,27.5
9,3,11,36.75
10,3,11,45.25
10,3,11,53.75
11,3,11,57.66666666666666
11,3,11,61.41666666666666
12,3,11,62.833333333333336
12,3,11,64.41666666666667
13,3,11,65.08333333333333
13,3,11,65.0
14,3,11,65.33333333333333
14,3,11,65.83333333333333
15,3,11,63.66666666666666
15,3,11,59.91666666666666
16,3,11,57.0
16,3,11,52.583333333333336
8,4,11,45.66666666666666
8,4,11,19.08333333333333
9,4,11,26.416666666666668
9,4,11,35.583333333333336
10,4,11,43.5
10,4,11,52.66666666666666
11,4,11,57.333333333333336
11,4,11,59.41666666666666
12,4,11,60.0
12,4,11,61.583333333333336
13,4,11,60.5
13,4,11,60.66666666666666
14,4,11,60.333333333333336
14,4,11,60.91666666666666
15,4,11,60.5
15,4,11,57.41666666666666
16,4,11,52.75
16,4,11,50.833333333333336
7,5,11,44.833333333333336
8,5,11,7.833333333333333
9,5,11,9.416666666666666
9,5,11,11.333333333333334
10,5,11,14.333333333333334
10,5,11,19.5
11,5,11,22.33333333333333
11,5,11,27.08333333333333
12,5,11,30.166666666666668
12,5,11,34.0
13,5,11,37.41666666666666
13,5,11,39.91666666666666
14,5,11,42.583333333333336
14,5,11,43.5
15,5,11,43.25
15,5,11,44.66666666666666
16,5,11,44.583333333333336
16,5,11,42.66666666666666
7,6,11,38.833333333333336
8,6,11,8.0
9,6,11,8.0
9,6,11,8.25
10,6,11,11.0
10,6,11,12.0
11,6,11,13.083333333333334
11,6,11,13.5
12,6,11,18.83333333333333
12,6,11,21.33333333333333
13,6,11,24.666666666666668
13,6,11,26.75
14,6,11,27.08333333333333
14,6,11,28.416666666666668
15,6,11,28.83333333333333
15,6,11,26.75
16,6,11,26.166666666666668
16,6,11,22.75
8,0,11,20.83333333333333
8,0,11,16.333333333333332
9,0,11,25.166666666666668
9,0,11,34.166666666666664
10,0,11,44.16666666666666
10,0,11,52.91666666666666
11,0,11,56.083333333333336
11,0,11,58.91666666666666
12,0,11,60.41666666666666
12,0,11,63.0
13,0,11,63.0
13,0,11,64.25
14,0,11,64.08333333333333
14,0,11,63.0
15,0,11,62.083333333333336
15,0,11,60.0
16,0,11,57.083333333333336
16,0,11,53.0
7,1,11,47.16666666666666
8,1,11,18.0
8,1,11,27.25
9,1,11,36.66666666666666
9,1,11,47.0
10,1,11,56.75
11,1,11,62.16666666666666
11,1,11,66.5
11,1,11,68.33333333333333
12,1,11,69.91666666666667
12,1,11,70.25
13,1,11,69.25
14,1,11,68.16666666666667
14,1,11,68.41666666666667
15,1,11,67.33333333333333
15,1,11,65.16666666666667
15,1,11,61.41666666666666
16,1,11,58.66666666666666
8,2,11,48.66666666666666
8,2,11,19.916666666666668
9,2,11,26.916666666666668
9,2,11,37.333333333333336
10,2,11,46.91666666666666
10,2,11,57.5
11,2,11,63.583333333333336
11,2,11,66.83333333333333
12,2,11,68.5
12,2,11,70.0
13,2,11,70.41666666666667
13,2,11,69.91666666666667
14,2,11,70.25
14,2,11,67.5
15,2,11,65.66666666666667
15,2,11,62.0
16,2,11,58.41666666666666
16,2,11,55.333333333333336
8,3,11,46.333333333333336
8,3,11,20.75
9,3,11,27.916666666666668
9,3,11,38.583333333333336
9,3,11,47.16666666666666
10,3,11,54.583333333333336
11,3,11,59.25
11,3,11,63.0
12,3,11,65.25
12,3,11,66.5
13,3,11,67.08333333333333
13,3,11,67.75
14,3,11,68.0
14,3,11,66.83333333333333
14,3,11,66.0
15,3,11,62.41666666666666
15,3,11,58.583333333333336
16,3,11,56.083333333333336
8,4,11,47.25
8,4,11,18.25
9,4,11,24.0
10,4,11,42.333333333333336
10,4,11,50.91666666666666
11,4,11,55.583333333333336
11,4,11,58.25
12,4,11,59.5
12,4,11,60.16666666666666
13,4,11,59.833333333333336
13,4,11,60.16666666666666
14,4,11,61.91666666666666
14,4,11,63.083333333333336
15,4,11,61.583333333333336
15,4,11,58.41666666666666
16,4,11,56.0
16,4,11,52.25
7,5,11,48.41666666666666
8,5,11,9.416666666666666
8,5,11,10.583333333333334
9,5,11,13.916666666666666
10,5,11,18.166666666666668
10,5,11,22.166666666666668
10,5,11,25.75
11,5,11,28.166666666666668
12,5,11,31.166666666666668
12,5,11,34.333333333333336
13,5,11,38.41666666666666
13,5,11,43.5
14,5,11,45.583333333333336
14,5,11,48.0
15,5,11,49.583333333333336
15,5,11,51.083333333333336
16,5,11,51.0
16,5,11,49.25
8,6,11,46.0
8,6,11,8.166666666666666
9,6,11,8.083333333333334
9,6,11,8.75
10,6,11,10.75
10,6,11,12.583333333333334
11,6,11,13.583333333333334
11,6,11,15.25
12,6,11,18.75
12,6,11,22.08333333333333
13,6,11,25.75
13,6,11,28.75
14,6,11,29.33333333333333
14,6,11,32.333333333333336
15,6,11,36.5
15,6,11,35.333333333333336
16,6,11,33.166666666666664
16,6,11,29.666666666666668
8,0,11,24.58333333333333
8,0,11,20.0
9,0,11,25.83333333333333
9,0,11,36.66666666666666
10,0,11,45.0
10,0,11,54.083333333333336
11,0,11,59.25
11,0,11,62.833333333333336
11,0,11,63.91666666666666
12,0,11,65.08333333333333
12,0,11,66.08333333333333
13,0,11,64.58333333333333
14,0,11,63.41666666666666
14,0,11,62.333333333333336
14,0,11,61.25
15,0,11,58.41666666666666
15,0,11,55.75
16,0,11,52.083333333333336
7,1,11,43.91666666666666
8,1,11,18.25
9,1,11,27.33333333333333
9,1,11,38.083333333333336
10,1,11,48.833333333333336
10,1,11,58.083333333333336
11,1,11,62.41666666666666
11,1,11,65.58333333333333
12,1,11,66.25
12,1,11,67.0
12,1,11,67.75
13,1,11,68.58333333333333
13,1,11,67.16666666666667
14,1,11,67.08333333333333
14,1,11,66.16666666666667
15,1,11,64.33333333333333
15,1,11,60.91666666666666
16,1,11,58.66666666666666
8,2,11,50.583333333333336
8,2,11,22.75
8,2,11,28.25
9,2,11,39.083333333333336
10,2,11,49.0
10,2,11,59.66666666666666
11,2,11,64.16666666666667
11,2,11,66.83333333333333
11,2,11,67.91666666666667
12,2,11,69.5
13,2,11,69.33333333333333
13,2,11,70.83333333333333
13,2,11,70.58333333333333
14,2,11,70.16666666666667
15,2,11,68.83333333333333
15,2,11,66.16666666666667
16,2,11,64.33333333333333
16,2,11,58.66666666666666
8,3,11,51.583333333333336
8,3,11,20.25
9,3,11,27.416666666666668
9,3,11,39.083333333333336
10,3,11,51.75
10,3,11,58.66666666666666
11,3,11,62.91666666666666
11,3,11,66.5
12,3,11,67.58333333333333
12,3,11,68.91666666666667
13,3,11,67.75
13,3,11,66.75
13,3,11,65.41666666666667
14,3,11,66.16666666666667
14,3,11,65.41666666666667
15,3,11,62.66666666666666
15,3,11,58.91666666666666
16,3,11,56.75
8,4,11,48.25
9,4,11,21.58333333333333
9,4,11,39.5
10,4,11,49.66666666666666
10,4,11,61.25
11,4,11,68.41666666666667
11,4,11,70.91666666666667
12,4,11,75.66666666666667
12,4,11,78.41666666666667
13,4,11,79.5
13,4,11,73.0
14,4,11,72.0
14,4,11,71.16666666666667
15,4,11,68.5
15,4,11,63.25
16,4,11,59.0
16,4,11,53.91666666666666
8,5,11,48.583333333333336
8,5,11,13.0
9,5,11,13.916666666666666
9,5,11,18.25
10,5,11,21.75
10,5,11,25.416666666666668
11,5,11,29.58333333333333
11,5,11,33.0
12,5,11,36.083333333333336
12,5,11,44.333333333333336
13,5,11,51.75
13,5,11,58.5
14,5,11,63.25
14,5,11,66.41666666666667
15,5,11,69.91666666666667
15,5,11,71.0
16,5,11,72.5
16,5,11,68.66666666666667
8,6,11,67.83333333333333
8,6,11,11.416666666666666
8,6,11,12.166666666666666
9,6,11,12.083333333333334
10,6,11,13.166666666666666
10,6,11,15.833333333333334
10,6,11,17.5
11,6,11,19.75
11,6,11,28.08333333333333
12,6,11,33.416666666666664
13,6,11,40.333333333333336
13,6,11,49.25
14,6,11,51.41666666666666
14,6,11,55.083333333333336
15,6,11,57.833333333333336
15,6,11,56.833333333333336
16,6,11,54.41666666666666
16,6,11,48.66666666666666
7,0,11,40.583333333333336
8,0,11,22.416666666666668
8,0,11,31.58333333333333
9,0,11,38.083333333333336
9,0,11,46.0
10,0,11,53.333333333333336
10,0,11,62.41666666666666
11,0,11,64.91666666666667
11,0,11,71.08333333333333
12,0,11,72.83333333333333
12,0,11,74.25
13,0,11,74.33333333333333
14,0,11,75.33333333333333
14,0,11,76.66666666666667
15,0,11,75.16666666666667
15,0,11,71.66666666666667
16,0,11,70.25
16,0,11,63.25
7,1,11,55.333333333333336
8,1,11,22.0
9,1,11,29.75
9,1,11,35.833333333333336
10,1,11,46.583333333333336
10,1,11,55.66666666666666
11,1,11,62.66666666666666
11,1,11,68.66666666666667
11,1,11,70.58333333333333
12,1,11,72.91666666666667
13,1,11,74.25
13,1,11,74.83333333333333
14,1,11,74.33333333333333
14,1,11,73.91666666666667
14,1,11,71.16666666666667
15,1,11,68.25
16,1,11,64.66666666666667
16,1,11,58.583333333333336
8,2,11,51.333333333333336
8,2,11,21.83333333333333
9,2,11,29.58333333333333
9,2,11,40.0
10,2,11,48.91666666666666
10,2,11,58.25
10,2,11,65.08333333333333
11,2,11,69.83333333333333
12,2,11,71.66666666666667
12,2,11,74.0
13,2,11,74.0
13,2,11,74.5
14,2,11,74.66666666666667
14,2,11,73.75
15,2,11,72.66666666666667
15,2,11,67.25
16,2,11,62.583333333333336
16,2,11,59.75
8,3,11,51.0
8,3,11,20.5
8,3,11,25.75
9,3,11,36.41666666666666
9,3,11,47.25
10,3,11,57.333333333333336
10,3,11,63.16666666666666
11,3,11,67.75
11,3,11,69.33333333333333
12,3,11,71.16666666666667
12,3,11,70.83333333333333
13,3,11,73.33333333333333
13,3,11,73.75
14,3,11,73.41666666666667
14,3,11,71.25
15,3,11,68.16666666666667
15,3,11,65.41666666666667
16,3,11,60.5
7,4,11,53.833333333333336
8,4,11,17.083333333333332
9,4,11,25.166666666666668
9,4,11,36.5
10,4,11,44.583333333333336
10,4,11,53.5
11,4,11,56.833333333333336
11,4,11,59.75
12,4,11,62.0
12,4,11,62.91666666666666
12,4,11,63.25
13,4,11,62.91666666666666
13,4,11,61.91666666666666
14,4,11,62.083333333333336
14,4,11,61.16666666666666
15,4,11,57.16666666666666
15,4,11,53.25
16,4,11,50.16666666666666
8,0,11,43.333333333333336
8,0,11,21.166666666666668
9,0,11,28.25
9,0,11,38.66666666666666
10,0,11,46.333333333333336
10,0,11,55.41666666666666
11,0,11,60.333333333333336
11,0,11,64.33333333333333
11,0,11,67.83333333333333
12,0,11,71.83333333333333
13,0,11,72.58333333333333
13,0,11,73.58333333333333
14,0,11,73.16666666666667
14,0,11,71.75
15,0,11,70.25
15,0,11,66.91666666666667
16,0,11,62.5
16,0,11,59.083333333333336
7,1,11,52.333333333333336
8,1,11,19.58333333333333
8,1,11,27.75
9,1,11,36.583333333333336
10,1,11,47.083333333333336
10,1,11,54.833333333333336
11,1,11,61.333333333333336
11,1,11,65.66666666666667
11,1,11,67.5
12,1,11,69.41666666666667
12,1,11,69.58333333333333
13,1,11,69.33333333333333
14,1,11,69.5
14,1,11,69.83333333333333
15,1,11,69.08333333333333
15,1,11,64.41666666666667
16,1,11,61.083333333333336
16,1,11,56.5
7,2,11,48.833333333333336
8,2,11,21.916666666666668
8,2,11,29.25
9,2,11,37.083333333333336
9,2,11,45.333333333333336
10,2,11,52.75
10,2,11,59.0
11,2,11,64.0
11,2,11,65.58333333333333
12,2,11,68.83333333333333
12,2,11,70.83333333333333
13,2,11,71.16666666666667
13,2,11,71.66666666666667
14,2,11,69.66666666666667
14,2,11,67.75
15,2,11,64.25
15,2,11,61.75
16,2,11,58.75
7,3,11,51.333333333333336
8,3,11,21.166666666666668
8,3,11,28.33333333333333
9,3,11,37.66666666666666
9,3,11,45.75
10,3,11,54.91666666666666
10,3,11,61.66666666666666
11,3,11,66.41666666666667
11,3,11,70.0
12,3,11,72.0
12,3,11,71.58333333333333
13,3,11,69.66666666666667
13,3,11,71.58333333333333
14,3,11,70.16666666666667
14,3,11,68.33333333333333
15,3,11,63.66666666666666
15,3,11,60.25
16,3,11,55.66666666666666
8,4,11,48.833333333333336
8,4,11,21.58333333333333
8,4,11,27.33333333333333
9,4,11,35.583333333333336
9,4,11,45.66666666666666
10,4,11,53.25
10,4,11,57.16666666666666
11,4,11,60.16666666666666
11,4,11,62.0
12,4,11,64.58333333333333
13,4,11,65.75
13,4,11,65.5
14,4,11,64.33333333333333
14,4,11,63.583333333333336
14,4,11,61.66666666666666
15,4,11,59.16666666666666
16,4,11,55.333333333333336
16,4,11,53.833333333333336
7,5,11,47.5
8,5,11,11.083333333333334
9,5,11,12.75
9,5,11,15.416666666666666
9,5,11,18.916666666666668
10,5,11,22.75
11,5,11,27.25
11,5,11,31.25
12,5,11,35.583333333333336
12,5,11,38.75
12,5,11,42.5
13,5,11,47.0
13,5,11,50.0
14,5,11,52.583333333333336
14,5,11,53.91666666666666
15,5,11,55.66666666666666
15,5,11,55.16666666666666
16,5,11,55.66666666666666
8,6,11,52.66666666666666
8,6,11,11.25
9,6,11,11.833333333333334
9,6,11,14.166666666666666
10,6,11,16.833333333333332
10,6,11,17.833333333333332
11,6,11,20.08333333333333
11,6,11,25.75
12,6,11,33.75
13,6,11,40.16666666666666
13,6,11,46.083333333333336
13,6,11,48.41666666666666
14,6,11,52.0
14,6,11,56.25
15,6,11,56.25
15,6,11,53.583333333333336
16,6,11,47.583333333333336
8,0,11,42.083333333333336
8,0,11,19.916666666666668
9,0,11,27.916666666666668
9,0,11,37.083333333333336
10,0,11,45.75
10,0,11,54.0
11,0,11,57.583333333333336
11,0,11,61.333333333333336
11,0,11,64.41666666666667
12,0,11,68.16666666666667
12,0,11,69.41666666666667
13,0,11,71.66666666666667
14,0,11,70.75
14,0,11,70.91666666666667
14,0,11,68.41666666666667
15,0,11,65.16666666666667
15,0,11,60.833333333333336
16,0,11,55.083333333333336
7,1,12,0.0
8,1,12,52.36111111111112
8,1,12,61.94444444444444
9,1,12,71.80555555555556
9,1,12,79.02777777777777
10,1,12,85.55555555555556
10,1,12,88.61111111111111
11,1,12,91.38888888888889
11,1,12,92.08333333333331
12,1,12,93.88888888888889
13,1,12,94.58333333333331
13,1,12,93.75
14,1,12,93.61111111111111
14,1,12,93.47222222222224
14,1,12,92.91666666666669
15,1,12,90.83333333333331
16,1,12,86.38888888888889
16,1,12,79.16666666666667
7,2,12,70.83333333333333
8,2,12,51.80555555555556
9,2,12,61.94444444444444
9,2,12,70.13888888888889
10,2,12,76.94444444444444
10,2,12,84.30555555555556
11,2,12,89.30555555555556
11,2,12,90.69444444444444
12,2,12,91.11111111111111
12,2,12,92.63888888888889
12,2,12,92.63888888888889
13,2,12,91.94444444444444
13,2,12,92.5
14,2,12,91.38888888888889
14,2,12,89.16666666666667
15,2,12,87.63888888888889
16,2,12,84.02777777777777
16,2,12,78.05555555555556
7,3,12,70.13888888888889
8,3,12,54.16666666666666
8,3,12,65.0
9,3,12,74.30555555555556
10,3,12,81.25
10,3,12,86.66666666666667
10,3,12,88.75
11,3,12,91.52777777777776
12,3,12,93.05555555555556
12,3,12,94.86111111111111
12,3,12,95.13888888888889
13,3,12,96.38888888888889
13,3,12,96.11111111111111
14,3,12,96.80555555555556
15,3,12,95.41666666666669
15,3,12,92.08333333333331
16,3,12,87.08333333333333
16,3,12,80.13888888888889
8,4,12,70.41666666666667
8,4,12,47.91666666666666
9,4,12,57.5
9,4,12,66.11111111111111
9,4,12,70.13888888888889
10,4,12,75.69444444444444
10,4,12,78.75
11,4,12,79.58333333333333
12,4,12,79.58333333333333
12,4,12,79.58333333333333
13,4,12,80.69444444444444
13,4,12,81.25
14,4,12,80.13888888888889
14,4,12,79.02777777777777
15,4,12,76.52777777777777
15,4,12,75.83333333333333
15,4,12,71.38888888888889
16,4,12,64.58333333333333
7,5,12,55.97222222222222
8,5,12,26.52777777777778
8,5,12,29.444444444444443
9,5,12,34.44444444444444
10,5,12,38.61111111111112
10,5,12,42.36111111111112
10,5,12,44.72222222222222
11,5,12,46.80555555555556
12,5,12,50.55555555555556
12,5,12,54.44444444444444
13,5,12,57.083333333333336
13,5,12,58.333333333333336
14,5,12,58.888888888888886
14,5,12,60.833333333333336
14,5,12,59.44444444444444
15,5,12,59.44444444444444
16,5,12,57.083333333333336
16,5,12,53.19444444444444
8,6,12,48.47222222222222
8,6,12,25.416666666666668
8,6,12,26.80555555555556
9,6,12,27.22222222222222
9,6,12,27.22222222222222
10,6,12,27.5
11,6,12,28.47222222222222
11,6,12,30.13888888888889
11,6,12,30.97222222222222
12,6,12,33.05555555555556
13,6,12,35.97222222222222
13,6,12,36.94444444444444
14,6,12,36.66666666666666
14,6,12,36.25
15,6,12,35.55555555555556
15,6,12,34.861111111111114
16,6,12,33.888888888888886
16,6,12,31.944444444444443
8,0,12,29.444444444444443
8,0,12,47.083333333333336
9,0,12,55.138888888888886
9,0,12,65.83333333333333
10,0,12,73.19444444444444
10,0,12,80.27777777777777
10,0,12,82.22222222222223
11,0,12,83.05555555555556
11,0,12,82.22222222222223
12,0,12,83.05555555555556
13,0,12,85.27777777777777
13,0,12,86.11111111111111
14,0,12,85.0
14,0,12,84.16666666666667
14,0,12,82.63888888888889
15,0,12,80.97222222222223
15,0,12,77.22222222222223
16,0,12,71.80555555555556
8,1,12,62.22222222222222
8,1,12,44.583333333333336
8,1,12,54.583333333333336
9,1,12,62.91666666666666
9,1,12,72.36111111111111
10,1,12,78.75
10,1,12,84.86111111111111
11,1,12,86.25
12,1,12,87.5
12,1,12,87.5
13,1,12,89.02777777777777
13,1,12,89.02777777777777
14,1,12,88.33333333333333
14,1,12,87.36111111111111
15,1,12,84.44444444444444
15,1,12,82.36111111111111
16,1,12,77.22222222222223
16,1,12,70.55555555555556
8,2,12,61.94444444444444
8,2,12,51.80555555555556
9,2,12,59.30555555555556
9,2,12,70.55555555555556
10,2,12,77.91666666666667
10,2,12,86.52777777777777
10,2,12,88.47222222222223
11,2,12,89.58333333333333
12,2,12,90.0
12,2,12,88.88888888888889
13,2,12,90.55555555555556
13,2,12,89.58333333333333
13,2,12,87.91666666666667
14,2,12,87.22222222222223
15,2,12,86.25
15,2,12,82.63888888888889
15,2,12,78.88888888888889
16,2,12,73.19444444444444
7,3,12,62.22222222222222
8,3,12,45.97222222222222
9,3,12,60.27777777777778
9,3,12,71.52777777777777
9,3,12,77.77777777777777
10,3,12,85.55555555555556
11,3,12,88.88888888888889
11,3,12,90.55555555555556
11,3,12,91.38888888888889
12,3,12,93.05555555555556
13,3,12,92.77777777777776
13,3,12,92.22222222222224
13,3,12,92.63888888888889
14,3,12,90.97222222222224
15,3,12,89.58333333333333
15,3,12,88.33333333333333
16,3,12,84.02777777777777
16,3,12,77.36111111111111
8,4,12,67.08333333333333
8,4,12,47.638888888888886
9,4,12,56.388888888888886
9,4,12,64.72222222222223
10,4,12,70.97222222222223
10,4,12,75.27777777777777
11,4,12,77.22222222222223
11,4,12,78.19444444444444
12,4,12,78.88888888888889
12,4,12,79.44444444444444
13,4,12,79.02777777777777
13,4,12,78.88888888888889
14,4,12,77.63888888888889
14,4,12,76.25
15,4,12,75.13888888888889
15,4,12,71.80555555555556
16,4,12,65.55555555555556
16,4,12,59.30555555555556
8,5,12,51.388888888888886
8,5,12,27.22222222222222
9,5,12,31.38888888888889
9,5,12,34.44444444444444
10,5,12,38.333333333333336
10,5,12,41.66666666666666
11,5,12,45.0
11,5,12,47.22222222222222
12,5,12,48.75
12,5,12,50.97222222222222
13,5,12,52.91666666666666
13,5,12,55.55555555555556
14,5,12,57.91666666666666
14,5,12,58.61111111111112
15,5,12,59.02777777777778
15,5,12,59.583333333333336
16,5,12,55.69444444444444
16,5,12,51.94444444444444
8,6,12,48.19444444444444
8,6,12,29.166666666666668
9,6,12,32.361111111111114
9,6,12,42.91666666666666
10,6,12,54.02777777777778
10,6,12,70.97222222222223
11,6,12,79.30555555555556
11,6,12,87.77777777777777
12,6,12,92.91666666666669
12,6,12,98.05555555555556
13,6,12,97.22222222222224
13,6,12,95.69444444444444
14,6,12,88.47222222222223
14,6,12,78.88888888888889
15,6,12,67.91666666666667
15,6,12,60.0
15,6,12,53.333333333333336
16,6,12,48.05555555555556
8,0,12,40.138888888888886
8,0,12,46.388888888888886
9,0,12,54.02777777777778
9,0,12,62.77777777777778
10,0,12,69.44444444444444
10,0,12,75.69444444444444
11,0,12,78.75
11,0,12,81.25
12,0,12,82.08333333333333
12,0,12,83.61111111111111
12,0,12,83.75
13,0,12,82.77777777777777
14,0,12,81.94444444444444
14,0,12,82.36111111111111
14,0,12,81.66666666666667
15,0,12,80.55555555555556
15,0,12,76.66666666666667
16,0,12,70.41666666666667
8,1,12,60.138888888888886
8,1,12,49.583333333333336
9,1,12,56.94444444444444
9,1,12,67.77777777777777
10,1,12,73.75
10,1,12,78.47222222222223
11,1,12,82.08333333333333
11,1,12,85.55555555555556
12,1,12,86.11111111111111
12,1,12,87.5
13,1,12,87.91666666666667
13,1,12,87.5
13,1,12,87.63888888888889
14,1,12,86.25
15,1,12,84.86111111111111
15,1,12,83.33333333333333
15,1,12,79.30555555555556
16,1,12,73.88888888888889
8,2,12,66.25
8,2,12,50.69444444444444
8,2,12,57.77777777777778
9,2,12,68.47222222222223
9,2,12,79.16666666666667
10,2,12,83.61111111111111
10,2,12,88.33333333333333
11,2,12,89.30555555555556
11,2,12,89.30555555555556
12,2,12,89.30555555555556
12,2,12,89.58333333333333
13,2,12,88.61111111111111
13,2,12,88.33333333333333
14,2,12,87.36111111111111
14,2,12,85.69444444444444
15,2,12,84.02777777777777
15,2,12,79.72222222222223
16,2,12,72.5
7,5,12,62.5
8,5,12,24.72222222222222
8,5,12,25.27777777777778
9,5,12,28.61111111111111
9,5,12,31.666666666666668
10,5,12,37.22222222222222
10,5,12,38.888888888888886
11,5,12,40.833333333333336
11,5,12,43.888888888888886
12,5,12,46.66666666666666
12,5,12,47.91666666666666
13,5,12,50.138888888888886
13,5,12,50.97222222222222
14,5,12,50.833333333333336
14,5,12,50.833333333333336
15,5,12,49.30555555555556
15,5,12,48.888888888888886
16,5,12,44.30555555555556
7,6,12,41.80555555555556
8,6,12,27.63888888888889
8,6,12,28.05555555555556
9,6,12,28.61111111111111
9,6,12,29.30555555555556
10,6,12,29.444444444444443
10,6,12,29.444444444444443
11,6,12,30.13888888888889
11,6,12,31.11111111111111
12,6,12,33.05555555555556
12,6,12,35.27777777777778
13,6,12,35.416666666666664
13,6,12,35.69444444444444
14,6,12,36.11111111111112
14,6,12,35.55555555555556
15,6,12,34.583333333333336
15,6,12,34.02777777777778
16,6,12,31.80555555555556
7,0,12,29.444444444444443
8,0,12,47.36111111111112
9,0,12,55.833333333333336
9,0,12,65.0
9,0,12,71.94444444444444
10,0,12,73.33333333333333
11,0,12,74.72222222222223
11,0,12,75.83333333333333
11,0,12,77.36111111111111
12,0,12,78.61111111111111
12,0,12,80.13888888888889
13,0,12,78.75
13,0,12,77.5
14,0,12,76.94444444444444
14,0,12,76.25
15,0,12,74.72222222222223
16,0,12,72.63888888888889
16,0,12,67.63888888888889
8,1,12,59.72222222222222
8,1,12,47.22222222222222
9,1,12,54.86111111111112
9,1,12,63.75
9,1,12,67.08333333333333
10,1,12,74.02777777777777
10,1,12,77.22222222222223
11,1,12,78.33333333333333
12,1,12,79.02777777777777
12,1,12,79.16666666666667
13,1,12,79.16666666666667
13,1,12,78.88888888888889
13,1,12,79.16666666666667
14,1,12,78.33333333333333
15,1,12,77.77777777777777
15,1,12,77.22222222222223
15,1,12,74.30555555555556
16,1,12,69.72222222222223
7,2,12,59.583333333333336
8,2,12,47.638888888888886
8,2,12,57.77777777777778
9,2,12,65.69444444444444
9,2,12,71.38888888888889
10,2,12,76.94444444444444
10,2,12,78.61111111111111
11,2,12,79.16666666666667
11,2,12,79.30555555555556
12,2,12,79.86111111111111
12,2,12,80.27777777777777
13,2,12,81.80555555555556
13,2,12,80.83333333333333
14,2,12,80.41666666666667
14,2,12,80.55555555555556
15,2,12,78.33333333333333
15,2,12,75.83333333333333
16,2,12,70.41666666666667
7,3,12,58.47222222222222
8,3,12,49.72222222222222
8,3,12,58.05555555555556
9,3,12,66.66666666666667
9,3,12,71.52777777777777
10,3,12,74.72222222222223
10,3,12,76.52777777777777
11,3,12,77.08333333333333
11,3,12,78.19444444444444
12,3,12,79.02777777777777
12,3,12,80.13888888888889
13,3,12,82.08333333333333
13,3,12,80.97222222222223
14,3,12,80.69444444444444
14,3,12,79.86111111111111
15,3,12,78.88888888888889
15,3,12,75.69444444444444
16,3,12,68.33333333333333
8,4,12,61.66666666666666
8,4,12,47.638888888888886
9,4,12,56.388888888888886
10,4,12,61.388888888888886
10,4,12,65.27777777777777
10,4,12,67.08333333333333
11,4,12,67.91666666666667
12,4,12,68.33333333333333
12,4,12,68.75
13,4,12,68.88888888888889
13,4,12,69.72222222222223
14,4,12,69.02777777777777
14,4,12,70.55555555555556
15,4,12,68.75
15,4,12,66.25
16,4,12,64.44444444444444
16,4,12,59.72222222222222
7,5,12,54.16666666666666
8,5,12,21.666666666666668
8,5,12,23.61111111111111
9,5,12,28.194444444444443
9,5,12,29.72222222222222
10,5,12,35.27777777777778
10,5,12,40.833333333333336
11,5,12,46.388888888888886
12,5,12,47.77777777777778
12,5,12,52.638888888888886
12,5,12,54.44444444444444
13,5,12,55.0
13,5,12,56.25
14,5,12,55.833333333333336
14,5,12,55.0
15,5,12,52.91666666666666
15,5,12,50.0
16,5,12,45.27777777777778
7,6,12,41.94444444444444
8,6,12,23.47222222222222
8,6,12,23.33333333333333
9,6,12,23.75
9,6,12,23.88888888888889
10,6,12,24.86111111111111
10,6,12,26.52777777777778
11,6,12,28.194444444444443
11,6,12,29.58333333333333
12,6,12,31.944444444444443
13,6,12,33.611111111111114
13,6,12,35.416666666666664
13,6,12,35.69444444444444
14,6,12,35.138888888888886
15,6,12,34.30555555555556
15,6,12,32.638888888888886
8,0,12,31.52777777777778
8,0,12,48.47222222222222
9,0,12,57.77777777777778
9,0,12,67.77777777777777
10,0,12,73.47222222222223
10,0,12,77.63888888888889
11,0,12,79.72222222222223
11,0,12,80.0
12,0,12,80.41666666666667
12,0,12,80.41666666666667
13,0,12,81.11111111111111
13,0,12,80.13888888888889
13,0,12,80.69444444444444
14,0,12,80.83333333333333
15,0,12,80.41666666666667
15,0,12,79.16666666666667
16,0,12,77.22222222222223
16,0,12,71.38888888888889
8,1,12,63.47222222222222
8,1,12,51.11111111111112
9,1,12,58.333333333333336
9,1,12,69.30555555555556
10,1,12,74.58333333333333
10,1,12,83.61111111111111
11,1,12,85.13888888888889
11,1,12,87.63888888888889
12,1,12,88.19444444444444
12,1,12,89.16666666666667
13,1,12,90.55555555555556
13,1,12,90.41666666666669
14,1,12,90.13888888888889
14,1,12,89.86111111111111
15,1,12,89.44444444444444
15,1,12,88.47222222222223
16,1,12,85.83333333333333
16,1,12,79.44444444444444
7,2,12,69.30555555555556
8,2,12,48.61111111111112
8,2,12,57.91666666666666
9,2,12,65.69444444444444
9,2,12,77.36111111111111
10,2,12,84.58333333333333
10,2,12,88.88888888888889
11,2,12,90.41666666666669
11,2,12,90.69444444444444
12,2,12,90.97222222222224
13,2,12,90.27777777777776
13,2,12,89.30555555555556
14,2,12,88.88888888888889
14,2,12,88.19444444444444
14,2,12,87.77777777777777
15,2,12,87.5
16,2,12,81.94444444444444
16,2,12,74.58333333333333
8,3,12,65.41666666666667
8,3,12,49.72222222222222
9,3,12,59.16666666666666
9,3,12,70.0
10,3,12,77.77777777777777
10,3,12,85.55555555555556
11,3,12,87.22222222222223
11,3,12,87.77777777777777
12,3,12,88.47222222222223
12,3,12,89.86111111111111
12,3,12,90.55555555555556
13,3,12,91.25
13,3,12,90.83333333333331
14,3,12,91.11111111111111
15,3,12,89.44444444444444
15,3,12,87.36111111111111
16,3,12,85.0
16,3,12,77.77777777777777
8,4,12,69.44444444444444
8,4,12,46.94444444444444
8,4,12,55.138888888888886
9,4,12,63.888888888888886
10,4,12,72.63888888888889
10,4,12,75.97222222222223
11,4,12,77.22222222222223
11,4,12,77.36111111111111
12,4,12,77.22222222222223
12,4,12,78.61111111111111
13,4,12,77.63888888888889
13,4,12,78.19444444444444
13,4,12,76.11111111111111
14,4,12,74.86111111111111
15,4,12,73.33333333333333
15,4,12,70.41666666666667
16,4,12,65.83333333333333
16,4,12,59.02777777777778
8,5,12,53.05555555555556
8,5,12,23.194444444444443
8,5,12,23.88888888888889
9,5,12,26.25
9,5,12,28.75
10,5,12,30.97222222222222
10,5,12,33.611111111111114
11,5,12,35.27777777777778
12,5,12,37.638888888888886
12,5,12,41.52777777777778
13,5,12,43.61111111111112
13,5,12,46.11111111111112
13,5,12,46.25
14,5,12,46.25
15,5,12,46.94444444444444
15,5,12,46.388888888888886
16,5,12,44.86111111111112
16,5,12,40.833333333333336
8,6,12,36.94444444444444
8,6,12,22.5
9,6,12,23.05555555555556
9,6,12,24.72222222222222
10,6,12,25.0
10,6,12,26.11111111111111
10,6,12,26.944444444444443
11,6,12,29.166666666666668
11,6,12,29.72222222222222
12,6,12,31.11111111111111
13,6,12,31.52777777777778
13,6,12,32.916666666666664
13,6,12,33.47222222222222
14,6,12,32.5
15,6,12,32.22222222222222
15,6,12,31.52777777777778
15,6,12,29.30555555555556
16,6,12,26.944444444444443
8,0,12,25.13888888888889
8,0,12,50.41666666666666
8,0,12,59.44444444444444
9,0,12,72.22222222222223
9,0,12,81.11111111111111
10,0,12,86.66666666666667
10,0,12,90.41666666666669
11,0,12,91.38888888888889
11,0,12,90.41666666666669
12,0,12,91.80555555555556
12,0,12,92.63888888888889
13,0,12,91.38888888888889
13,0,12,90.41666666666669
14,0,12,91.38888888888889
15,0,12,89.86111111111111
15,0,12,87.22222222222223
16,0,12,83.88888888888889
16,0,12,76.38888888888889
7,1,12,64.72222222222223
8,1,12,51.11111111111112
8,1,12,61.25
9,1,12,74.02777777777777
9,1,12,78.88888888888889
10,1,12,86.94444444444444
11,1,12,92.36111111111111
11,1,12,94.72222222222224
11,1,12,95.97222222222224
12,1,12,97.91666666666669
13,1,12,97.63888888888889
13,1,12,97.08333333333331
14,1,12,93.75
14,1,12,93.05555555555556
15,1,12,91.38888888888889
15,1,12,89.58333333333333
16,1,12,84.30555555555556
16,1,12,78.61111111111111
8,2,12,66.11111111111111
8,2,12,50.69444444444444
9,2,12,58.888888888888886
9,2,12,68.05555555555556
10,2,12,78.75
10,2,12,85.69444444444444
11,2,12,91.66666666666669
11,2,12,91.80555555555556
12,2,12,92.36111111111111
12,2,12,94.16666666666669
13,2,12,93.47222222222224
13,2,12,92.91666666666669
14,2,12,92.5
14,2,12,93.33333333333331
15,2,12,91.25
15,2,12,89.16666666666667
16,2,12,84.02777777777777
16,2,12,75.83333333333333
8,3,12,63.19444444444444
8,3,12,50.97222222222222
9,3,12,64.44444444444444
9,3,12,69.58333333333333
9,3,12,76.11111111111111
10,3,12,81.52777777777777
11,3,12,86.52777777777777
11,3,12,87.63888888888889
12,3,12,90.0
12,3,12,91.52777777777776
13,3,12,93.75
13,3,12,92.63888888888889
14,3,12,93.88888888888889
14,3,12,92.77777777777776
15,3,12,91.25
15,3,12,89.02777777777777
16,3,12,84.58333333333333
16,3,12,78.05555555555556
8,4,12,71.38888888888889
8,4,12,51.52777777777778
9,4,12,61.25
9,4,12,70.97222222222223
10,4,12,77.63888888888889
10,4,12,84.02777777777777
11,4,12,88.19444444444444
11,4,12,89.58333333333333
12,4,12,89.72222222222223
12,4,12,91.66666666666669
13,4,12,90.97222222222224
13,4,12,91.94444444444444
14,4,12,89.86111111111111
14,4,12,89.16666666666667
15,4,12,89.30555555555556
15,4,12,85.83333333333333
16,4,12,79.44444444444444
16,4,12,73.05555555555556
8,5,12,60.41666666666666
8,5,12,27.22222222222222
9,5,12,28.33333333333333
9,5,12,32.361111111111114
10,5,12,36.25
10,5,12,43.05555555555556
11,5,12,47.36111111111112
11,5,12,50.138888888888886
12,5,12,54.16666666666666
12,5,12,56.66666666666666
13,5,12,59.30555555555556
13,5,12,62.638888888888886
14,5,12,64.30555555555556
14,5,12,65.0
15,5,12,64.86111111111111
15,5,12,65.13888888888889
16,5,12,63.75
16,5,12,57.22222222222222
8,6,12,51.11111111111112
8,6,12,27.22222222222222
9,6,12,27.08333333333333
9,6,12,27.63888888888889
9,6,12,27.63888888888889
10,6,12,29.02777777777778
11,6,12,30.83333333333333
11,6,12,33.888888888888886
12,6,12,34.861111111111114
12,6,12,38.333333333333336
13,6,12,40.27777777777778
13,6,12,42.22222222222222
14,6,12,42.91666666666666
14,6,12,43.19444444444444
15,6,12,40.27777777777778
15,6,12,39.02777777777778
16,6,12,36.94444444444444
16,6,12,33.75
8,0,12,29.86111111111111
8,0,12,48.888888888888886
9,0,12,61.94444444444444
9,0,12,71.52777777777777
10,0,12,82.36111111111111
10,0,12,87.91666666666667
11,0,12,91.11111111111111
11,0,12,92.77777777777776
12,0,12,93.88888888888889
12,0,12,94.30555555555556
13,0,12,94.58333333333331
13,0,12,95.55555555555556
14,0,12,95.97222222222224
14,0,12,95.97222222222224
15,0,12,96.11111111111111
15,0,12,94.58333333333331
16,0,12,91.11111111111111
16,0,12,85.27777777777777
7,1,12,74.72222222222223
8,1,12,49.583333333333336
8,1,12,62.91666666666666
9,1,12,73.47222222222223
9,1,12,86.11111111111111
10,1,12,95.13888888888889
11,1,12,99.86111111111111
11,1,12,99.86111111111111
11,1,12,98.88888888888889
12,1,12,99.02777777777776
12,1,12,97.36111111111111
13,1,12,97.91666666666669
14,1,12,97.91666666666669
14,1,12,97.36111111111111
15,1,12,96.52777777777776
15,1,12,94.02777777777776
15,1,12,89.16666666666667
16,1,12,83.47222222222223
8,2,12,72.36111111111111
8,2,12,53.47222222222222
9,2,12,63.333333333333336
9,2,12,75.13888888888889
10,2,12,84.30555555555556
10,2,12,94.86111111111111
11,2,12,99.44444444444444
12,2,12,99.30555555555556
12,2,12,99.02777777777776
13,2,12,99.44444444444444
13,2,12,99.02777777777776
14,2,12,98.19444444444444
14,2,12,97.5
15,2,12,95.97222222222224
15,2,12,92.91666666666669
16,2,12,87.77777777777777
16,2,12,81.94444444444444
8,3,12,65.97222222222223
8,3,12,54.30555555555556
9,3,12,62.77777777777778
9,3,12,72.77777777777777
9,3,12,82.5
10,3,12,88.88888888888889
11,3,12,93.75
11,3,12,95.27777777777776
12,3,12,95.55555555555556
12,3,12,96.80555555555556
13,3,12,97.77777777777776
13,3,12,96.52777777777776
14,3,12,95.55555555555556
14,3,12,94.30555555555556
14,3,12,93.05555555555556
15,3,12,90.97222222222224
15,3,12,87.22222222222223
16,3,12,80.0
8,4,12,70.27777777777777
8,4,12,51.80555555555556
9,4,12,60.97222222222222
10,4,12,78.19444444444444
10,4,12,85.69444444444444
11,4,12,88.33333333333333
11,4,12,89.16666666666667
12,4,12,90.83333333333331
12,4,12,90.97222222222224
13,4,12,91.25
13,4,12,87.63888888888889
14,4,12,87.63888888888889
14,4,12,87.22222222222223
15,4,12,86.52777777777777
15,4,12,83.61111111111111
16,4,12,80.69444444444444
16,4,12,73.88888888888889
7,5,12,65.13888888888889
8,5,12,26.52777777777778
8,5,12,30.83333333333333
9,5,12,37.22222222222222
10,5,12,44.30555555555556
10,5,12,50.55555555555556
10,5,12,56.66666666666666
11,5,12,61.66666666666666
12,5,12,65.27777777777777
12,5,12,71.11111111111111
13,5,12,76.80555555555556
13,5,12,81.25
14,5,12,82.5
14,5,12,85.69444444444444
15,5,12,84.72222222222223
15,5,12,82.08333333333333
16,5,12,80.97222222222223
16,5,12,75.41666666666667
8,6,12,66.94444444444444
8,6,12,24.30555555555556
9,6,12,25.83333333333333
9,6,12,27.08333333333333
10,6,12,27.08333333333333
10,6,12,28.75
11,6,12,30.27777777777778
11,6,12,32.916666666666664
12,6,12,35.416666666666664
12,6,12,38.333333333333336
13,6,12,40.97222222222222
13,6,12,44.02777777777778
14,6,12,44.583333333333336
14,6,12,45.69444444444444
15,6,12,46.66666666666666
15,6,12,46.388888888888886
16,6,12,44.30555555555556
16,6,12,41.388888888888886
8,0,12,36.94444444444444
8,0,12,50.55555555555556
9,0,12,59.16666666666666
9,0,12,70.55555555555556
10,0,12,80.69444444444444
10,0,12,90.13888888888889
11,0,12,95.27777777777776
11,0,12,95.97222222222224
11,0,12,96.11111111111111
12,0,12,96.80555555555556
12,0,12,97.22222222222224
13,0,12,96.80555555555556
13,0,12,97.77777777777776
14,0,12,97.77777777777776
14,0,12,95.97222222222224
15,0,12,93.88888888888889
15,0,12,89.30555555555556
16,0,12,82.91666666666667
7,1,12,69.02777777777777
8,1,12,46.94444444444444
9,1,12,60.27777777777778
9,1,12,71.38888888888889
10,1,12,79.86111111111111
10,1,12,90.27777777777776
11,1,12,94.02777777777776
11,1,12,96.80555555555556
12,1,12,97.5
12,1,12,96.94444444444444
12,1,12,97.5
13,1,12,96.38888888888889
13,1,12,95.97222222222224
14,1,12,95.97222222222224
14,1,12,94.58333333333331
15,1,12,92.91666666666669
15,1,12,87.22222222222223
16,1,12,81.80555555555556
8,2,12,70.13888888888889
8,2,12,52.638888888888886
8,2,12,61.52777777777778
9,2,12,70.41666666666667
10,2,12,82.63888888888889
10,2,12,95.41666666666669
11,2,12,98.88888888888889
11,2,12,99.44444444444444
11,2,12,97.36111111111111
12,2,12,97.5
13,2,12,98.61111111111111
13,2,12,98.19444444444444
13,2,12,95.97222222222224
14,2,12,94.30555555555556
15,2,12,91.94444444444444
15,2,12,88.75
16,2,12,84.44444444444444
16,2,12,75.83333333333333
8,3,12,64.44444444444444
8,3,12,48.333333333333336
9,3,12,59.30555555555556
9,3,12,70.0
10,3,12,80.27777777777777
10,3,12,86.11111111111111
11,3,12,89.16666666666667
11,3,12,91.52777777777776
12,3,12,92.63888888888889
12,3,12,94.30555555555556
13,3,12,95.0
13,3,12,96.52777777777776
13,3,12,97.22222222222224
14,3,12,95.97222222222224
14,3,12,93.61111111111111
15,3,12,91.11111111111111
15,3,12,85.69444444444444
16,3,12,78.47222222222223
8,4,12,68.88888888888889
9,4,12,46.52777777777778
9,4,12,67.91666666666667
10,4,12,74.44444444444444
10,4,12,80.69444444444444
11,4,12,83.47222222222223
11,4,12,84.86111111111111
12,4,12,84.72222222222223
12,4,12,85.83333333333333
13,4,12,87.91666666666667
13,4,12,87.77777777777777
14,4,12,87.63888888888889
14,4,12,87.08333333333333
15,4,12,84.86111111111111
15,4,12,81.80555555555556
16,4,12,79.16666666666667
16,4,12,71.38888888888889
8,5,12,61.11111111111112
8,5,12,23.75
9,5,12,24.72222222222222
9,5,12,32.5
10,5,12,41.11111111111112
10,5,12,45.97222222222222
11,5,12,52.083333333333336
11,5,12,56.25
12,5,12,61.66666666666666
12,5,12,68.05555555555556
13,5,12,74.16666666666667
13,5,12,79.72222222222223
14,5,12,81.38888888888889
14,5,12,87.36111111111111
15,5,12,90.27777777777776
15,5,12,88.61111111111111
16,5,12,88.33333333333333
16,5,12,83.75
8,6,12,73.75
8,6,12,23.88888888888889
9,6,12,23.88888888888889
9,6,12,25.0
10,6,12,25.27777777777778
10,6,12,27.77777777777778
10,6,12,30.27777777777778
11,6,12,35.138888888888886
11,6,12,40.0
12,6,12,47.5
13,6,12,54.44444444444444
13,6,12,57.638888888888886
14,6,12,59.86111111111112
14,6,12,63.05555555555556
15,6,12,65.41666666666667
15,6,12,62.36111111111112
15,6,12,56.11111111111112
16,6,12,51.11111111111112
7,0,12,41.80555555555556
8,0,12,45.55555555555556
8,0,12,60.0
9,0,12,68.61111111111111
9,0,12,74.30555555555556
10,0,12,88.33333333333333
10,0,12,94.58333333333331
11,0,12,95.41666666666669
11,0,12,99.30555555555556
13,0,12,99.58333333333331
14,0,12,99.16666666666669
14,0,12,99.58333333333331
15,0,12,97.36111111111111
15,0,12,89.30555555555556
16,0,12,85.69444444444444
7,1,12,71.11111111111111
8,1,12,46.25
9,1,12,57.77777777777778
9,1,12,71.38888888888889
10,1,12,80.27777777777777
10,1,12,89.44444444444444
11,1,12,95.41666666666669
11,1,12,98.61111111111111
11,1,12,99.30555555555556
12,1,12,100.0
13,1,12,100.0
13,1,12,99.58333333333331
14,1,12,99.30555555555556
14,1,12,99.44444444444444
14,1,12,96.94444444444444
15,1,12,93.75
16,1,12,87.5
16,1,12,80.83333333333333
8,2,12,71.80555555555556
8,2,12,47.91666666666666
9,2,12,56.94444444444444
9,2,12,68.33333333333333
10,2,12,75.83333333333333
10,2,12,85.83333333333333
10,2,12,89.02777777777777
11,2,12,92.22222222222224
11,2,12,93.33333333333331
12,2,12,93.61111111111111
13,2,12,95.0
13,2,12,94.58333333333331
14,2,12,93.88888888888889
14,2,12,95.13888888888889
15,2,12,92.5
15,2,12,90.55555555555556
16,2,12,87.91666666666667
16,2,12,80.13888888888889
8,3,12,69.02777777777777
8,3,12,52.91666666666666
8,3,12,59.02777777777778
9,3,12,71.52777777777777
9,3,12,80.41666666666667
10,3,12,89.02777777777777
10,3,12,92.08333333333331
11,3,12,94.58333333333331
11,3,12,94.72222222222224
12,3,12,95.27777777777776
12,3,12,96.52777777777776
13,3,12,97.63888888888889
13,3,12,97.36111111111111
14,3,12,96.11111111111111
14,3,12,94.58333333333331
15,3,12,93.05555555555556
15,3,12,88.61111111111111
16,3,12,81.66666666666667
7,4,12,72.08333333333333
8,4,12,45.69444444444444
9,4,12,59.02777777777778
9,4,12,70.27777777777777
10,4,12,76.11111111111111
10,4,12,83.61111111111111
11,4,12,85.97222222222223
11,4,12,88.33333333333333
12,4,12,87.63888888888889
12,4,12,89.44444444444444
12,4,12,88.05555555555556
13,4,12,87.77777777777777
13,4,12,86.94444444444444
14,4,12,85.41666666666667
14,4,12,83.19444444444444
15,4,12,80.97222222222223
15,4,12,74.58333333333333
16,4,12,67.36111111111111
7,1,12,58.75
8,1,12,50.0
8,1,12,61.388888888888886
9,1,12,70.97222222222223
9,1,12,79.86111111111111
11,1,12,82.22222222222223
11,1,12,97.22222222222224
12,1,12,98.61111111111111
13,1,12,99.58333333333331
14,1,12,96.66666666666669
14,1,12,98.75
15,1,12,96.52777777777776
15,1,12,94.02777777777776
16,1,12,90.55555555555556
16,1,12,83.05555555555556
7,2,12,75.41666666666667
8,2,12,53.19444444444444
8,2,12,61.25
9,2,12,69.72222222222223
9,2,12,77.5
10,2,12,85.83333333333333
10,2,12,90.97222222222224
11,2,12,95.55555555555556
11,2,12,95.41666666666669
12,2,12,96.25
12,2,12,98.19444444444444
13,2,12,95.55555555555556
13,2,12,96.25
14,2,12,95.55555555555556
14,2,12,94.16666666666669
15,2,12,91.25
15,2,12,87.08333333333333
16,2,12,80.55555555555556
7,3,12,65.83333333333333
8,3,12,51.11111111111112
8,3,12,60.69444444444444
9,3,12,71.11111111111111
9,3,12,76.52777777777777
10,3,12,84.86111111111111
10,3,12,91.80555555555556
11,3,12,95.13888888888889
11,3,12,95.69444444444444
12,3,12,96.38888888888889
12,3,12,96.94444444444444
13,3,12,95.69444444444444
13,3,12,95.97222222222224
14,3,12,96.25
14,3,12,97.22222222222224
15,3,12,95.27777777777776
15,3,12,90.41666666666669
16,3,12,83.33333333333333
8,4,12,71.66666666666667
8,4,12,52.36111111111112
8,4,12,60.97222222222222
9,4,12,68.88888888888889
9,4,12,77.77777777777777
10,4,12,82.22222222222223
10,4,12,84.86111111111111
11,4,12,85.69444444444444
11,4,12,87.08333333333333
12,4,12,87.22222222222223
13,4,12,87.77777777777777
13,4,12,87.77777777777777
14,4,12,86.52777777777777
14,4,12,86.66666666666667
14,4,12,83.75
15,4,12,81.52777777777777
16,4,12,76.94444444444444
16,4,12,70.0
7,5,12,62.22222222222222
8,5,12,25.97222222222222
9,5,12,27.36111111111111
9,5,12,30.83333333333333
9,5,12,34.166666666666664
10,5,12,37.5
11,5,12,43.888888888888886
11,5,12,48.19444444444444
12,5,12,53.05555555555556
12,5,12,57.91666666666666
12,5,12,63.888888888888886
13,5,12,64.58333333333333
13,5,12,68.33333333333333
14,5,12,69.02777777777777
14,5,12,70.41666666666667
15,5,12,68.47222222222223
15,5,12,67.91666666666667
16,5,12,63.333333333333336
8,6,12,58.19444444444444
8,6,12,23.61111111111111
8,6,12,23.47222222222222
9,6,12,24.30555555555556
9,6,12,24.58333333333333
10,6,12,27.63888888888889
10,6,12,30.416666666666668
11,6,12,37.36111111111112
11,6,12,42.91666666666666
12,6,12,49.583333333333336
13,6,12,56.11111111111112
13,6,12,60.27777777777778
13,6,12,62.91666666666666
14,6,12,63.47222222222222
14,6,12,64.44444444444444
15,6,12,61.80555555555556
15,6,12,59.02777777777778
16,6,12,51.66666666666666
8,0,12,45.138888888888886
8,0,12,45.833333333333336
9,0,12,55.69444444444444
9,0,12,68.05555555555556
10,0,12,76.38888888888889
10,0,12,85.41666666666667
11,0,12,88.75
11,0,12,91.66666666666669
11,0,12,93.33333333333331
12,0,12,93.33333333333331
12,0,12,96.11111111111111
13,0,12,95.55555555555556
14,0,12,93.88888888888889
14,0,12,93.47222222222224
14,0,12,92.22222222222224
15,0,12,88.88888888888889
15,0,12,84.72222222222223
16,0,12,78.61111111111111
7,1,13,0.0
8,1,13,16.0
8,1,13,32.2
9,1,13,60.4
9,1,13,81.0
10,1,13,88.4
11,1,13,99.6
12,1,13,99.6
13,1,13,99.8
13,1,13,99.8
14,1,13,99.8
14,1,13,99.8
14,1,13,99.8
15,1,13,97.2
16,1,13,92.4
16,1,13,88.4
7,2,13,79.6
8,2,13,19.4
9,2,13,38.8
9,2,13,63.6
10,2,13,77.8
10,2,13,86.4
11,2,13,91.8
11,2,13,94.6
12,2,13,95.2
12,2,13,96.0
12,2,13,94.2
13,2,13,95.2
13,2,13,95.0
14,2,13,94.6
14,2,13,90.0
15,2,13,87.4
16,2,13,83.0
16,2,13,80.0
7,3,13,72.8
8,3,13,16.4
8,3,13,37.6
9,3,13,60.8
10,3,13,72.8
10,3,13,81.0
10,3,13,84.6
11,3,13,87.0
12,3,13,91.4
12,3,13,95.2
12,3,13,96.0
13,3,13,95.4
13,3,13,95.0
14,3,13,94.2
15,3,13,89.4
15,3,13,86.0
16,3,13,82.0
16,3,13,79.0
8,4,13,68.4
8,4,13,16.4
9,4,13,34.6
9,4,13,54.4
9,4,13,61.8
10,4,13,67.4
10,4,13,71.6
11,4,13,73.0
12,4,13,73.2
12,4,13,72.8
13,4,13,73.6
13,4,13,73.8
14,4,13,71.2
14,4,13,68.4
15,4,13,64.8
15,4,13,59.6
15,4,13,57.0
16,4,13,55.6
8,0,13,48.6
8,0,13,25.6
9,0,13,41.8
9,0,13,65.8
10,0,13,76.6
10,0,13,84.2
10,0,13,87.8
11,0,13,90.0
11,0,13,93.0
12,0,13,94.2
13,0,13,94.8
13,0,13,97.0
14,0,13,95.8
14,0,13,95.6
14,0,13,92.8
15,0,13,91.0
15,0,13,87.0
16,0,13,82.6
8,1,13,73.0
8,1,13,22.0
8,1,13,41.4
9,1,13,62.4
9,1,13,80.4
10,1,13,90.2
10,1,13,95.0
11,1,13,96.0
12,1,13,99.2
12,1,13,100.0
13,1,13,100.0
13,1,13,100.0
14,1,13,99.8
14,1,13,98.2
15,1,13,97.2
15,1,13,97.0
16,1,13,93.2
16,1,13,89.0
8,2,13,82.4
8,2,13,26.2
9,2,13,43.6
9,2,13,64.2
10,2,13,74.2
10,2,13,83.6
11,2,13,87.8
11,2,13,91.0
12,2,13,92.4
12,2,13,92.4
13,2,13,91.4
13,2,13,91.4
14,2,13,90.6
14,2,13,89.6
15,2,13,85.4
15,2,13,84.2
15,2,13,79.4
16,2,13,76.0
7,3,13,67.6
8,3,13,19.4
9,3,13,42.8
9,3,13,66.4
9,3,13,79.2
10,3,13,87.0
11,3,13,91.8
11,3,13,95.6
11,3,13,97.4
12,3,13,96.4
13,3,13,95.8
13,3,13,95.8
13,3,13,95.2
14,3,13,93.6
15,3,13,92.2
15,3,13,89.4
16,3,13,85.4
16,3,13,82.6
8,4,13,74.0
8,4,13,18.0
9,4,13,32.6
9,4,13,54.8
10,4,13,64.2
10,4,13,69.6
11,4,13,72.2
11,4,13,72.4
12,4,13,72.8
12,4,13,73.2
13,4,13,73.6
13,4,13,71.6
13,4,13,69.0
14,4,13,67.2
15,4,13,63.8
15,4,13,62.8
16,4,13,60.6
16,4,13,59.4
8,0,13,48.6
8,0,13,21.8
9,0,13,39.2
9,0,13,67.8
9,0,13,74.6
10,0,13,82.0
11,0,13,87.0
11,0,13,89.6
12,0,13,90.8
12,0,13,92.8
12,0,13,93.2
13,0,13,95.0
14,0,13,94.0
14,0,13,94.2
14,0,13,93.2
15,0,13,91.4
15,0,13,88.6
16,0,13,85.4
8,1,13,78.0
8,1,13,26.2
9,1,13,43.4
9,1,13,65.8
10,1,13,78.2
10,1,13,89.6
11,1,13,94.4
11,1,13,96.0
12,1,13,96.0
12,1,13,94.6
13,1,13,96.0
13,1,13,99.8
13,1,13,98.6
14,1,13,98.8
15,1,13,97.2
15,1,13,93.8
15,1,13,89.6
16,1,13,85.2
8,2,13,77.6
8,2,13,28.2
8,2,13,38.6
9,2,13,61.6
9,2,13,75.0
10,2,13,83.2
10,2,13,83.4
11,2,13,84.8
11,2,13,85.2
12,2,13,85.4
12,2,13,85.8
13,2,13,85.4
13,2,13,84.4
14,2,13,82.8
14,2,13,81.0
15,2,13,77.0
15,2,13,72.4
16,2,13,71.0
7,0,13,65.0
8,0,13,16.8
9,0,13,38.6
9,0,13,54.6
9,0,13,60.2
10,0,13,62.6
10,0,13,66.0
11,0,13,67.4
11,0,13,68.4
12,0,13,68.8
12,0,13,68.4
13,0,13,68.6
13,0,13,69.8
14,0,13,69.8
14,0,13,68.6
15,0,13,68.0
16,0,13,62.2
16,0,13,59.2
8,1,13,53.2
8,1,13,17.4
9,1,13,34.4
9,1,13,53.6
9,1,13,59.6
10,1,13,65.8
10,1,13,67.6
11,1,13,69.4
12,1,13,69.6
12,1,13,71.6
12,1,13,72.6
13,1,13,72.8
13,1,13,73.0
14,1,13,72.4
15,1,13,69.8
15,1,13,68.2
15,1,13,64.8
16,1,13,62.0
7,2,13,56.6
8,2,13,18.6
8,2,13,39.0
9,2,13,52.8
9,2,13,60.2
10,2,13,65.2
10,2,13,68.0
11,2,13,71.0
11,2,13,70.6
12,2,13,71.4
12,2,13,70.4
13,2,13,70.4
13,2,13,70.4
14,2,13,69.2
14,2,13,67.8
15,2,13,65.6
15,2,13,65.8
16,2,13,63.6
7,3,13,58.4
8,3,13,18.8
8,3,13,41.2
9,3,13,54.4
9,3,13,60.6
10,3,13,64.8
10,3,13,67.4
11,3,13,69.4
11,3,13,70.4
12,3,13,70.6
12,3,13,70.8
13,3,13,71.0
13,3,13,70.8
14,3,13,70.4
14,3,13,67.6
15,3,13,67.2
15,3,13,65.8
16,3,13,64.2
8,4,13,60.2
8,4,13,27.8
9,4,13,44.2
10,4,13,49.8
10,4,13,53.8
10,4,13,55.4
11,4,13,56.2
12,4,13,56.0
12,4,13,56.2
13,4,13,55.4
13,4,13,55.8
14,4,13,55.0
14,4,13,54.4
14,4,13,53.4
15,4,13,51.2
15,4,13,47.6
16,4,13,45.0
8,0,13,40.2
8,0,13,20.4
9,0,13,38.8
9,0,13,68.6
10,0,13,79.6
10,0,13,86.8
11,0,13,88.4
11,0,13,91.0
12,0,13,92.6
12,0,13,91.4
13,0,13,91.0
13,0,13,92.6
13,0,13,92.8
14,0,13,93.8
15,0,13,93.4
15,0,13,90.6
16,0,13,85.6
16,0,13,80.0
8,1,13,72.4
8,1,13,23.0
9,1,13,37.8
9,1,13,61.8
10,1,13,75.0
10,1,13,85.8
11,1,13,90.6
11,1,13,95.0
12,1,13,96.6
12,1,13,95.6
13,1,13,95.0
13,1,13,96.8
14,1,13,95.4
14,1,13,92.6
15,1,13,91.0
15,1,13,90.0
16,1,13,86.0
16,1,13,83.6
7,2,13,73.6
8,2,13,18.8
8,2,13,38.0
9,2,13,55.8
9,2,13,75.0
10,2,13,82.6
10,2,13,85.8
11,2,13,87.8
11,2,13,87.2
12,2,13,87.6
13,2,13,86.8
13,2,13,86.4
14,2,13,85.8
14,2,13,84.6
14,2,13,84.2
15,2,13,81.6
16,2,13,79.6
16,2,13,73.6
8,3,13,67.0
8,3,13,25.0
9,3,13,39.4
9,3,13,64.6
10,3,13,78.2
10,3,13,88.2
11,3,13,92.6
11,3,13,96.0
12,3,13,96.6
12,3,13,97.8
12,3,13,97.2
13,3,13,98.2
13,3,13,98.0
14,3,13,99.0
15,3,13,96.0
15,3,13,91.4
16,3,13,88.0
16,3,13,83.8
8,4,13,76.0
8,4,13,20.2
8,4,13,35.2
9,4,13,54.8
10,4,13,65.4
10,4,13,69.2
11,4,13,70.0
11,4,13,71.6
12,4,13,72.8
12,4,13,73.6
12,4,13,73.4
13,4,13,73.8
13,4,13,71.4
14,4,13,69.6
15,4,13,69.8
15,4,13,68.2
16,4,13,66.4
16,4,13,63.8
8,0,13,56.4
8,0,13,19.6
8,0,13,35.8
9,0,13,63.4
9,0,13,74.0
10,0,13,85.4
10,0,13,90.4
11,0,13,94.4
11,0,13,96.6
12,0,13,98.4
12,0,13,97.8
13,0,13,99.2
13,0,13,98.6
14,0,13,98.6
15,0,13,95.4
15,0,13,94.0
16,0,13,89.0
16,0,13,83.4
7,1,13,75.0
8,1,13,19.2
8,1,13,36.0
9,1,13,60.0
9,1,13,77.0
10,1,13,90.6
11,1,13,97.6
11,1,13,99.2
11,1,13,100.0
12,1,13,100.0
13,1,13,99.8
14,1,13,100.0
14,1,13,100.0
15,1,13,99.6
15,1,13,97.4
16,1,13,93.0
16,1,13,88.4
8,2,13,76.6
8,2,13,19.0
9,2,13,35.6
9,2,13,61.2
9,2,13,75.4
10,2,13,80.8
11,2,13,83.6
11,2,13,88.6
12,2,13,90.4
12,2,13,91.0
13,2,13,90.2
13,2,13,89.2
14,2,13,89.0
14,2,13,89.6
15,2,13,87.4
15,2,13,85.6
16,2,13,81.8
16,2,13,80.0
8,3,13,71.2
8,3,13,24.6
9,3,13,47.6
9,3,13,66.4
9,3,13,79.4
10,3,13,88.6
10,3,13,93.2
11,3,13,96.4
11,3,13,98.2
12,3,13,98.8
13,3,13,98.8
13,3,13,100.0
13,3,13,97.6
14,3,13,98.6
14,3,13,97.6
15,3,13,94.2
16,3,13,89.0
16,3,13,84.2
8,4,13,74.8
8,4,13,16.8
9,4,13,33.0
9,4,13,53.6
10,4,13,60.8
10,4,13,67.4
10,4,13,69.6
11,4,13,71.8
12,4,13,72.0
12,4,13,73.6
13,4,13,73.6
13,4,13,73.0
14,4,13,71.8
14,4,13,72.4
15,4,13,72.4
15,4,13,71.2
16,4,13,69.2
16,4,13,65.4
8,0,13,56.8
8,0,13,20.8
9,0,13,43.8
9,0,13,64.6
10,0,13,78.6
10,0,13,86.6
11,0,13,89.4
11,0,13,93.0
12,0,13,94.6
12,0,13,98.2
13,0,13,99.6
13,0,13,100.0
14,0,13,99.2
14,0,13,96.6
15,0,13,93.8
15,0,13,90.0
16,0,13,86.6
16,0,13,82.6
7,1,13,74.4
8,1,13,22.0
8,1,13,46.6
9,1,13,67.0
9,1,13,82.8
10,1,13,92.8
11,1,13,98.4
11,1,13,99.8
11,1,13,100.0
12,1,13,99.8
12,1,13,98.6
13,1,13,100.0
14,1,13,98.6
14,1,13,98.6
15,1,13,96.2
15,1,13,93.0
15,1,13,87.8
16,1,13,83.0
8,2,13,76.4
8,2,13,23.4
9,2,13,39.8
9,2,13,63.4
10,2,13,75.4
10,2,13,86.0
11,2,13,90.2
11,2,13,92.2
11,2,13,91.2
12,2,13,92.6
13,2,13,92.8
13,2,13,94.0
14,2,13,93.8
14,2,13,94.2
15,2,13,92.0
15,2,13,87.4
16,2,13,83.6
16,2,13,82.2
8,3,13,72.6
8,3,13,26.8
9,3,13,44.0
9,3,13,66.2
9,3,13,80.4
10,3,13,89.6
11,3,13,94.0
11,3,13,96.8
12,3,13,98.6
12,3,13,99.2
13,3,13,96.2
13,3,13,96.4
14,3,13,95.4
14,3,13,95.8
14,3,13,94.4
15,3,13,93.6
15,3,13,89.2
16,3,13,84.6
8,4,13,76.8
8,4,13,34.6
9,4,13,50.4
10,4,13,78.4
10,4,13,86.6
11,4,13,88.8
11,4,13,91.2
12,4,13,91.6
12,4,13,91.4
13,4,13,90.6
13,4,13,89.8
14,4,13,85.2
14,4,13,83.4
15,4,13,83.0
15,4,13,80.8
16,4,13,79.2
16,4,13,74.8
7,5,13,67.8
8,5,13,21.0
8,5,13,21.2
9,5,13,22.2
9,5,13,22.0
10,5,13,22.6
10,5,13,23.2
11,5,13,24.2
12,5,13,25.0
12,5,13,24.4
13,5,13,24.2
13,5,13,25.2
14,5,13,25.2
14,5,13,25.8
15,5,13,26.0
15,5,13,26.0
16,5,13,26.0
16,5,13,26.0
8,6,13,26.0
9,6,13,19.4
9,6,13,18.8
10,6,13,18.4
11,6,13,18.2
11,6,13,15.4
12,6,13,14.4
12,6,13,13.4
12,6,13,13.2
13,6,13,14.0
13,6,13,13.0
14,6,13,14.0
15,6,13,14.8
15,6,13,14.8
16,6,13,14.4
16,6,13,13.4
8,0,13,13.2
8,0,13,38.0
9,0,13,57.4
9,0,13,82.4
9,0,13,93.2
10,0,13,99.8
11,0,13,94.0
11,0,13,96.8
11,0,13,98.4
12,0,13,98.6
12,0,13,99.4
13,0,13,99.4
14,0,13,98.8
14,0,13,97.2
14,0,13,94.4
15,0,13,92.8
15,0,13,91.0
16,0,13,84.0
7,1,13,74.6
8,1,13,20.8
9,1,13,42.2
9,1,13,69.0
10,1,13,81.4
10,1,13,90.4
11,1,13,94.0
11,1,13,100.0
11,1,13,100.0
12,1,13,100.0
12,1,13,100.0
13,1,13,100.0
13,1,13,99.8
14,1,13,99.0
14,1,13,96.8
15,1,13,95.6
15,1,13,89.6
16,1,13,85.6
8,2,13,78.4
8,2,13,28.6
8,2,13,45.2
9,2,13,64.6
10,2,13,78.6
10,2,13,84.2
10,2,13,88.6
11,2,13,90.4
11,2,13,90.2
12,2,13,89.8
13,2,13,88.6
13,2,13,89.4
13,2,13,91.0
14,2,13,90.4
15,2,13,89.6
15,2,13,88.0
16,2,13,85.8
16,2,13,80.6
8,3,13,74.6
8,3,13,22.0
9,3,13,38.6
9,3,13,60.8
10,3,13,73.2
10,3,13,78.8
11,3,13,82.8
11,3,13,88.0
12,3,13,88.8
12,3,13,91.0
13,3,13,91.0
13,3,13,92.6
13,3,13,92.2
14,3,13,91.0
14,3,13,88.2
15,3,13,87.6
15,3,13,85.2
16,3,13,82.2
8,4,13,72.2
9,4,13,25.0
9,4,13,54.8
10,4,13,63.0
10,4,13,70.2
11,4,13,71.8
11,4,13,72.6
11,4,13,72.6
12,4,13,72.2
13,4,13,70.0
13,4,13,70.2
13,4,13,70.4
14,4,13,69.4
14,4,13,65.6
15,4,13,63.8
15,4,13,61.0
16,4,13,60.0
8,5,13,52.2
8,5,13,15.4
8,5,13,15.6
9,5,13,15.0
10,5,13,15.4
10,5,13,14.8
11,5,13,14.2
11,5,13,13.2
12,5,13,11.4
12,5,13,10.6
12,5,13,11.0
13,5,13,12.6
14,5,13,11.8
14,5,13,12.2
14,5,13,14.8
15,5,13,15.6
15,5,13,15.6
16,5,13,16.8
7,0,13,16.8
8,0,13,18.0
9,0,13,40.4
9,0,13,65.4
10,0,13,74.6
11,0,13,81.6
11,0,13,89.0
12,0,13,88.6
13,0,13,89.6
13,0,13,90.0
14,0,13,89.6
15,0,13,89.4
15,0,13,80.4
16,0,13,78.2
7,1,13,69.2
8,1,13,17.6
9,1,13,36.6
9,1,13,64.6
10,1,13,75.8
10,1,13,86.6
11,1,13,92.8
11,1,13,98.6
11,1,13,99.0
12,1,13,99.8
12,1,13,99.6
13,1,13,99.8
14,1,13,99.6
14,1,13,97.6
14,1,13,97.0
15,1,13,92.2
16,1,13,89.0
16,1,13,81.4
8,2,13,74.0
8,2,13,20.6
9,2,13,38.2
9,2,13,62.2
10,2,13,74.0
10,2,13,82.6
10,2,13,84.6
11,2,13,87.8
12,2,13,88.8
12,2,13,93.0
13,2,13,95.6
13,2,13,95.6
14,2,13,97.4
14,2,13,96.4
15,2,13,95.4
15,2,13,91.8
15,2,13,87.8
16,2,13,83.0
8,3,13,74.0
8,3,13,26.4
8,3,13,36.8
9,3,13,63.8
9,3,13,77.0
10,3,13,87.4
10,3,13,93.4
11,3,13,96.0
11,3,13,98.8
12,3,13,99.8
12,3,13,99.4
13,3,13,99.6
13,3,13,98.6
14,3,13,98.0
14,3,13,96.8
15,3,13,94.4
15,3,13,90.4
16,3,13,87.2
7,4,13,78.4
8,4,13,22.2
9,4,13,38.6
9,4,13,55.6
10,4,13,62.8
10,4,13,68.8
11,4,13,69.2
11,4,13,71.2
12,4,13,70.4
12,4,13,71.6
12,4,13,72.6
13,4,13,74.8
13,4,13,74.4
14,4,13,72.8
14,4,13,73.2
15,4,13,69.6
15,4,13,67.2
16,4,13,64.8
8,0,13,57.2
8,0,13,16.2
9,0,13,36.0
9,0,13,58.8
10,0,13,70.6
10,0,13,80.0
11,0,13,84.8
11,0,13,87.6
11,0,13,87.2
12,0,13,88.8
13,0,13,89.4
13,0,13,91.0
13,0,13,90.2
14,0,13,88.8
15,0,13,88.2
15,0,13,84.6
16,0,13,81.2
16,0,13,76.6
7,1,13,69.6
8,1,13,16.0
8,1,13,36.8
9,1,13,56.8
10,1,13,72.4
10,1,13,82.6
11,1,13,85.6
11,1,13,89.8
11,1,13,91.6
12,1,13,93.6
12,1,13,93.8
13,1,13,93.6
14,1,13,93.4
14,1,13,92.2
15,1,13,91.6
15,1,13,89.2
16,1,13,86.2
16,1,13,81.8
7,2,13,75.4
8,2,13,22.6
8,2,13,38.2
9,2,13,55.2
9,2,13,70.8
10,2,13,81.0
10,2,13,84.4
11,2,13,87.4
11,2,13,88.2
12,2,13,91.4
12,2,13,92.6
13,2,13,95.8
13,2,13,96.4
14,2,13,96.4
14,2,13,93.6
15,2,13,91.4
15,2,13,88.0
16,2,13,84.4
7,3,13,76.6
8,3,13,22.6
8,3,13,36.6
9,3,13,60.8
9,3,13,72.4
10,3,13,80.8
10,3,13,86.8
11,3,13,91.4
11,3,13,93.4
12,3,13,94.6
12,3,13,96.2
13,3,13,97.2
13,3,13,96.2
14,3,13,94.6
14,3,13,92.0
15,3,13,89.2
15,3,13,85.2
16,3,13,80.8
8,4,13,74.0
8,4,13,25.0
8,4,13,38.8
9,4,13,53.4
9,4,13,63.0
10,4,13,69.0
10,4,13,70.0
11,4,13,69.4
11,4,13,67.0
12,4,13,68.0
13,4,13,68.4
13,4,13,69.6
13,4,13,67.6
14,4,13,67.0
14,4,13,65.2
15,4,13,64.8
16,4,13,61.6
16,4,13,55.6
8,0,13,52.6
8,0,13,22.0
9,0,13,38.2
9,0,13,61.6
10,0,13,72.2
10,0,13,81.8
11,0,13,85.6
11,0,13,88.4
11,0,13,88.0
12,0,13,89.2
12,0,13,90.0
13,0,13,90.8
14,0,13,90.6
14,0,13,91.0
14,0,13,88.2
15,0,13,88.6
15,0,13,86.6
16,0,13,80.6
7,1,14,0.0
8,1,14,51.34020618556701
8,1,14,55.05154639175258
9,1,14,57.31958762886598
9,1,14,62.2680412371134
10,1,14,67.42268041237114
10,1,14,72.37113402061856
11,1,14,76.49484536082474
11,1,14,76.90721649484536
12,1,14,78.55670103092784
12,1,14,78.14432989690722
13,1,14,77.11340206185567
14,1,14,77.31958762886597
14,1,14,78.55670103092784
14,1,14,76.90721649484536
15,1,14,72.98969072164948
16,1,14,69.69072164948453
16,1,14,65.36082474226804
7,2,14,62.68041237113402
8,2,14,55.25773195876289
9,2,14,56.28865979381443
9,2,14,60.41237113402062
10,2,14,65.36082474226804
10,2,14,69.89690721649484
11,2,14,73.19587628865979
11,2,14,75.6701030927835
12,2,14,75.4639175257732
12,2,14,76.08247422680412
12,2,14,77.52577319587628
13,2,14,76.90721649484536
13,2,14,76.70103092783505
14,2,14,75.87628865979381
14,2,14,74.43298969072166
15,2,14,73.4020618556701
15,2,14,67.01030927835052
16,2,14,65.15463917525773
7,3,14,61.64948453608248
8,3,14,53.608247422680414
8,3,14,57.11340206185567
9,3,14,58.144329896907216
10,3,14,61.23711340206186
10,3,14,66.5979381443299
10,3,14,69.27835051546391
11,3,14,70.10309278350516
12,3,14,71.34020618556701
12,3,14,71.1340206185567
12,3,14,70.72164948453609
13,3,14,71.1340206185567
13,3,14,70.9278350515464
14,3,14,70.72164948453609
15,3,14,65.97938144329896
15,3,14,66.18556701030928
16,3,14,63.91752577319588
16,3,14,61.44329896907217
8,4,14,57.31958762886598
8,4,14,49.48453608247423
9,4,14,52.37113402061856
9,4,14,56.49484536082474
9,4,14,58.350515463917525
10,4,14,62.2680412371134
10,4,14,63.71134020618557
11,4,14,63.71134020618557
12,4,14,62.68041237113402
12,4,14,64.94845360824742
13,4,14,63.29896907216495
13,4,14,61.44329896907217
13,4,14,58.96907216494845
14,4,14,57.52577319587629
15,4,14,57.93814432989691
15,4,14,55.05154639175258
15,4,14,52.78350515463917
16,4,14,49.27835051546392
7,5,14,48.65979381443299
8,5,14,42.47422680412371
8,5,14,43.50515463917526
9,5,14,44.74226804123711
10,5,14,44.123711340206185
10,5,14,44.5360824742268
10,5,14,43.71134020618557
11,5,14,43.09278350515464
12,5,14,42.47422680412371
12,5,14,42.47422680412371
13,5,14,43.71134020618557
13,5,14,46.39175257731959
14,5,14,49.48453608247423
14,5,14,52.98969072164948
14,5,14,56.08247422680412
15,5,14,56.70103092783505
15,5,14,56.28865979381443
16,5,14,56.70103092783505
8,6,14,56.70103092783505
8,6,14,47.01030927835052
8,6,14,46.8041237113402
9,6,14,46.597938144329895
9,6,14,47.01030927835052
10,6,14,47.422680412371136
11,6,14,46.597938144329895
11,6,14,45.56701030927835
11,6,14,45.77319587628866
12,6,14,44.94845360824742
13,6,14,42.88659793814433
13,6,14,42.06185567010309
14,6,14,41.44329896907217
14,6,14,43.29896907216495
15,6,14,41.64948453608248
15,6,14,43.91752577319588
16,6,14,44.94845360824742
16,6,14,43.71134020618557
8,0,14,43.29896907216495
8,0,14,43.91752577319588
9,0,14,47.628865979381445
9,0,14,52.577319587628864
10,0,14,56.90721649484536
10,0,14,61.44329896907217
10,0,14,64.74226804123711
11,0,14,66.5979381443299
11,0,14,68.24742268041237
12,0,14,68.04123711340206
13,0,14,67.21649484536083
13,0,14,67.21649484536083
14,0,14,66.5979381443299
14,0,14,66.3917525773196
14,0,14,64.94845360824742
15,0,14,63.50515463917526
15,0,14,62.47422680412371
16,0,14,60.618556701030926
8,1,14,57.11340206185567
8,1,14,53.402061855670105
8,1,14,56.08247422680412
9,1,14,58.76288659793814
9,1,14,65.77319587628865
10,1,14,70.30927835051547
10,1,14,76.49484536082474
11,1,14,79.38144329896907
12,1,14,81.85567010309278
12,1,14,83.71134020618557
13,1,14,83.71134020618557
13,1,14,83.50515463917526
14,1,14,82.47422680412372
14,1,14,81.85567010309278
15,1,14,80.20618556701031
15,1,14,75.87628865979381
16,1,14,70.9278350515464
16,1,14,67.62886597938144
8,2,14,63.91752577319588
8,2,14,51.54639175257732
9,2,14,53.402061855670105
9,2,14,55.25773195876289
10,2,14,60.0
10,2,14,64.3298969072165
11,2,14,66.5979381443299
11,2,14,67.83505154639175
12,2,14,68.65979381443299
12,2,14,69.69072164948453
13,2,14,70.30927835051547
13,2,14,71.75257731958763
13,2,14,69.0721649484536
14,2,14,70.10309278350516
15,2,14,67.01030927835052
15,2,14,66.18556701030928
15,2,14,63.29896907216495
16,2,14,61.23711340206186
7,3,14,57.11340206185567
8,3,14,49.69072164948454
9,3,14,50.103092783505154
9,3,14,50.51546391752577
9,3,14,54.43298969072165
10,3,14,61.44329896907217
11,3,14,68.04123711340206
11,3,14,70.51546391752578
11,3,14,70.9278350515464
12,3,14,71.75257731958763
13,3,14,73.4020618556701
13,3,14,73.81443298969072
13,3,14,74.02061855670104
14,3,14,74.84536082474227
15,3,14,75.4639175257732
15,3,14,72.98969072164948
16,3,14,71.1340206185567
16,3,14,66.5979381443299
8,4,14,63.71134020618557
8,4,14,54.22680412371134
9,4,14,56.49484536082474
9,4,14,57.93814432989691
10,4,14,61.03092783505155
10,4,14,65.15463917525773
11,4,14,64.94845360824742
11,4,14,64.3298969072165
12,4,14,65.36082474226804
12,4,14,65.97938144329896
13,4,14,67.21649484536083
13,4,14,68.24742268041237
14,4,14,66.80412371134021
14,4,14,65.15463917525773
15,4,14,66.5979381443299
15,4,14,64.12371134020619
16,4,14,59.58762886597938
16,4,14,59.381443298969074
7,5,14,58.350515463917525
8,5,14,51.75257731958763
9,5,14,52.16494845360825
9,5,14,53.608247422680414
10,5,14,56.70103092783505
10,5,14,62.2680412371134
11,5,14,63.50515463917526
11,5,14,62.88659793814433
12,5,14,64.12371134020619
12,5,14,65.56701030927834
13,5,14,67.83505154639175
13,5,14,72.78350515463917
14,5,14,78.55670103092784
14,5,14,82.26804123711341
15,5,14,80.41237113402062
15,5,14,81.03092783505154
16,5,14,80.20618556701031
16,5,14,81.85567010309278
8,6,14,81.85567010309278
8,6,14,61.44329896907217
9,6,14,64.12371134020619
9,6,14,67.21649484536083
10,6,14,71.1340206185567
10,6,14,73.4020618556701
11,6,14,71.34020618556701
11,6,14,67.62886597938144
12,6,14,68.04123711340206
12,6,14,66.5979381443299
13,6,14,65.97938144329896
13,6,14,67.21649484536083
14,6,14,62.47422680412371
14,6,14,58.76288659793814
15,6,14,56.70103092783505
15,6,14,54.845360824742265
15,6,14,53.402061855670105
16,6,14,51.75257731958763
8,0,14,47.422680412371136
8,0,14,49.07216494845361
9,0,14,51.134020618556704
9,0,14,52.98969072164948
10,0,14,58.96907216494845
10,0,14,64.12371134020619
11,0,14,64.3298969072165
11,0,14,65.36082474226804
12,0,14,66.5979381443299
12,0,14,67.21649484536083
12,0,14,68.65979381443299
13,0,14,69.89690721649484
14,0,14,71.1340206185567
14,0,14,71.1340206185567
14,0,14,69.48453608247422
15,0,14,69.89690721649484
15,0,14,68.8659793814433
16,0,14,69.27835051546391
8,1,14,66.18556701030928
8,1,14,60.824742268041234
8,1,14,63.29896907216495
9,1,14,65.56701030927834
10,1,14,69.48453608247422
10,1,14,75.6701030927835
11,1,14,80.0
11,1,14,80.61855670103093
12,1,14,80.61855670103093
12,1,14,79.17525773195877
13,1,14,80.20618556701031
13,1,14,80.0
13,1,14,79.17525773195877
14,1,14,78.14432989690722
15,1,14,77.11340206185567
15,1,14,74.84536082474227
15,1,14,74.84536082474227
16,1,14,72.57731958762886
8,2,14,66.3917525773196
8,2,14,55.67010309278351
8,2,14,57.31958762886598
9,2,14,58.55670103092783
9,2,14,62.47422680412371
10,2,14,68.24742268041237
10,2,14,70.10309278350516
11,2,14,72.57731958762886
11,2,14,74.84536082474227
12,2,14,75.4639175257732
12,2,14,75.25773195876289
13,2,14,75.25773195876289
13,2,14,75.25773195876289
14,2,14,74.63917525773196
14,2,14,72.37113402061856
15,2,14,71.54639175257732
15,2,14,65.56701030927834
16,2,14,63.91752577319588
7,5,14,61.03092783505155
8,5,14,48.45360824742268
8,5,14,49.07216494845361
9,5,14,48.45360824742268
9,5,14,50.51546391752577
10,5,14,51.134020618556704
10,5,14,51.75257731958763
11,5,14,52.78350515463917
11,5,14,54.845360824742265
12,5,14,54.02061855670103
12,5,14,54.63917525773196
13,5,14,57.7319587628866
13,5,14,61.64948453608248
14,5,14,61.64948453608248
14,5,14,63.91752577319588
15,5,14,65.36082474226804
15,5,14,66.5979381443299
16,5,14,70.9278350515464
7,6,14,72.16494845360825
8,6,14,57.31958762886598
9,6,14,56.49484536082474
9,6,14,55.67010309278351
10,6,14,55.05154639175258
10,6,14,52.78350515463917
11,6,14,51.95876288659794
11,6,14,47.83505154639175
12,6,14,47.83505154639175
13,6,14,50.30927835051546
13,6,14,56.70103092783505
13,6,14,59.175257731958766
14,6,14,63.09278350515464
14,6,14,63.91752577319588
15,6,14,66.80412371134021
15,6,14,65.36082474226804
16,6,14,61.855670103092784
7,0,14,58.55670103092783
8,0,14,48.865979381443296
9,0,14,52.98969072164948
9,0,14,57.11340206185567
9,0,14,59.175257731958766
10,0,14,62.2680412371134
11,0,14,63.09278350515464
11,0,14,63.29896907216495
12,0,14,64.5360824742268
12,0,14,65.97938144329896
12,0,14,66.18556701030928
13,0,14,66.18556701030928
13,0,14,65.36082474226804
14,0,14,65.97938144329896
14,0,14,66.5979381443299
15,0,14,68.8659793814433
16,0,14,67.21649484536083
16,0,14,63.50515463917526
8,1,14,59.381443298969074
8,1,14,55.876288659793815
9,1,14,57.93814432989691
9,1,14,63.71134020618557
9,1,14,67.01030927835052
10,1,14,71.75257731958763
10,1,14,74.22680412371135
11,1,14,74.84536082474227
12,1,14,76.08247422680412
12,1,14,76.49484536082474
13,1,14,76.70103092783505
13,1,14,77.31958762886597
13,1,14,77.73195876288659
14,1,14,77.9381443298969
15,1,14,75.25773195876289
15,1,14,74.22680412371135
15,1,14,73.19587628865979
16,1,14,71.1340206185567
7,2,14,65.77319587628865
8,2,14,53.402061855670105
8,2,14,56.08247422680412
9,2,14,60.20618556701031
9,2,14,64.5360824742268
10,2,14,67.21649484536083
10,2,14,70.30927835051547
11,2,14,69.89690721649484
11,2,14,69.89690721649484
12,2,14,71.75257731958763
12,2,14,72.78350515463917
13,2,14,74.84536082474227
13,2,14,75.05154639175258
14,2,14,76.49484536082474
14,2,14,76.08247422680412
15,2,14,76.49484536082474
15,2,14,74.22680412371135
16,2,14,70.10309278350516
7,3,14,65.56701030927834
8,3,14,58.76288659793814
8,3,14,61.03092783505155
9,3,14,62.47422680412371
9,3,14,63.29896907216495
10,3,14,67.01030927835052
10,3,14,67.83505154639175
11,3,14,71.34020618556701
11,3,14,71.54639175257732
12,3,14,73.4020618556701
12,3,14,74.43298969072166
13,3,14,74.63917525773196
13,3,14,74.22680412371135
14,3,14,76.49484536082474
14,3,14,74.63917525773196
15,3,14,74.63917525773196
15,3,14,71.75257731958763
16,3,14,70.10309278350516
8,4,14,67.62886597938144
8,4,14,57.11340206185567
9,4,14,60.20618556701031
10,4,14,64.12371134020619
10,4,14,67.62886597938144
10,4,14,67.83505154639175
11,4,14,67.62886597938144
12,4,14,67.42268041237114
12,4,14,66.3917525773196
13,4,14,68.04123711340206
13,4,14,69.48453608247422
14,4,14,70.10309278350516
14,4,14,68.24742268041237
15,4,14,68.45360824742268
15,4,14,66.3917525773196
16,4,14,63.91752577319588
16,4,14,62.06185567010309
7,5,14,59.79381443298969
8,5,14,55.05154639175258
8,5,14,55.67010309278351
9,5,14,58.350515463917525
9,5,14,59.175257731958766
10,5,14,59.58762886597938
10,5,14,61.44329896907217
11,5,14,61.03092783505155
12,5,14,60.41237113402062
12,5,14,63.50515463917526
12,5,14,63.91752577319588
13,5,14,65.56701030927834
13,5,14,66.5979381443299
14,5,14,69.69072164948453
14,5,14,77.11340206185567
15,5,14,79.17525773195877
15,5,14,78.14432989690722
16,5,14,79.58762886597938
7,6,14,81.85567010309278
8,6,14,63.71134020618557
9,6,14,63.50515463917526
9,6,14,61.855670103092784
10,6,14,60.824742268041234
10,6,14,59.79381443298969
11,6,14,56.90721649484536
11,6,14,54.845360824742265
12,6,14,50.51546391752577
13,6,14,51.75257731958763
13,6,14,51.54639175257732
13,6,14,51.95876288659794
14,6,14,51.34020618556701
15,6,14,48.45360824742268
15,6,14,47.422680412371136
8,0,14,47.422680412371136
8,0,14,52.16494845360825
9,0,14,54.845360824742265
9,0,14,58.96907216494845
10,0,14,62.47422680412371
10,0,14,66.5979381443299
11,0,14,67.83505154639175
11,0,14,67.62886597938144
12,0,14,68.24742268041237
12,0,14,69.69072164948453
13,0,14,70.10309278350516
13,0,14,68.65979381443299
13,0,14,67.83505154639175
14,0,14,68.45360824742268
15,0,14,69.69072164948453
15,0,14,69.48453608247422
16,0,14,65.77319587628865
16,0,14,63.50515463917526
8,1,14,60.618556701030926
8,1,14,36.70103092783505
9,1,14,38.144329896907216
9,1,14,42.88659793814433
10,1,14,45.77319587628866
10,1,14,52.577319587628864
11,1,14,54.43298969072165
11,1,14,56.49484536082474
12,1,14,56.90721649484536
12,1,14,58.55670103092783
13,1,14,58.76288659793814
13,1,14,59.381443298969074
14,1,14,58.350515463917525
14,1,14,59.58762886597938
15,1,14,57.52577319587629
15,1,14,55.4639175257732
16,1,14,54.02061855670103
16,1,14,51.134020618556704
7,2,14,45.77319587628866
8,2,14,44.5360824742268
8,2,14,46.18556701030928
9,2,14,48.24742268041237
9,2,14,54.22680412371134
10,2,14,58.55670103092783
10,2,14,60.41237113402062
11,2,14,62.2680412371134
11,2,14,64.94845360824742
12,2,14,65.36082474226804
13,2,14,66.5979381443299
13,2,14,68.8659793814433
14,2,14,69.0721649484536
14,2,14,70.10309278350516
14,2,14,68.8659793814433
15,2,14,67.01030927835052
16,2,14,62.2680412371134
16,2,14,55.4639175257732
8,3,14,51.75257731958763
8,3,14,41.64948453608248
9,3,14,44.94845360824742
9,3,14,50.51546391752577
10,3,14,57.93814432989691
10,3,14,62.68041237113402
11,3,14,63.09278350515464
11,3,14,66.18556701030928
12,3,14,65.97938144329896
12,3,14,66.80412371134021
12,3,14,68.04123711340206
13,3,14,69.69072164948453
13,3,14,70.72164948453609
14,3,14,71.1340206185567
15,3,14,70.72164948453609
15,3,14,70.51546391752578
16,3,14,67.42268041237114
16,3,14,63.91752577319588
8,4,14,61.23711340206186
8,4,14,38.96907216494845
8,4,14,40.0
9,4,14,43.29896907216495
10,4,14,46.39175257731959
10,4,14,47.83505154639175
11,4,14,47.01030927835052
11,4,14,46.39175257731959
12,4,14,48.65979381443299
12,4,14,49.896907216494846
13,4,14,49.27835051546392
13,4,14,48.65979381443299
13,4,14,48.65979381443299
14,4,14,50.103092783505154
15,4,14,51.75257731958763
15,4,14,49.27835051546392
16,4,14,46.18556701030928
16,4,14,44.123711340206185
8,5,14,40.824742268041234
8,5,14,35.4639175257732
8,5,14,35.05154639175258
9,5,14,35.25773195876289
9,5,14,36.28865979381443
10,5,14,36.49484536082474
10,5,14,36.90721649484536
11,5,14,38.350515463917525
12,5,14,38.55670103092783
12,5,14,42.88659793814433
13,5,14,44.74226804123711
13,5,14,47.422680412371136
13,5,14,53.1958762886598
14,5,14,53.81443298969072
15,5,14,56.49484536082474
15,5,14,60.41237113402062
16,5,14,60.20618556701031
16,5,14,57.93814432989691
8,6,14,56.49484536082474
8,6,14,42.06185567010309
9,6,14,41.64948453608248
10,6,14,40.618556701030926
10,6,14,40.0
10,6,14,38.96907216494845
11,6,14,37.52577319587629
11,6,14,35.876288659793815
12,6,14,36.49484536082474
13,6,14,36.49484536082474
13,6,14,39.58762886597938
13,6,14,42.47422680412371
14,6,14,41.44329896907217
15,6,14,40.618556701030926
15,6,14,39.79381443298969
15,6,14,39.58762886597938
16,6,14,35.670103092783506
8,0,14,34.43298969072165
8,0,14,31.95876288659794
8,0,14,33.608247422680414
9,0,14,36.70103092783505
9,0,14,42.68041237113402
10,0,14,44.329896907216494
10,0,14,47.21649484536083
11,0,14,49.07216494845361
11,0,14,49.07216494845361
12,0,14,50.72164948453608
12,0,14,52.16494845360825
13,0,14,53.1958762886598
13,0,14,51.75257731958763
14,0,14,51.34020618556701
15,0,14,50.72164948453608
15,0,14,49.07216494845361
16,0,14,47.628865979381445
16,0,14,46.18556701030928
7,1,14,42.06185567010309
8,1,14,53.1958762886598
8,1,14,53.608247422680414
9,1,14,55.05154639175258
9,1,14,57.93814432989691
10,1,14,62.47422680412371
11,1,14,65.97938144329896
11,1,14,68.45360824742268
11,1,14,68.65979381443299
12,1,14,70.30927835051547
13,1,14,71.54639175257732
13,1,14,74.43298969072166
14,1,14,73.6082474226804
14,1,14,73.6082474226804
15,1,14,72.37113402061856
15,1,14,72.57731958762886
16,1,14,69.27835051546391
16,1,14,66.3917525773196
8,2,14,60.0
8,2,14,54.845360824742265
9,2,14,55.876288659793815
9,2,14,58.350515463917525
9,2,14,62.68041237113402
10,2,14,64.94845360824742
10,2,14,67.01030927835052
11,2,14,69.48453608247422
12,2,14,73.81443298969072
12,2,14,74.02061855670104
13,2,14,77.11340206185567
13,2,14,76.70103092783505
14,2,14,76.28865979381443
14,2,14,75.4639175257732
15,2,14,76.08247422680412
15,2,14,75.87628865979381
16,2,14,72.16494845360825
16,2,14,70.10309278350516
8,3,14,64.5360824742268
8,3,14,54.22680412371134
9,3,14,56.70103092783505
9,3,14,59.175257731958766
9,3,14,64.12371134020619
10,3,14,67.01030927835052
11,3,14,69.69072164948453
11,3,14,71.54639175257732
12,3,14,72.78350515463917
12,3,14,75.4639175257732
13,3,14,74.43298969072166
13,3,14,74.84536082474227
14,3,14,77.9381443298969
14,3,14,76.49484536082474
14,3,14,73.81443298969072
15,3,14,73.81443298969072
16,3,14,70.30927835051547
16,3,14,65.97938144329896
7,4,14,60.618556701030926
8,4,14,55.4639175257732
9,4,14,56.28865979381443
9,4,14,57.52577319587629
10,4,14,59.79381443298969
10,4,14,61.855670103092784
11,4,14,63.50515463917526
11,4,14,63.50515463917526
12,4,14,63.09278350515464
12,4,14,63.29896907216495
13,4,14,63.71134020618557
13,4,14,64.3298969072165
14,4,14,63.91752577319588
14,4,14,64.3298969072165
15,4,14,64.5360824742268
15,4,14,61.855670103092784
16,4,14,58.144329896907216
16,4,14,56.28865979381443
8,5,14,54.43298969072165
8,5,14,47.422680412371136
9,5,14,48.04123711340206
9,5,14,47.21649484536083
10,5,14,46.8041237113402
10,5,14,47.01030927835052
11,5,14,47.83505154639175
11,5,14,49.48453608247423
12,5,14,50.30927835051546
12,5,14,50.103092783505154
13,5,14,52.78350515463917
13,5,14,54.43298969072165
14,5,14,57.11340206185567
14,5,14,58.76288659793814
15,5,14,63.09278350515464
15,5,14,67.01030927835052
16,5,14,69.69072164948453
16,5,14,71.1340206185567
7,6,14,73.81443298969072
8,6,14,55.67010309278351
9,6,14,55.25773195876289
9,6,14,54.43298969072165
9,6,14,54.63917525773196
10,6,14,54.22680412371134
11,6,14,51.95876288659794
11,6,14,49.69072164948454
12,6,14,47.21649484536083
12,6,14,43.50515463917526
13,6,14,41.44329896907217
13,6,14,43.91752577319588
14,6,14,44.74226804123711
14,6,14,44.123711340206185
15,6,14,45.154639175257735
15,6,14,43.71134020618557
16,6,14,41.64948453608248
16,6,14,39.58762886597938
8,0,14,38.76288659793814
8,0,14,43.29896907216495
9,0,14,45.36082474226804
9,0,14,46.597938144329895
10,0,14,49.69072164948454
10,0,14,53.1958762886598
11,0,14,55.25773195876289
11,0,14,56.90721649484536
12,0,14,58.76288659793814
12,0,14,60.41237113402062
13,0,14,60.0
13,0,14,60.0
14,0,14,59.58762886597938
14,0,14,57.31958762886598
14,0,14,55.876288659793815
15,0,14,56.49484536082474
16,0,14,56.28865979381443
16,0,14,52.98969072164948
7,1,14,50.72164948453608
8,1,14,49.07216494845361
8,1,14,49.48453608247423
9,1,14,51.134020618556704
9,1,14,56.08247422680412
10,1,14,61.855670103092784
11,1,14,65.15463917525773
11,1,14,67.62886597938144
11,1,14,68.45360824742268
12,1,14,68.04123711340206
12,1,14,68.8659793814433
13,1,14,69.0721649484536
14,1,14,68.65979381443299
14,1,14,68.24742268041237
14,1,14,68.65979381443299
15,1,14,67.62886597938144
15,1,14,63.29896907216495
16,1,14,61.855670103092784
8,2,14,55.876288659793815
8,2,14,56.28865979381443
9,2,14,57.11340206185567
9,2,14,62.2680412371134
10,2,14,66.3917525773196
10,2,14,68.45360824742268
11,2,14,71.75257731958763
11,2,14,73.4020618556701
12,2,14,73.81443298969072
12,2,14,78.76288659793815
13,2,14,76.70103092783505
13,2,14,76.90721649484536
14,2,14,76.90721649484536
14,2,14,75.6701030927835
15,2,14,75.05154639175258
15,2,14,74.02061855670104
16,2,14,70.30927835051547
16,2,14,69.27835051546391
8,3,14,67.62886597938144
8,3,14,55.25773195876289
8,3,14,55.876288659793815
9,3,14,59.58762886597938
9,3,14,64.5360824742268
10,3,14,69.0721649484536
11,3,14,71.95876288659794
11,3,14,75.4639175257732
12,3,14,76.70103092783505
12,3,14,80.82474226804123
13,3,14,80.0
13,3,14,81.44329896907216
14,3,14,79.38144329896907
14,3,14,80.0
14,3,14,78.55670103092784
15,3,14,76.70103092783505
15,3,14,74.84536082474227
16,3,14,72.16494845360825
8,4,14,69.48453608247422
8,4,14,38.55670103092783
9,4,14,38.96907216494845
10,4,14,42.2680412371134
10,4,14,45.56701030927835
11,4,14,48.04123711340206
11,4,14,46.8041237113402
12,4,14,48.65979381443299
12,4,14,47.628865979381445
12,4,14,47.422680412371136
13,4,14,46.39175257731959
14,4,14,46.39175257731959
14,4,14,45.77319587628866
15,4,14,45.154639175257735
15,4,14,43.91752577319588
16,4,14,40.618556701030926
16,4,14,38.144329896907216
7,5,14,35.4639175257732
8,5,14,33.402061855670105
8,5,14,35.670103092783506
9,5,14,37.31958762886598
10,5,14,39.381443298969074
10,5,14,40.0
10,5,14,42.88659793814433
11,5,14,46.18556701030928
12,5,14,49.69072164948454
12,5,14,55.4639175257732
13,5,14,58.96907216494845
13,5,14,63.29896907216495
14,5,14,70.30927835051547
14,5,14,78.76288659793815
15,5,14,80.41237113402062
15,5,14,85.15463917525773
16,5,14,84.74226804123711
16,5,14,83.71134020618557
7,6,14,80.41237113402062
8,6,14,44.329896907216494
9,6,14,43.50515463917526
9,6,14,43.29896907216495
10,6,14,42.88659793814433
10,6,14,44.123711340206185
11,6,14,44.5360824742268
11,6,14,44.5360824742268
12,6,14,45.36082474226804
12,6,14,47.01030927835052
13,6,14,46.18556701030928
13,6,14,49.07216494845361
14,6,14,49.896907216494846
14,6,14,51.134020618556704
15,6,14,53.1958762886598
15,6,14,53.608247422680414
16,6,14,51.54639175257732
16,6,14,49.69072164948454
8,0,14,47.83505154639175
8,0,14,31.95876288659794
9,0,14,34.63917525773196
9,0,14,37.93814432989691
10,0,14,40.618556701030926
10,0,14,46.39175257731959
11,0,14,51.95876288659794
11,0,14,55.25773195876289
11,0,14,57.11340206185567
12,0,14,57.93814432989691
12,0,14,58.76288659793814
13,0,14,58.96907216494845
14,0,14,58.76288659793814
14,0,14,58.96907216494845
14,0,14,57.31958762886598
15,0,14,55.67010309278351
15,0,14,51.34020618556701
16,0,14,49.48453608247423
7,1,14,43.91752577319588
8,1,14,39.58762886597938
9,1,14,40.20618556701031
9,1,14,42.88659793814433
10,1,14,45.154639175257735
10,1,14,45.56701030927835
11,1,14,49.896907216494846
11,1,14,51.54639175257732
12,1,14,55.4639175257732
12,1,14,57.7319587628866
12,1,14,58.350515463917525
13,1,14,59.381443298969074
13,1,14,60.41237113402062
14,1,14,60.824742268041234
14,1,14,58.76288659793814
15,1,14,56.08247422680412
15,1,14,52.98969072164948
16,1,14,50.103092783505154
8,2,14,45.97938144329897
8,2,14,42.2680412371134
8,2,14,44.123711340206185
9,2,14,45.77319587628866
10,2,14,50.92783505154639
10,2,14,54.63917525773196
11,2,14,58.76288659793814
11,2,14,62.47422680412371
11,2,14,64.12371134020619
12,2,14,67.83505154639175
13,2,14,69.0721649484536
13,2,14,69.0721649484536
13,2,14,69.89690721649484
14,2,14,70.51546391752578
15,2,14,70.72164948453609
15,2,14,69.0721649484536
16,2,14,66.18556701030928
16,2,14,63.09278350515464
8,3,14,60.824742268041234
8,3,14,41.855670103092784
9,3,14,41.64948453608248
9,3,14,44.5360824742268
10,3,14,47.628865979381445
10,3,14,50.30927835051546
11,3,14,54.845360824742265
11,3,14,57.31958762886598
12,3,14,58.144329896907216
12,3,14,57.93814432989691
13,3,14,59.79381443298969
13,3,14,61.64948453608248
13,3,14,60.618556701030926
14,3,14,61.03092783505155
14,3,14,60.0
15,3,14,57.7319587628866
15,3,14,55.67010309278351
16,3,14,51.54639175257732
8,4,14,49.07216494845361
9,4,14,42.2680412371134
9,4,14,48.45360824742268
10,4,14,51.75257731958763
10,4,14,53.81443298969072
11,4,14,54.22680412371134
11,4,14,57.11340206185567
12,4,14,58.76288659793814
12,4,14,63.50515463917526
13,4,14,64.3298969072165
13,4,14,65.77319587628865
14,4,14,68.24742268041237
14,4,14,68.24742268041237
15,4,14,66.5979381443299
15,4,14,64.5360824742268
16,4,14,61.64948453608248
16,4,14,57.31958762886598
7,5,14,54.02061855670103
8,5,14,49.69072164948454
9,5,14,49.896907216494846
9,5,14,52.16494845360825
10,5,14,55.05154639175258
10,5,14,59.381443298969074
11,5,14,63.91752577319588
11,5,14,66.18556701030928
12,5,14,69.48453608247422
12,5,14,76.49484536082474
13,5,14,84.12371134020619
13,5,14,86.18556701030928
14,5,14,90.72164948453609
14,5,14,92.98969072164948
15,5,14,91.340206185567
15,5,14,91.1340206185567
16,5,14,94.84536082474229
16,5,14,95.8762886597938
8,6,14,96.28865979381445
8,6,14,54.43298969072165
9,6,14,54.845360824742265
9,6,14,54.63917525773196
10,6,14,52.98969072164948
10,6,14,53.1958762886598
11,6,14,53.402061855670105
11,6,14,52.98969072164948
12,6,14,56.08247422680412
13,6,14,61.03092783505155
13,6,14,63.09278350515464
14,6,14,65.77319587628865
14,6,14,69.48453608247422
14,6,14,70.72164948453609
15,6,14,68.65979381443299
16,6,14,68.8659793814433
16,6,14,65.77319587628865
7,0,14,62.06185567010309
9,0,14,39.79381443298969
9,0,14,51.54639175257732
10,0,14,55.25773195876289
10,0,14,58.55670103092783
11,0,14,61.855670103092784
11,0,14,63.50515463917526
12,0,14,66.3917525773196
13,0,14,66.18556701030928
13,0,14,66.3917525773196
14,0,14,65.56701030927834
15,0,14,63.91752577319588
15,0,14,58.76288659793814
16,0,14,54.845360824742265
7,1,14,50.51546391752577
8,1,14,47.01030927835052
9,1,14,49.07216494845361
9,1,14,50.92783505154639
10,1,14,53.402061855670105
10,1,14,58.55670103092783
11,1,14,60.824742268041234
11,1,14,64.5360824742268
11,1,14,67.01030927835052
12,1,14,65.77319587628865
13,1,14,65.97938144329896
13,1,14,67.42268041237114
14,1,14,68.45360824742268
14,1,14,69.27835051546391
14,1,14,69.0721649484536
15,1,14,69.0721649484536
16,1,14,63.50515463917526
16,1,14,60.824742268041234
8,2,14,55.876288659793815
8,2,14,41.855670103092784
9,2,14,45.77319587628866
9,2,14,50.51546391752577
10,2,14,55.4639175257732
10,2,14,62.06185567010309
10,2,14,65.36082474226804
11,2,14,67.83505154639175
12,2,14,69.48453608247422
12,2,14,70.51546391752578
13,2,14,71.75257731958763
13,2,14,69.27835051546391
14,2,14,67.01030927835052
14,2,14,68.45360824742268
15,2,14,65.56701030927834
15,2,14,63.50515463917526
16,2,14,61.64948453608248
16,2,14,57.7319587628866
8,3,14,54.02061855670103
8,3,14,45.56701030927835
8,3,14,47.01030927835052
9,3,14,50.51546391752577
9,3,14,54.63917525773196
10,3,14,61.44329896907217
10,3,14,67.62886597938144
11,3,14,71.34020618556701
11,3,14,75.05154639175258
12,3,14,75.4639175257732
12,3,14,74.22680412371135
13,3,14,74.22680412371135
13,3,14,77.31958762886597
14,3,14,78.55670103092784
14,3,14,77.9381443298969
15,3,14,75.87628865979381
15,3,14,71.54639175257732
16,3,14,68.24742268041237
7,4,14,66.18556701030928
8,4,14,42.68041237113402
9,4,14,42.47422680412371
9,4,14,44.123711340206185
10,4,14,46.597938144329895
10,4,14,47.83505154639175
11,4,14,47.422680412371136
11,4,14,46.39175257731959
11,4,14,46.597938144329895
12,4,14,47.83505154639175
12,4,14,47.628865979381445
13,4,14,48.24742268041237
13,4,14,48.65979381443299
14,4,14,50.103092783505154
14,4,14,49.69072164948454
15,4,14,48.24742268041237
15,4,14,45.77319587628866
16,4,14,40.618556701030926
7,0,14,38.144329896907216
8,0,14,28.04123711340206
9,0,14,30.927835051546392
9,0,14,32.371134020618555
10,0,14,35.670103092783506
10,0,14,39.58762886597938
10,0,14,41.855670103092784
11,0,14,45.97938144329897
11,0,14,47.21649484536083
12,0,14,48.24742268041237
13,0,14,49.69072164948454
13,0,14,49.69072164948454
14,0,14,50.103092783505154
14,0,14,49.69072164948454
15,0,14,46.39175257731959
15,0,14,45.77319587628866
16,0,14,43.50515463917526
16,0,14,41.64948453608248
7,1,14,38.144329896907216
8,1,14,32.371134020618555
8,1,14,34.63917525773196
9,1,14,37.93814432989691
10,1,14,42.47422680412371
10,1,14,48.865979381443296
11,1,14,52.16494845360825
11,1,14,54.43298969072165
11,1,14,56.70103092783505
12,1,14,58.144329896907216
12,1,14,59.58762886597938
13,1,14,59.79381443298969
14,1,14,61.03092783505155
14,1,14,62.06185567010309
15,1,14,59.79381443298969
15,1,14,57.52577319587629
15,1,14,53.81443298969072
16,1,14,49.07216494845361
7,2,14,42.68041237113402
8,2,14,33.402061855670105
8,2,14,35.4639175257732
9,2,14,38.350515463917525
9,2,14,42.2680412371134
10,2,14,46.39175257731959
10,2,14,49.69072164948454
11,2,14,56.28865979381443
11,2,14,58.55670103092783
12,2,14,61.44329896907217
12,2,14,63.09278350515464
13,2,14,65.97938144329896
13,2,14,68.65979381443299
14,2,14,70.51546391752578
14,2,14,71.1340206185567
15,2,14,67.83505154639175
15,2,14,65.56701030927834
16,2,14,63.29896907216495
7,3,14,58.96907216494845
8,3,14,36.90721649484536
8,3,14,38.76288659793814
9,3,14,41.64948453608248
9,3,14,47.21649484536083
10,3,14,57.31958762886598
10,3,14,64.3298969072165
11,3,14,67.21649484536083
11,3,14,71.1340206185567
12,3,14,70.9278350515464
12,3,14,71.54639175257732
13,3,14,73.19587628865979
13,3,14,70.51546391752578
14,3,14,70.51546391752578
14,3,14,70.10309278350516
15,3,14,66.5979381443299
15,3,14,66.18556701030928
16,3,14,60.20618556701031
8,4,14,57.11340206185567
8,4,14,50.51546391752577
8,4,14,52.577319587628864
9,4,14,53.1958762886598
9,4,14,55.05154639175258
10,4,14,56.70103092783505
10,4,14,56.70103092783505
11,4,14,56.70103092783505
11,4,14,56.70103092783505
12,4,14,56.49484536082474
13,4,14,56.90721649484536
13,4,14,58.55670103092783
14,4,14,59.175257731958766
14,4,14,57.31958762886598
14,4,14,54.63917525773196
15,4,14,53.81443298969072
16,4,14,51.34020618556701
16,4,14,50.51546391752577
7,5,14,47.628865979381445
8,5,14,43.71134020618557
9,5,14,43.71134020618557
9,5,14,44.329896907216494
9,5,14,43.91752577319588
10,5,14,44.329896907216494
11,5,14,44.329896907216494
11,5,14,43.91752577319588
12,5,14,45.97938144329897
12,5,14,49.69072164948454
12,5,14,55.4639175257732
13,5,14,60.618556701030926
13,5,14,67.83505154639175
14,5,14,72.16494845360825
14,5,14,75.25773195876289
15,5,14,75.6701030927835
15,5,14,75.6701030927835
16,5,14,75.05154639175258
8,6,14,70.9278350515464
8,6,14,46.39175257731959
8,6,14,46.8041237113402
9,6,14,47.21649484536083
9,6,14,47.422680412371136
10,6,14,46.8041237113402
10,6,14,46.8041237113402
11,6,14,46.39175257731959
11,6,14,50.51546391752577
12,6,14,55.25773195876289
13,6,14,59.175257731958766
13,6,14,59.79381443298969
13,6,14,63.29896907216495
14,6,14,69.0721649484536
14,6,14,69.27835051546391
15,6,14,69.48453608247422
15,6,14,67.83505154639175
16,6,14,61.64948453608248
8,0,14,57.7319587628866
8,0,14,32.577319587628864
9,0,14,35.25773195876289
9,0,14,38.76288659793814
10,0,14,42.06185567010309
10,0,14,47.83505154639175
11,0,14,50.92783505154639
11,0,14,52.78350515463917
11,0,14,55.876288659793815
12,0,14,57.52577319587629
12,0,14,58.76288659793814
13,0,14,58.55670103092783
14,0,14,58.96907216494845
14,0,14,58.144329896907216
14,0,14,58.350515463917525
15,0,14,58.144329896907216
15,0,14,58.144329896907216
16,0,14,58.144329896907216
7,1,15,0.0
8,1,15,16.88888888888889
8,1,15,18.22222222222222
9,1,15,18.88888888888889
9,1,15,18.666666666666668
10,1,15,20.88888888888889
10,1,15,22.22222222222222
11,1,15,24.88888888888889
11,1,15,27.33333333333333
13,1,15,27.33333333333333
13,1,15,22.88888888888889
14,1,15,23.33333333333333
14,1,15,22.666666666666668
14,1,15,21.77777777777778
15,1,15,20.444444444444443
16,1,15,18.666666666666668
16,1,15,17.11111111111111
7,2,15,15.333333333333334
8,2,15,8.666666666666666
8,2,15,10.0
9,2,15,10.88888888888889
10,2,15,11.77777777777778
10,2,15,13.555555555555555
10,2,15,15.333333333333334
11,2,15,19.33333333333333
12,2,15,20.0
12,2,15,22.88888888888889
12,2,15,22.666666666666668
13,2,15,24.666666666666668
13,2,15,23.77777777777778
14,2,15,23.33333333333333
14,2,15,21.55555555555556
15,2,15,19.77777777777778
16,2,15,17.11111111111111
16,2,15,18.444444444444443
7,3,15,16.0
8,3,15,10.0
8,3,15,11.11111111111111
9,3,15,11.77777777777778
10,3,15,13.333333333333334
10,3,15,15.555555555555555
10,3,15,17.555555555555557
11,3,15,21.55555555555556
12,3,15,23.11111111111111
12,3,15,22.22222222222222
12,3,15,24.22222222222222
13,3,15,24.444444444444443
13,3,15,24.444444444444443
14,3,15,24.444444444444443
15,3,15,24.22222222222222
15,3,15,23.11111111111111
16,3,15,22.0
16,3,15,21.77777777777778
7,4,15,21.55555555555556
8,4,15,9.77777777777778
9,4,15,10.666666666666666
9,4,15,12.444444444444445
9,4,15,14.444444444444445
10,4,15,17.11111111111111
10,4,15,18.666666666666668
11,4,15,19.55555555555556
12,4,15,22.0
12,4,15,23.55555555555556
13,4,15,25.55555555555556
13,4,15,25.55555555555556
14,4,15,25.33333333333333
14,4,15,24.0
15,4,15,23.77777777777778
15,4,15,21.55555555555556
15,4,15,20.666666666666668
16,4,15,18.88888888888889
7,5,15,17.555555555555557
8,5,15,7.777777777777778
8,5,15,8.222222222222221
9,5,15,10.666666666666666
10,5,15,13.11111111111111
10,5,15,16.444444444444443
10,5,15,17.333333333333332
11,5,15,18.666666666666668
12,5,15,20.22222222222222
12,5,15,24.444444444444443
13,5,15,27.33333333333333
13,5,15,32.44444444444444
14,5,15,32.888888888888886
14,5,15,37.11111111111112
14,5,15,39.55555555555556
15,5,15,38.888888888888886
16,5,15,42.22222222222222
16,5,15,37.333333333333336
8,6,15,34.666666666666664
8,6,15,7.555555555555555
8,6,15,7.555555555555555
9,6,15,7.777777777777778
9,6,15,7.555555555555555
10,6,15,2.2222222222222223
11,6,15,3.333333333333333
11,6,15,8.666666666666666
11,6,15,13.77777777777778
12,6,15,17.77777777777778
13,6,15,23.11111111111111
13,6,15,24.444444444444443
14,6,15,26.666666666666668
14,6,15,29.55555555555556
15,6,15,30.0
15,6,15,30.444444444444443
16,6,15,26.444444444444443
16,6,15,23.55555555555556
7,0,15,21.55555555555556
8,0,15,3.111111111111111
8,0,15,4.222222222222222
9,0,15,4.222222222222222
10,0,15,5.333333333333333
10,0,15,7.333333333333333
10,0,15,8.0
11,0,15,9.555555555555555
11,0,15,10.666666666666666
12,0,15,12.88888888888889
13,0,15,13.333333333333334
13,0,15,14.444444444444445
14,0,15,16.22222222222222
14,0,15,16.88888888888889
14,0,15,16.22222222222222
15,0,15,14.22222222222222
15,0,15,13.11111111111111
16,0,15,12.0
8,1,15,11.11111111111111
8,1,15,6.666666666666667
8,1,15,6.888888888888889
9,1,15,8.222222222222221
9,1,15,8.666666666666666
10,1,15,13.555555555555555
10,1,15,16.0
11,1,15,16.88888888888889
12,1,15,18.0
12,1,15,18.0
13,1,15,19.33333333333333
13,1,15,19.11111111111111
14,1,15,19.77777777777778
14,1,15,18.666666666666668
15,1,15,17.77777777777778
15,1,15,15.11111111111111
16,1,15,13.11111111111111
16,1,15,12.88888888888889
8,2,15,10.0
8,2,15,4.222222222222222
9,2,15,4.444444444444445
9,2,15,5.555555555555555
10,2,15,6.444444444444445
10,2,15,8.222222222222221
11,2,15,12.0
11,2,15,12.0
12,2,15,14.0
12,2,15,16.88888888888889
13,2,15,19.33333333333333
13,2,15,21.33333333333333
14,2,15,20.444444444444443
14,2,15,19.55555555555556
15,2,15,17.77777777777778
15,2,15,15.333333333333334
15,2,15,14.444444444444445
16,2,15,13.555555555555555
7,3,15,11.333333333333334
8,3,15,4.0
9,3,15,5.111111111111111
9,3,15,6.666666666666667
9,3,15,7.777777777777778
10,3,15,8.666666666666666
11,3,15,11.11111111111111
11,3,15,14.0
11,3,15,14.88888888888889
12,3,15,16.666666666666668
13,3,15,17.555555555555557
13,3,15,17.77777777777778
13,3,15,18.666666666666668
14,3,15,18.0
15,3,15,18.88888888888889
15,3,15,15.77777777777778
16,3,15,15.333333333333334
16,3,15,14.666666666666666
8,4,15,13.333333333333334
8,4,15,4.444444444444445
9,4,15,4.666666666666667
9,4,15,6.666666666666667
10,4,15,8.0
10,4,15,10.444444444444445
11,4,15,13.555555555555555
11,4,15,15.555555555555555
12,4,15,16.0
12,4,15,17.555555555555557
13,4,15,18.22222222222222
13,4,15,18.0
14,4,15,17.11111111111111
14,4,15,15.77777777777778
15,4,15,14.88888888888889
15,4,15,13.333333333333334
16,4,15,11.555555555555555
16,4,15,10.0
8,5,15,9.11111111111111
8,5,15,1.7777777777777777
9,5,15,2.0
9,5,15,3.555555555555556
10,5,15,6.222222222222222
10,5,15,10.22222222222222
11,5,15,12.444444444444445
11,5,15,14.666666666666666
12,5,15,16.0
12,5,15,21.77777777777778
13,5,15,27.55555555555556
13,5,15,29.33333333333333
14,5,15,31.77777777777778
14,5,15,35.111111111111114
15,5,15,41.333333333333336
15,5,15,42.0
16,5,15,40.22222222222222
16,5,15,36.44444444444444
9,6,15,34.0
9,6,15,5.555555555555555
10,6,15,6.666666666666667
10,6,15,9.333333333333334
11,6,15,10.444444444444445
11,6,15,11.555555555555555
12,6,15,17.333333333333332
12,6,15,23.77777777777778
13,6,15,26.666666666666668
13,6,15,30.88888888888889
14,6,15,31.77777777777778
14,6,15,30.444444444444443
15,6,15,31.33333333333333
15,6,15,29.11111111111111
15,6,15,24.666666666666668
16,6,15,23.77777777777778
7,0,15,20.444444444444443
8,0,15,2.0
9,0,15,2.4444444444444446
9,0,15,2.888888888888889
10,0,15,3.7777777777777777
10,0,15,6.666666666666667
11,0,15,9.11111111111111
11,0,15,12.0
12,0,15,13.77777777777778
12,0,15,14.666666666666666
12,0,15,17.333333333333332
13,0,15,19.11111111111111
14,0,15,17.333333333333332
14,0,15,16.88888888888889
14,0,15,16.666666666666668
15,0,15,15.77777777777778
15,0,15,13.77777777777778
16,0,15,11.555555555555555
8,1,15,9.555555555555555
8,1,15,3.7777777777777777
9,1,15,4.222222222222222
9,1,15,5.555555555555555
10,1,15,7.777777777777778
10,1,15,8.666666666666666
11,1,15,11.11111111111111
11,1,15,12.666666666666666
12,1,15,14.666666666666666
12,1,15,16.22222222222222
13,1,15,17.77777777777778
13,1,15,17.555555555555557
13,1,15,16.444444444444443
14,1,15,15.555555555555555
15,1,15,14.88888888888889
15,1,15,14.666666666666666
15,1,15,13.555555555555555
16,1,15,13.333333333333334
8,2,15,13.555555555555555
8,2,15,6.222222222222222
8,2,15,6.222222222222222
9,2,15,6.666666666666667
9,2,15,7.111111111111111
10,2,15,11.555555555555555
10,2,15,14.0
11,2,15,14.88888888888889
11,2,15,16.88888888888889
12,2,15,18.0
12,2,15,18.88888888888889
13,2,15,21.11111111111111
13,2,15,22.22222222222222
14,2,15,20.444444444444443
14,2,15,18.0
15,2,15,16.88888888888889
15,2,15,16.444444444444443
16,2,15,16.88888888888889
8,5,15,15.77777777777778
8,5,15,1.1111111111111112
9,5,15,3.555555555555556
9,5,15,5.333333333333333
10,5,15,8.0
10,5,15,9.333333333333334
11,5,15,11.77777777777778
11,5,15,16.22222222222222
12,5,15,18.444444444444443
12,5,15,24.0
13,5,15,28.88888888888889
13,5,15,35.77777777777778
14,5,15,41.11111111111112
14,5,15,43.77777777777778
15,5,15,41.55555555555556
15,5,15,40.888888888888886
16,5,15,38.44444444444444
8,6,15,35.77777777777778
9,6,15,1.7777777777777777
9,6,15,2.888888888888889
10,6,15,3.7777777777777777
10,6,15,4.888888888888889
11,6,15,9.333333333333334
11,6,15,13.11111111111111
12,6,15,18.444444444444443
13,6,15,22.22222222222222
13,6,15,29.55555555555556
13,6,15,35.55555555555556
14,6,15,39.333333333333336
14,6,15,42.66666666666666
15,6,15,41.77777777777778
15,6,15,39.11111111111112
16,6,15,30.22222222222222
7,0,15,22.0
8,0,15,2.6666666666666665
8,0,15,3.333333333333333
9,0,15,4.222222222222222
9,0,15,4.666666666666667
10,0,15,6.0
11,0,15,8.444444444444445
11,0,15,13.333333333333334
12,0,15,12.0
12,0,15,12.22222222222222
12,0,15,14.666666666666666
13,0,15,16.444444444444443
13,0,15,16.88888888888889
14,0,15,16.88888888888889
14,0,15,16.0
15,0,15,14.444444444444445
16,0,15,11.333333333333334
16,0,15,10.666666666666666
8,1,15,8.666666666666666
9,1,15,2.4444444444444446
9,1,15,3.333333333333333
9,1,15,4.222222222222222
10,1,15,7.111111111111111
10,1,15,8.444444444444445
11,1,15,10.22222222222222
12,1,15,14.88888888888889
12,1,15,16.88888888888889
13,1,15,17.555555555555557
13,1,15,18.0
13,1,15,18.88888888888889
14,1,15,20.666666666666668
15,1,15,21.33333333333333
15,1,15,21.11111111111111
15,1,15,19.11111111111111
16,1,15,18.0
7,2,15,16.0
8,2,15,3.111111111111111
8,2,15,3.7777777777777777
9,2,15,6.222222222222222
9,2,15,8.444444444444445
10,2,15,9.333333333333334
10,2,15,12.444444444444445
11,2,15,14.444444444444445
11,2,15,15.555555555555555
12,2,15,15.77777777777778
12,2,15,18.444444444444443
13,2,15,22.88888888888889
13,2,15,25.55555555555556
14,2,15,24.444444444444443
14,2,15,22.88888888888889
15,2,15,22.22222222222222
15,2,15,22.0
16,2,15,17.77777777777778
7,3,15,15.77777777777778
8,3,15,3.111111111111111
8,3,15,3.7777777777777777
9,3,15,5.111111111111111
9,3,15,7.777777777777778
10,3,15,8.0
10,3,15,10.0
11,3,15,14.0
11,3,15,15.11111111111111
12,3,15,16.0
12,3,15,18.0
13,3,15,22.444444444444443
13,3,15,24.22222222222222
14,3,15,25.33333333333333
14,3,15,27.33333333333333
15,3,15,25.77777777777778
15,3,15,25.77777777777778
16,3,15,21.11111111111111
7,4,15,19.33333333333333
8,4,15,2.2222222222222223
9,4,15,4.444444444444445
10,4,15,5.555555555555555
10,4,15,7.777777777777778
10,4,15,9.11111111111111
11,4,15,11.333333333333334
12,4,15,14.22222222222222
12,4,15,17.77777777777778
13,4,15,21.33333333333333
13,4,15,22.666666666666668
14,4,15,24.444444444444443
14,4,15,26.666666666666668
15,4,15,28.22222222222222
15,4,15,27.33333333333333
16,4,15,22.444444444444443
16,4,15,18.88888888888889
8,5,15,14.666666666666666
8,5,15,0.8888888888888888
9,5,15,2.2222222222222223
9,5,15,3.7777777777777777
10,5,15,6.666666666666667
10,5,15,10.88888888888889
11,5,15,15.11111111111111
12,5,15,18.0
12,5,15,24.88888888888889
12,5,15,26.666666666666668
13,5,15,29.77777777777778
13,5,15,31.33333333333333
14,5,15,35.333333333333336
14,5,15,36.66666666666666
15,5,15,39.11111111111112
15,5,15,36.22222222222222
16,5,15,30.666666666666668
8,6,15,27.55555555555556
8,6,15,2.0
9,6,15,2.0
10,6,15,3.333333333333333
10,6,15,4.888888888888889
11,6,15,6.666666666666667
11,6,15,13.333333333333334
12,6,15,19.11111111111111
13,6,15,23.77777777777778
13,6,15,27.11111111111111
13,6,15,25.77777777777778
14,6,15,28.88888888888889
15,6,15,32.888888888888886
15,6,15,32.22222222222222
7,0,15,27.77777777777778
8,0,15,2.888888888888889
9,0,15,3.333333333333333
9,0,15,5.333333333333333
10,0,15,6.0
11,0,15,8.0
11,0,15,10.666666666666666
12,0,15,12.444444444444445
12,0,15,14.0
13,0,15,12.22222222222222
13,0,15,14.666666666666666
13,0,15,14.22222222222222
14,0,15,12.666666666666666
15,0,15,14.22222222222222
15,0,15,13.77777777777778
16,0,15,11.77777777777778
16,0,15,10.0
7,1,15,8.666666666666666
8,1,15,5.111111111111111
8,1,15,5.555555555555555
9,1,15,6.444444444444445
10,1,15,8.666666666666666
10,1,15,11.11111111111111
11,1,15,12.22222222222222
11,1,15,15.11111111111111
12,1,15,17.11111111111111
12,1,15,18.0
13,1,15,18.22222222222222
13,1,15,16.88888888888889
14,1,15,16.88888888888889
14,1,15,18.22222222222222
15,1,15,18.0
15,1,15,16.88888888888889
15,1,15,15.555555555555555
16,1,15,14.666666666666666
7,2,15,14.444444444444445
8,2,15,6.666666666666667
8,2,15,7.555555555555555
9,2,15,7.777777777777778
9,2,15,8.222222222222221
10,2,15,10.666666666666666
10,2,15,14.0
11,2,15,15.77777777777778
11,2,15,17.77777777777778
12,2,15,18.666666666666668
13,2,15,18.88888888888889
13,2,15,19.33333333333333
14,2,15,17.77777777777778
14,2,15,16.88888888888889
14,2,15,16.444444444444443
15,2,15,15.333333333333334
16,2,15,12.88888888888889
16,2,15,13.555555555555555
8,3,15,11.77777777777778
8,3,15,4.0
9,3,15,4.444444444444445
9,3,15,6.444444444444445
10,3,15,7.333333333333333
10,3,15,11.11111111111111
11,3,15,14.444444444444445
11,3,15,17.555555555555557
12,3,15,18.666666666666668
12,3,15,20.444444444444443
12,3,15,22.0
13,3,15,24.22222222222222
13,3,15,24.666666666666668
14,3,15,22.444444444444443
15,3,15,21.55555555555556
15,3,15,20.444444444444443
16,3,15,18.444444444444443
16,3,15,14.22222222222222
8,4,15,15.333333333333334
8,4,15,4.0
8,4,15,4.0
9,4,15,5.555555555555555
10,4,15,8.444444444444445
10,4,15,11.11111111111111
11,4,15,16.22222222222222
11,4,15,18.88888888888889
12,4,15,18.88888888888889
12,4,15,19.33333333333333
13,4,15,19.77777777777778
13,4,15,22.666666666666668
13,4,15,22.666666666666668
14,4,15,22.88888888888889
15,4,15,20.0
15,4,15,17.77777777777778
16,4,15,14.0
16,4,15,13.333333333333334
7,5,15,11.555555555555555
8,5,15,2.888888888888889
8,5,15,4.0
9,5,15,6.222222222222222
9,5,15,8.88888888888889
10,5,15,10.22222222222222
10,5,15,14.0
11,5,15,15.333333333333334
12,5,15,20.666666666666668
12,5,15,28.666666666666668
13,5,15,31.77777777777778
13,5,15,35.77777777777778
13,5,15,38.66666666666666
14,5,15,40.66666666666666
15,5,15,38.22222222222222
15,5,15,38.22222222222222
16,5,15,38.22222222222222
16,5,15,37.55555555555556
8,6,15,34.22222222222222
9,6,15,2.6666666666666665
9,6,15,2.2222222222222223
10,6,15,2.2222222222222223
10,6,15,3.111111111111111
10,6,15,5.777777777777778
11,6,15,10.666666666666666
11,6,15,17.11111111111111
12,6,15,19.77777777777778
13,6,15,24.0
13,6,15,33.77777777777778
13,6,15,36.44444444444444
14,6,15,39.333333333333336
15,6,15,42.0
15,6,15,42.44444444444444
15,6,15,35.333333333333336
16,6,15,28.444444444444443
8,0,15,22.88888888888889
8,0,15,4.0
8,0,15,4.666666666666667
9,0,15,6.222222222222222
9,0,15,8.0
10,0,15,9.11111111111111
10,0,15,12.0
11,0,15,13.333333333333334
11,0,15,14.666666666666666
12,0,15,18.0
12,0,15,18.666666666666668
13,0,15,19.11111111111111
13,0,15,20.444444444444443
14,0,15,20.0
15,0,15,18.22222222222222
15,0,15,16.444444444444443
16,0,15,13.555555555555555
16,0,15,12.88888888888889
7,1,15,12.88888888888889
8,1,15,5.777777777777778
8,1,15,6.222222222222222
9,1,15,7.111111111111111
9,1,15,8.666666666666666
10,1,15,12.22222222222222
11,1,15,14.0
11,1,15,16.88888888888889
11,1,15,17.77777777777778
12,1,15,18.444444444444443
13,1,15,21.55555555555556
13,1,15,24.444444444444443
14,1,15,24.444444444444443
14,1,15,24.88888888888889
15,1,15,23.55555555555556
15,1,15,22.666666666666668
16,1,15,19.11111111111111
16,1,15,19.11111111111111
7,2,15,15.11111111111111
8,2,15,4.888888888888889
9,2,15,6.0
9,2,15,8.444444444444445
10,2,15,10.444444444444445
11,2,15,13.77777777777778
11,2,15,16.0
12,2,15,18.444444444444443
12,2,15,20.0
13,2,15,22.444444444444443
13,2,15,22.0
14,2,15,22.0
14,2,15,22.444444444444443
14,2,15,22.444444444444443
15,2,15,22.88888888888889
16,2,15,20.88888888888889
16,2,15,17.333333333333332
8,3,15,14.88888888888889
8,3,15,5.777777777777778
9,3,15,6.222222222222222
9,3,15,7.333333333333333
10,3,15,10.0
11,3,15,15.333333333333334
11,3,15,18.22222222222222
12,3,15,19.77777777777778
12,3,15,20.666666666666668
12,3,15,20.88888888888889
13,3,15,21.55555555555556
14,3,15,22.666666666666668
14,3,15,20.88888888888889
15,3,15,19.33333333333333
15,3,15,18.666666666666668
15,3,15,16.0
16,3,15,13.555555555555555
7,4,15,12.22222222222222
8,4,15,3.333333333333333
8,4,15,5.111111111111111
9,4,15,6.444444444444445
10,4,15,8.222222222222221
10,4,15,11.11111111111111
11,4,15,14.444444444444445
11,4,15,18.22222222222222
12,4,15,21.11111111111111
12,4,15,22.444444444444443
13,4,15,23.77777777777778
13,4,15,28.22222222222222
14,4,15,26.88888888888889
14,4,15,24.22222222222222
15,4,15,22.22222222222222
15,4,15,21.77777777777778
16,4,15,18.0
16,4,15,16.444444444444443
8,5,15,13.555555555555555
8,5,15,2.0
9,5,15,2.6666666666666665
9,5,15,4.444444444444445
10,5,15,8.0
10,5,15,11.11111111111111
11,5,15,14.88888888888889
11,5,15,18.0
12,5,15,24.88888888888889
12,5,15,28.22222222222222
13,5,15,33.333333333333336
13,5,15,38.66666666666666
14,5,15,40.888888888888886
14,5,15,42.888888888888886
15,5,15,44.44444444444444
15,5,15,47.55555555555556
16,5,15,45.77777777777778
16,5,15,38.66666666666666
9,6,15,34.22222222222222
10,6,15,2.4444444444444446
10,6,15,2.6666666666666665
11,6,15,5.333333333333333
11,6,15,10.88888888888889
12,6,15,13.11111111111111
12,6,15,18.444444444444443
13,6,15,22.666666666666668
13,6,15,31.11111111111111
14,6,15,34.666666666666664
14,6,15,33.77777777777778
15,6,15,33.111111111111114
15,6,15,32.666666666666664
16,6,15,31.11111111111111
16,6,15,25.11111111111111
8,0,15,20.22222222222222
8,0,15,1.1111111111111112
8,0,15,1.7777777777777777
9,0,15,2.0
10,0,15,3.333333333333333
10,0,15,4.888888888888889
11,0,15,7.111111111111111
11,0,15,10.88888888888889
12,0,15,13.333333333333334
12,0,15,16.22222222222222
13,0,15,15.77777777777778
13,0,15,16.22222222222222
14,0,15,16.88888888888889
14,0,15,17.11111111111111
15,0,15,16.444444444444443
15,0,15,14.88888888888889
16,0,15,12.22222222222222
16,0,15,8.88888888888889
7,1,15,7.333333333333333
8,1,15,2.888888888888889
8,1,15,3.555555555555556
9,1,15,4.666666666666667
9,1,15,5.555555555555555
10,1,15,7.777777777777778
11,1,15,11.11111111111111
11,1,15,16.88888888888889
11,1,15,18.666666666666668
12,1,15,19.55555555555556
12,1,15,22.0
13,1,15,21.77777777777778
14,1,15,21.77777777777778
14,1,15,21.77777777777778
15,1,15,20.0
15,1,15,16.444444444444443
15,1,15,14.666666666666666
16,1,15,14.666666666666666
7,2,15,12.666666666666666
8,2,15,6.0
8,2,15,7.555555555555555
10,2,15,8.88888888888889
10,2,15,11.555555555555555
11,2,15,12.444444444444445
11,2,15,15.11111111111111
12,2,15,16.22222222222222
12,2,15,17.11111111111111
13,2,15,20.666666666666668
13,2,15,22.22222222222222
14,2,15,22.22222222222222
14,2,15,21.11111111111111
15,2,15,19.11111111111111
15,2,15,18.0
16,2,15,16.22222222222222
16,2,15,13.77777777777778
7,3,15,10.88888888888889
9,3,15,5.111111111111111
9,3,15,7.333333333333333
9,3,15,9.77777777777778
10,3,15,12.0
10,3,15,14.666666666666666
11,3,15,17.77777777777778
12,3,15,18.22222222222222
12,3,15,20.0
13,3,15,22.666666666666668
13,3,15,26.88888888888889
13,3,15,26.666666666666668
14,3,15,26.22222222222222
14,3,15,26.444444444444443
15,3,15,22.88888888888889
15,3,15,21.11111111111111
16,3,15,17.555555555555557
8,4,15,15.77777777777778
8,4,15,5.777777777777778
9,4,15,6.0
10,4,15,8.88888888888889
10,4,15,11.77777777777778
11,4,15,15.11111111111111
11,4,15,18.22222222222222
12,4,15,19.33333333333333
12,4,15,19.11111111111111
13,4,15,19.55555555555556
13,4,15,23.55555555555556
14,4,15,22.22222222222222
14,4,15,21.11111111111111
15,4,15,20.88888888888889
15,4,15,17.333333333333332
16,4,15,15.11111111111111
16,4,15,13.333333333333334
7,5,15,13.333333333333334
8,5,15,1.5555555555555556
8,5,15,2.6666666666666665
9,5,15,4.222222222222222
10,5,15,7.333333333333333
10,5,15,13.11111111111111
10,5,15,15.333333333333334
11,5,15,17.555555555555557
12,5,15,22.88888888888889
12,5,15,28.22222222222222
13,5,15,34.22222222222222
13,5,15,38.44444444444444
14,5,15,43.77777777777778
14,5,15,45.333333333333336
15,5,15,47.77777777777778
15,5,15,47.55555555555556
16,5,15,49.77777777777778
16,5,15,44.22222222222222
7,6,15,38.66666666666666
9,6,15,2.4444444444444446
10,6,15,3.555555555555556
10,6,15,4.888888888888889
11,6,15,6.444444444444445
11,6,15,11.333333333333334
12,6,15,16.0
12,6,15,24.0
13,6,15,35.111111111111114
13,6,15,42.888888888888886
14,6,15,49.333333333333336
14,6,15,54.22222222222222
15,6,15,54.66666666666666
15,6,15,54.44444444444444
16,6,15,49.11111111111112
16,6,15,41.333333333333336
7,0,15,33.77777777777778
8,0,15,1.7777777777777777
9,0,15,2.2222222222222223
9,0,15,3.111111111111111
10,0,15,5.333333333333333
10,0,15,8.222222222222221
11,0,15,9.333333333333334
11,0,15,13.77777777777778
11,0,15,15.11111111111111
12,0,15,17.11111111111111
12,0,15,19.55555555555556
13,0,15,24.88888888888889
14,0,15,25.77777777777778
14,0,15,22.444444444444443
14,0,15,19.77777777777778
15,0,15,19.33333333333333
15,0,15,16.88888888888889
16,0,15,14.444444444444445
7,1,15,11.333333333333334
8,1,15,2.888888888888889
9,1,15,3.333333333333333
10,1,15,5.333333333333333
10,1,15,7.777777777777778
11,1,15,10.88888888888889
11,1,15,13.333333333333334
12,1,15,16.444444444444443
12,1,15,17.555555555555557
12,1,15,18.22222222222222
13,1,15,20.88888888888889
13,1,15,20.88888888888889
14,1,15,20.88888888888889
14,1,15,19.55555555555556
15,1,15,18.22222222222222
15,1,15,17.77777777777778
16,1,15,15.11111111111111
7,2,15,11.555555555555555
8,2,15,2.0
9,2,15,3.333333333333333
10,2,15,4.888888888888889
10,2,15,8.444444444444445
11,2,15,11.555555555555555
11,2,15,16.0
11,2,15,20.0
12,2,15,22.88888888888889
13,2,15,22.88888888888889
13,2,15,24.0
13,2,15,25.11111111111111
14,2,15,24.0
15,2,15,24.444444444444443
15,2,15,21.33333333333333
16,2,15,17.77777777777778
16,2,15,14.88888888888889
8,3,15,15.11111111111111
8,3,15,3.333333333333333
9,3,15,3.555555555555556
9,3,15,5.333333333333333
10,3,15,6.888888888888889
10,3,15,7.555555555555555
11,3,15,10.22222222222222
11,3,15,13.11111111111111
11,3,15,16.0
12,3,15,20.0
13,3,15,24.444444444444443
13,3,15,27.11111111111111
13,3,15,27.33333333333333
14,3,15,24.666666666666668
14,3,15,23.11111111111111
15,3,15,20.88888888888889
15,3,15,20.22222222222222
16,3,15,17.333333333333332
7,4,15,16.444444444444443
9,4,15,5.111111111111111
9,4,15,7.111111111111111
10,4,15,10.0
10,4,15,12.666666666666666
11,4,15,15.333333333333334
11,4,15,19.55555555555556
12,4,15,23.11111111111111
12,4,15,27.77777777777778
12,4,15,30.666666666666668
13,4,15,30.88888888888889
14,4,15,32.44444444444444
14,4,15,32.22222222222222
15,4,15,31.33333333333333
15,4,15,28.444444444444443
16,4,15,24.444444444444443
16,4,15,20.22222222222222
8,5,15,17.555555555555557
9,5,15,3.555555555555556
9,5,15,7.111111111111111
10,5,15,10.444444444444445
10,5,15,14.666666666666666
11,5,15,18.22222222222222
11,5,15,22.88888888888889
12,5,15,22.666666666666668
12,5,15,29.55555555555556
13,5,15,35.55555555555556
13,5,15,40.44444444444444
14,5,15,44.888888888888886
14,5,15,51.77777777777778
15,5,15,75.11111111111111
15,5,15,82.0
16,5,15,83.77777777777777
16,5,15,79.77777777777777
8,6,15,74.0
9,6,15,4.0
10,6,15,4.0
10,6,15,8.0
11,6,15,14.22222222222222
12,6,15,20.666666666666668
12,6,15,27.33333333333333
13,6,15,36.0
13,6,15,42.888888888888886
14,6,15,46.0
14,6,15,49.11111111111112
15,6,15,52.66666666666666
15,6,15,55.55555555555556
16,6,15,49.333333333333336
16,6,15,44.44444444444444
7,1,15,38.22222222222222
8,1,15,4.0
8,1,15,4.888888888888889
9,1,15,5.777777777777778
9,1,15,6.666666666666667
10,1,15,10.0
10,1,15,11.555555555555555
11,1,15,17.333333333333332
11,1,15,20.666666666666668
12,1,15,20.88888888888889
13,1,15,22.666666666666668
13,1,15,24.22222222222222
14,1,15,24.0
14,1,15,23.55555555555556
14,1,15,22.666666666666668
15,1,15,21.11111111111111
16,1,15,16.444444444444443
16,1,15,15.11111111111111
8,2,15,13.555555555555555
8,2,15,4.222222222222222
8,2,15,5.111111111111111
9,2,15,6.0
9,2,15,9.555555555555555
10,2,15,12.0
10,2,15,14.444444444444445
11,2,15,18.666666666666668
12,2,15,21.77777777777778
12,2,15,23.11111111111111
13,2,15,24.0
13,2,15,22.666666666666668
14,2,15,23.33333333333333
14,2,15,24.666666666666668
15,2,15,25.11111111111111
15,2,15,23.33333333333333
16,2,15,21.11111111111111
16,2,15,18.22222222222222
7,3,15,16.444444444444443
8,3,15,7.333333333333333
8,3,15,7.777777777777778
9,3,15,9.11111111111111
9,3,15,10.444444444444445
10,3,15,11.77777777777778
10,3,15,16.666666666666668
11,3,15,19.77777777777778
11,3,15,24.22222222222222
12,3,15,27.77777777777778
12,3,15,29.33333333333333
13,3,15,34.0
13,3,15,35.333333333333336
14,3,15,34.22222222222222
14,3,15,32.44444444444444
15,3,15,28.666666666666668
15,3,15,27.77777777777778
16,3,15,24.88888888888889
8,4,15,21.33333333333333
8,4,15,6.222222222222222
9,4,15,7.555555555555555
10,4,15,9.333333333333334
10,4,15,12.666666666666666
11,4,15,16.0
11,4,15,19.33333333333333
12,4,15,22.666666666666668
12,4,15,26.88888888888889
12,4,15,30.0
13,4,15,38.66666666666666
13,4,15,39.77777777777778
14,4,15,35.111111111111114
14,4,15,34.666666666666664
15,4,15,29.33333333333333
15,4,15,26.0
16,4,15,22.22222222222222
8,0,15,18.22222222222222
9,0,15,5.555555555555555
9,0,15,6.666666666666667
10,0,15,7.555555555555555
10,0,15,11.555555555555555
11,0,15,13.555555555555555
11,0,15,18.666666666666668
11,0,15,24.22222222222222
12,0,15,28.88888888888889
13,0,15,35.55555555555556
13,0,15,40.888888888888886
14,0,15,38.888888888888886
14,0,15,37.77777777777778
15,0,15,33.77777777777778
15,0,15,28.444444444444443
16,0,15,26.22222222222222
16,0,15,20.666666666666668
7,1,15,18.444444444444443
8,1,15,5.555555555555555
9,1,15,6.0
10,1,15,7.777777777777778
10,1,15,10.88888888888889
11,1,15,13.77777777777778
11,1,15,18.444444444444443
11,1,15,21.11111111111111
12,1,15,24.88888888888889
12,1,15,26.22222222222222
13,1,15,26.444444444444443
14,1,15,28.22222222222222
14,1,15,28.22222222222222
15,1,15,26.22222222222222
15,1,15,24.88888888888889
16,1,15,22.88888888888889
16,1,15,20.444444444444443
7,2,15,17.77777777777778
8,2,15,8.444444444444445
8,2,15,9.333333333333334
9,2,15,9.555555555555555
9,2,15,10.444444444444445
10,2,15,11.333333333333334
10,2,15,13.555555555555555
11,2,15,17.555555555555557
11,2,15,20.0
12,2,15,25.77777777777778
12,2,15,27.55555555555556
13,2,15,30.444444444444443
13,2,15,34.0
14,2,15,32.0
14,2,15,29.55555555555556
15,2,15,25.11111111111111
15,2,15,20.0
16,2,15,18.88888888888889
7,3,15,18.666666666666668
8,3,15,7.333333333333333
8,3,15,8.222222222222221
9,3,15,8.666666666666666
9,3,15,11.555555555555555
10,3,15,13.77777777777778
10,3,15,19.77777777777778
11,3,15,22.666666666666668
11,3,15,25.55555555555556
12,3,15,28.0
12,3,15,27.77777777777778
13,3,15,29.55555555555556
13,3,15,32.888888888888886
14,3,15,34.888888888888886
14,3,15,34.44444444444444
15,3,15,32.0
15,3,15,30.0
16,3,15,26.22222222222222
8,4,15,21.11111111111111
8,4,15,6.444444444444445
9,4,15,8.0
9,4,15,9.555555555555555
10,4,15,11.333333333333334
10,4,15,14.88888888888889
11,4,15,18.666666666666668
11,4,15,23.77777777777778
12,4,15,27.33333333333333
13,4,15,32.666666666666664
13,4,15,34.666666666666664
14,4,15,37.77777777777778
14,4,15,35.333333333333336
14,4,15,32.0
15,4,15,29.77777777777778
16,4,15,23.55555555555556
16,4,15,18.666666666666668
7,5,15,16.444444444444443
8,5,15,5.555555555555555
9,5,15,6.444444444444445
9,5,15,8.666666666666666
9,5,15,12.22222222222222
10,5,15,15.77777777777778
11,5,15,19.33333333333333
11,5,15,23.33333333333333
12,5,15,27.55555555555556
12,5,15,33.333333333333336
12,5,15,36.44444444444444
13,5,15,37.55555555555556
13,5,15,40.44444444444444
14,5,15,42.0
14,5,15,43.77777777777778
15,5,15,45.333333333333336
15,5,15,44.66666666666666
16,5,15,43.55555555555556
8,6,15,41.77777777777778
9,6,15,4.444444444444445
9,6,15,4.888888888888889
10,6,15,6.666666666666667
10,6,15,10.22222222222222
11,6,15,17.555555555555557
11,6,15,29.77777777777778
12,6,15,42.22222222222222
13,6,15,50.0
13,6,15,58.44444444444444
13,6,15,60.66666666666666
14,6,15,67.77777777777777
14,6,15,68.22222222222223
15,6,15,63.333333333333336
15,6,15,60.22222222222222
16,6,15,51.77777777777778
7,0,15,45.77777777777778
8,0,15,5.555555555555555
8,0,15,6.666666666666667
9,0,15,7.777777777777778
10,0,15,9.11111111111111
10,0,15,15.333333333333334
11,0,15,22.0
11,0,15,27.11111111111111
11,0,15,29.77777777777778
12,0,15,32.44444444444444
12,0,15,36.66666666666666
13,0,15,39.77777777777778
14,0,15,38.888888888888886
14,0,15,36.44444444444444
14,0,15,32.666666666666664
15,0,15,29.55555555555556
15,0,15,25.33333333333333
16,0,15,22.444444444444443
7,1,16,0.0
8,1,16,35.0
8,1,16,48.66666666666666
9,1,16,62.333333333333336
9,1,16,78.83333333333333
10,1,16,86.0
10,1,16,91.5
11,1,16,95.0
11,1,16,95.33333333333331
12,1,16,94.33333333333331
13,1,16,93.33333333333331
13,1,16,92.5
14,1,16,89.5
14,1,16,89.33333333333333
14,1,16,89.16666666666667
15,1,16,87.83333333333333
16,1,16,84.83333333333333
16,1,16,79.66666666666667
7,2,16,72.33333333333333
8,2,16,35.333333333333336
9,2,16,51.833333333333336
9,2,16,66.0
10,2,16,76.5
10,2,16,88.33333333333333
11,2,16,93.5
11,2,16,97.16666666666669
12,2,16,96.5
12,2,16,96.33333333333331
12,2,16,95.66666666666669
13,2,16,92.0
13,2,16,93.0
14,2,16,95.5
14,2,16,94.0
15,2,16,90.33333333333331
16,2,16,86.5
16,2,16,79.0
7,3,16,73.0
8,3,16,39.66666666666666
8,3,16,53.66666666666666
9,3,16,63.16666666666666
10,3,16,76.33333333333333
10,3,16,83.33333333333333
10,3,16,86.16666666666667
11,3,16,86.5
12,3,16,88.5
12,3,16,90.5
12,3,16,89.83333333333333
13,3,16,91.33333333333331
13,3,16,91.66666666666669
14,3,16,94.33333333333331
15,3,16,95.33333333333331
15,3,16,91.33333333333331
16,3,16,86.16666666666667
16,3,16,80.33333333333333
8,4,16,72.83333333333333
8,4,16,34.666666666666664
9,4,16,45.16666666666666
9,4,16,58.5
9,4,16,63.66666666666666
10,4,16,66.16666666666667
10,4,16,69.5
11,4,16,70.33333333333333
12,4,16,71.0
12,4,16,72.0
13,4,16,71.16666666666667
13,4,16,71.66666666666667
14,4,16,69.66666666666667
14,4,16,70.33333333333333
15,4,16,68.83333333333333
15,4,16,64.16666666666667
15,4,16,62.833333333333336
16,4,16,59.16666666666666
7,5,16,52.333333333333336
8,5,16,23.5
8,5,16,24.5
9,5,16,26.33333333333333
10,5,16,27.33333333333333
10,5,16,28.666666666666668
10,5,16,30.33333333333333
11,5,16,30.5
11,5,16,30.666666666666668
12,5,16,32.0
13,5,16,32.833333333333336
13,5,16,32.666666666666664
14,5,16,33.5
14,5,16,34.166666666666664
14,5,16,34.166666666666664
15,5,16,35.5
16,5,16,35.666666666666664
16,5,16,34.833333333333336
8,6,16,32.666666666666664
8,6,16,30.83333333333333
9,6,16,30.83333333333333
9,6,16,29.666666666666668
9,6,16,29.5
10,6,16,28.33333333333333
11,6,16,27.166666666666668
11,6,16,25.166666666666668
11,6,16,22.5
12,6,16,20.33333333333333
13,6,16,18.166666666666668
13,6,16,17.5
13,6,16,16.833333333333332
14,6,16,17.166666666666668
15,6,16,16.5
15,6,16,15.833333333333334
16,6,16,15.166666666666666
16,6,16,14.0
8,0,16,13.166666666666666
8,0,16,37.5
9,0,16,49.66666666666666
9,0,16,67.0
10,0,16,80.0
10,0,16,83.5
10,0,16,84.83333333333333
11,0,16,87.0
11,0,16,86.16666666666667
12,0,16,86.83333333333333
13,0,16,86.5
13,0,16,87.0
14,0,16,86.66666666666667
14,0,16,87.0
14,0,16,86.0
15,0,16,85.33333333333333
15,0,16,81.33333333333333
16,0,16,77.83333333333333
8,1,16,70.66666666666667
8,1,16,45.66666666666666
8,1,16,57.66666666666666
9,1,16,68.5
9,1,16,81.0
10,1,16,88.16666666666667
10,1,16,93.16666666666669
11,1,16,93.0
12,1,16,93.5
12,1,16,93.33333333333331
13,1,16,92.5
13,1,16,92.33333333333331
14,1,16,90.5
14,1,16,91.83333333333331
14,1,16,90.0
15,1,16,88.16666666666667
16,1,16,83.83333333333333
16,1,16,79.16666666666667
8,2,16,71.0
8,2,16,44.333333333333336
9,2,16,57.16666666666666
9,2,16,75.33333333333333
10,2,16,82.66666666666667
10,2,16,88.83333333333333
11,2,16,92.16666666666669
11,2,16,94.83333333333331
12,2,16,97.0
12,2,16,97.0
13,2,16,96.0
13,2,16,95.16666666666669
14,2,16,94.0
14,2,16,93.66666666666669
15,2,16,91.33333333333331
15,2,16,88.0
15,2,16,84.0
16,2,16,80.66666666666667
7,3,16,73.83333333333333
8,3,16,38.333333333333336
9,3,16,55.16666666666666
9,3,16,68.16666666666667
9,3,16,77.66666666666667
10,3,16,87.5
11,3,16,93.5
11,3,16,96.5
11,3,16,97.33333333333331
12,3,16,98.16666666666669
13,3,16,98.83333333333331
13,3,16,97.33333333333331
13,3,16,95.66666666666669
14,3,16,93.66666666666669
15,3,16,90.5
15,3,16,89.66666666666667
16,3,16,86.33333333333333
16,3,16,79.83333333333333
8,4,16,68.66666666666667
8,4,16,36.16666666666666
9,4,16,48.0
9,4,16,59.833333333333336
10,4,16,67.5
10,4,16,71.33333333333333
11,4,16,74.0
11,4,16,75.66666666666667
12,4,16,77.16666666666667
12,4,16,76.0
13,4,16,73.16666666666667
13,4,16,71.0
14,4,16,68.16666666666667
14,4,16,68.0
15,4,16,67.16666666666667
15,4,16,66.5
16,4,16,62.833333333333336
16,4,16,60.66666666666666
7,6,16,55.333333333333336
8,6,16,21.5
8,6,16,22.166666666666668
9,6,16,24.0
10,6,16,26.166666666666668
10,6,16,27.666666666666668
11,6,16,28.666666666666668
11,6,16,26.33333333333333
12,6,16,24.5
12,6,16,24.166666666666668
13,6,16,22.83333333333333
13,6,16,21.666666666666668
14,6,16,19.0
14,6,16,16.333333333333332
15,6,16,14.166666666666666
15,6,16,12.333333333333334
15,6,16,12.0
16,6,16,13.0
8,0,16,11.0
8,0,16,33.166666666666664
9,0,16,44.5
9,0,16,58.66666666666666
10,0,16,68.16666666666667
10,0,16,77.66666666666667
11,0,16,81.0
11,0,16,83.83333333333333
12,0,16,82.66666666666667
12,0,16,83.83333333333333
12,0,16,83.66666666666667
13,0,16,84.0
14,0,16,83.16666666666667
14,0,16,82.5
14,0,16,81.0
15,0,16,79.5
15,0,16,75.66666666666667
16,0,16,72.16666666666667
8,1,16,67.83333333333333
8,1,16,35.166666666666664
9,1,16,46.16666666666666
9,1,16,61.0
10,1,16,71.33333333333333
10,1,16,76.83333333333333
11,1,16,80.66666666666667
11,1,16,83.33333333333333
12,1,16,83.83333333333333
12,1,16,85.33333333333333
13,1,16,85.83333333333333
13,1,16,83.16666666666667
13,1,16,82.16666666666667
14,1,16,83.16666666666667
15,1,16,81.0
15,1,16,79.16666666666667
15,1,16,74.83333333333333
16,1,16,72.5
8,2,16,64.16666666666667
8,2,16,32.5
8,2,16,42.333333333333336
9,2,16,59.16666666666666
9,2,16,68.0
10,2,16,73.0
10,2,16,76.0
11,2,16,81.66666666666667
11,2,16,82.66666666666667
12,2,16,84.33333333333333
12,2,16,82.5
13,2,16,82.33333333333333
13,2,16,81.0
14,2,16,82.5
14,2,16,83.33333333333333
15,2,16,79.16666666666667
15,2,16,74.33333333333333
16,2,16,70.33333333333333
7,5,16,64.5
8,5,16,19.83333333333333
8,5,16,21.166666666666668
9,5,16,23.666666666666668
9,5,16,23.83333333333333
10,5,16,22.0
10,5,16,20.666666666666668
11,5,16,20.666666666666668
11,5,16,20.33333333333333
12,5,16,20.666666666666668
12,5,16,20.166666666666668
13,5,16,20.33333333333333
13,5,16,20.166666666666668
14,5,16,19.166666666666668
14,5,16,18.166666666666668
15,5,16,18.0
15,5,16,17.0
16,5,16,18.0
7,6,16,18.0
8,6,16,18.5
8,6,16,19.166666666666668
9,6,16,20.166666666666668
9,6,16,20.166666666666668
10,6,16,18.83333333333333
10,6,16,18.666666666666668
11,6,16,18.0
11,6,16,14.833333333333334
12,6,16,13.333333333333334
13,6,16,11.833333333333334
13,6,16,10.666666666666666
13,6,16,10.0
14,6,16,10.0
14,6,16,9.833333333333334
15,6,16,10.0
15,6,16,10.666666666666666
16,6,16,11.333333333333334
7,0,16,10.5
8,0,16,28.83333333333333
9,0,16,42.0
9,0,16,55.833333333333336
9,0,16,65.33333333333333
10,0,16,66.66666666666667
11,0,16,69.16666666666667
11,0,16,70.16666666666667
12,0,16,71.33333333333333
12,0,16,71.83333333333333
12,0,16,71.16666666666667
13,0,16,72.66666666666667
13,0,16,72.0
14,0,16,73.16666666666667
14,0,16,72.16666666666667
15,0,16,72.66666666666667
16,0,16,70.16666666666667
16,0,16,67.66666666666667
8,1,16,59.833333333333336
8,1,16,30.83333333333333
9,1,16,42.0
9,1,16,56.5
9,1,16,61.5
10,1,16,68.5
10,1,16,72.16666666666667
11,1,16,73.83333333333333
12,1,16,76.0
12,1,16,77.83333333333333
13,1,16,77.83333333333333
13,1,16,77.33333333333333
13,1,16,78.5
14,1,16,78.66666666666667
15,1,16,79.16666666666667
15,1,16,75.16666666666667
15,1,16,69.5
16,1,16,67.33333333333333
7,2,16,61.0
8,2,16,33.166666666666664
8,2,16,48.16666666666666
9,2,16,56.833333333333336
9,2,16,63.16666666666666
10,2,16,68.83333333333333
10,2,16,71.0
11,2,16,72.66666666666667
11,2,16,74.0
12,2,16,74.66666666666667
12,2,16,73.16666666666667
13,2,16,71.16666666666667
13,2,16,71.0
14,2,16,73.16666666666667
14,2,16,72.66666666666667
15,2,16,71.33333333333333
15,2,16,66.66666666666667
16,2,16,61.5
7,3,16,58.16666666666666
8,3,16,33.166666666666664
8,3,16,44.66666666666666
9,3,16,55.5
9,3,16,63.833333333333336
10,3,16,67.66666666666667
10,3,16,70.0
11,3,16,72.0
11,3,16,73.5
12,3,16,75.83333333333333
12,3,16,76.33333333333333
13,3,16,76.5
13,3,16,75.0
14,3,16,74.83333333333333
14,3,16,74.0
15,3,16,73.5
15,3,16,70.16666666666667
16,3,16,66.5
8,4,16,61.16666666666666
8,4,16,40.333333333333336
9,4,16,54.16666666666666
10,4,16,60.5
10,4,16,63.0
10,4,16,63.66666666666666
11,4,16,65.5
12,4,16,65.66666666666667
12,4,16,66.0
13,4,16,65.0
13,4,16,64.33333333333333
14,4,16,62.0
14,4,16,63.16666666666666
15,4,16,63.5
15,4,16,60.66666666666666
16,4,16,57.833333333333336
16,4,16,54.16666666666666
7,6,16,49.333333333333336
8,6,16,19.83333333333333
8,6,16,20.666666666666668
9,6,16,21.33333333333333
9,6,16,22.0
10,6,16,21.166666666666668
10,6,16,20.5
11,6,16,18.5
11,6,16,16.833333333333332
12,6,16,15.666666666666666
13,6,16,15.166666666666666
13,6,16,13.333333333333334
13,6,16,12.666666666666666
14,6,16,11.833333333333334
14,6,16,11.833333333333334
15,6,16,11.833333333333334
8,0,16,11.0
8,0,16,31.0
9,0,16,42.833333333333336
9,0,16,58.833333333333336
10,0,16,69.33333333333333
10,0,16,74.33333333333333
11,0,16,76.66666666666667
11,0,16,77.66666666666667
12,0,16,79.0
12,0,16,77.5
13,0,16,76.5
13,0,16,77.16666666666667
13,0,16,76.83333333333333
14,0,16,76.66666666666667
15,0,16,76.83333333333333
15,0,16,75.0
16,0,16,70.0
16,0,16,68.66666666666667
8,1,16,63.16666666666666
8,1,16,35.5
9,1,16,45.66666666666666
9,1,16,59.5
10,1,16,71.5
10,1,16,81.5
11,1,16,84.5
11,1,16,87.16666666666667
12,1,16,88.0
12,1,16,88.16666666666667
13,1,16,88.16666666666667
13,1,16,89.5
14,1,16,88.66666666666667
14,1,16,90.5
15,1,16,89.33333333333333
15,1,16,86.83333333333333
16,1,16,83.33333333333333
16,1,16,78.66666666666667
7,2,16,68.66666666666667
8,2,16,30.666666666666668
8,2,16,45.66666666666666
9,2,16,56.333333333333336
9,2,16,69.16666666666667
10,2,16,75.5
10,2,16,79.83333333333333
11,2,16,81.5
11,2,16,84.0
12,2,16,83.16666666666667
13,2,16,83.0
13,2,16,81.0
14,2,16,79.83333333333333
14,2,16,81.83333333333333
14,2,16,79.83333333333333
15,2,16,79.66666666666667
16,2,16,77.16666666666667
16,2,16,71.66666666666667
8,3,16,63.333333333333336
8,3,16,39.333333333333336
9,3,16,53.5
9,3,16,68.66666666666667
10,3,16,74.0
10,3,16,80.0
11,3,16,85.5
11,3,16,90.16666666666669
12,3,16,93.66666666666669
12,3,16,95.0
12,3,16,94.33333333333331
13,3,16,94.33333333333331
13,3,16,92.66666666666669
14,3,16,92.66666666666669
15,3,16,90.0
15,3,16,87.16666666666667
16,3,16,80.5
16,3,16,74.66666666666667
8,4,16,66.16666666666667
8,4,16,35.666666666666664
8,4,16,48.333333333333336
9,4,16,63.66666666666666
10,4,16,71.66666666666667
10,4,16,74.16666666666667
11,4,16,74.33333333333333
11,4,16,76.5
12,4,16,77.16666666666667
12,4,16,75.83333333333333
13,4,16,73.83333333333333
13,4,16,72.0
13,4,16,71.33333333333333
14,4,16,70.66666666666667
15,4,16,70.66666666666667
15,4,16,68.66666666666667
16,4,16,63.833333333333336
16,4,16,60.333333333333336
8,6,16,52.0
8,6,16,19.5
9,6,16,19.83333333333333
9,6,16,20.33333333333333
10,6,16,20.166666666666668
10,6,16,18.83333333333333
10,6,16,19.166666666666668
11,6,16,16.5
11,6,16,16.0
12,6,16,14.666666666666666
13,6,16,14.333333333333334
13,6,16,13.833333333333334
13,6,16,13.833333333333334
14,6,16,13.166666666666666
15,6,16,12.833333333333334
15,6,16,11.833333333333334
15,6,16,12.166666666666666
16,6,16,12.0
8,0,16,11.5
8,0,16,33.166666666666664
8,0,16,42.16666666666666
9,0,16,58.5
9,0,16,69.16666666666667
10,0,16,80.5
10,0,16,81.33333333333333
11,0,16,82.66666666666667
11,0,16,83.16666666666667
12,0,16,85.5
12,0,16,83.83333333333333
13,0,16,83.5
13,0,16,82.16666666666667
14,0,16,81.5
15,0,16,82.0
15,0,16,80.83333333333333
16,0,16,76.33333333333333
16,0,16,72.0
7,1,16,65.5
8,1,16,32.666666666666664
8,1,16,45.833333333333336
9,1,16,60.333333333333336
9,1,16,69.33333333333333
10,1,16,79.0
11,1,16,85.83333333333333
11,1,16,88.83333333333333
11,1,16,90.33333333333331
12,1,16,92.33333333333331
13,1,16,93.0
13,1,16,92.16666666666669
14,1,16,91.5
14,1,16,89.5
15,1,16,88.83333333333333
15,1,16,87.16666666666667
16,1,16,81.83333333333333
16,1,16,75.16666666666667
8,2,16,65.83333333333333
8,2,16,34.666666666666664
9,2,16,48.66666666666666
9,2,16,64.33333333333333
10,2,16,79.16666666666667
10,2,16,87.16666666666667
10,2,16,91.83333333333331
11,2,16,96.83333333333331
12,2,16,97.66666666666669
12,2,16,96.83333333333331
13,2,16,95.16666666666669
13,2,16,96.33333333333331
14,2,16,94.5
14,2,16,95.16666666666669
15,2,16,93.0
15,2,16,88.83333333333333
16,2,16,82.33333333333333
16,2,16,76.16666666666667
8,3,16,64.33333333333333
8,3,16,36.333333333333336
9,3,16,53.5
9,3,16,63.333333333333336
10,3,16,75.66666666666667
10,3,16,84.33333333333333
10,3,16,88.5
11,3,16,89.83333333333333
12,3,16,91.5
12,3,16,94.33333333333331
13,3,16,94.83333333333331
13,3,16,94.16666666666669
14,3,16,93.83333333333331
14,3,16,93.5
15,3,16,93.16666666666669
15,3,16,92.0
16,3,16,86.66666666666667
16,3,16,80.0
8,4,16,69.83333333333333
8,4,16,32.666666666666664
9,4,16,44.66666666666666
9,4,16,57.0
10,4,16,64.5
10,4,16,69.33333333333333
11,4,16,72.5
11,4,16,75.0
12,4,16,74.16666666666667
12,4,16,75.33333333333333
13,4,16,73.83333333333333
13,4,16,71.66666666666667
14,4,16,72.16666666666667
14,4,16,71.33333333333333
15,4,16,71.5
15,4,16,66.0
16,4,16,60.66666666666666
16,4,16,57.0
8,6,16,49.5
8,6,16,15.166666666666666
9,6,16,15.666666666666666
9,6,16,15.833333333333334
10,6,16,15.666666666666666
10,6,16,14.666666666666666
11,6,16,14.0
11,6,16,14.166666666666666
11,6,16,13.5
12,6,16,11.166666666666666
13,6,16,10.833333333333334
13,6,16,9.666666666666666
14,6,16,9.5
14,6,16,9.0
15,6,16,9.5
15,6,16,9.666666666666666
16,6,16,9.666666666666666
16,6,16,8.833333333333334
8,0,16,7.666666666666667
8,0,16,32.333333333333336
9,0,16,48.833333333333336
9,0,16,63.0
10,0,16,72.66666666666667
10,0,16,83.33333333333333
11,0,16,86.33333333333333
11,0,16,90.66666666666669
12,0,16,90.66666666666669
12,0,16,90.5
13,0,16,89.16666666666667
13,0,16,89.66666666666667
14,0,16,90.83333333333331
14,0,16,92.16666666666669
15,0,16,92.33333333333331
15,0,16,90.33333333333331
16,0,16,86.66666666666667
16,0,16,80.83333333333333
7,1,16,74.33333333333333
8,1,16,33.166666666666664
8,1,16,49.5
9,1,16,63.5
9,1,16,80.0
10,1,16,86.83333333333333
11,1,16,93.5
11,1,16,96.33333333333331
11,1,16,96.83333333333331
12,1,16,98.16666666666669
12,1,16,94.16666666666669
13,1,16,93.83333333333331
14,1,16,91.33333333333331
14,1,16,91.5
15,1,16,89.83333333333333
15,1,16,85.66666666666667
15,1,16,81.5
16,1,16,76.33333333333333
8,2,16,67.33333333333333
8,2,16,36.0
9,2,16,49.66666666666666
9,2,16,63.66666666666666
10,2,16,72.5
10,2,16,79.0
11,2,16,85.5
11,2,16,87.83333333333333
12,2,16,87.5
12,2,16,87.5
13,2,16,85.16666666666667
13,2,16,85.33333333333333
14,2,16,84.33333333333333
14,2,16,82.66666666666667
15,2,16,81.16666666666667
15,2,16,78.83333333333333
16,2,16,76.16666666666667
16,2,16,70.83333333333333
8,3,16,64.83333333333333
8,3,16,44.333333333333336
9,3,16,55.833333333333336
9,3,16,71.16666666666667
9,3,16,77.66666666666667
10,3,16,84.5
11,3,16,89.0
11,3,16,92.5
12,3,16,93.0
12,3,16,94.83333333333331
13,3,16,95.0
13,3,16,93.33333333333331
14,3,16,92.0
14,3,16,92.33333333333331
14,3,16,91.5
15,3,16,90.0
15,3,16,85.66666666666667
16,3,16,83.0
8,4,16,72.33333333333333
8,4,16,41.0
9,4,16,53.66666666666666
10,4,16,69.0
10,4,16,73.16666666666667
11,4,16,76.33333333333333
11,4,16,78.5
12,4,16,78.33333333333333
12,4,16,77.33333333333333
13,4,16,75.83333333333333
13,4,16,73.66666666666667
14,4,16,70.5
14,4,16,68.83333333333333
15,4,16,67.0
15,4,16,64.5
16,4,16,61.5
16,4,16,57.66666666666666
7,6,16,55.16666666666666
8,6,16,15.833333333333334
9,6,16,16.833333333333332
9,6,16,17.166666666666668
10,6,16,17.0
10,6,16,17.666666666666668
11,6,16,18.666666666666668
11,6,16,18.0
12,6,16,16.5
12,6,16,15.166666666666666
13,6,16,14.666666666666666
13,6,16,14.333333333333334
14,6,16,14.666666666666666
14,6,16,13.666666666666666
15,6,16,14.166666666666666
15,6,16,13.166666666666666
16,6,16,11.5
16,6,16,10.666666666666666
8,0,16,10.333333333333334
8,0,16,34.333333333333336
9,0,16,46.5
9,0,16,65.0
10,0,16,75.83333333333333
10,0,16,81.66666666666667
11,0,16,86.5
11,0,16,90.0
11,0,16,92.16666666666669
12,0,16,91.83333333333331
12,0,16,91.83333333333331
13,0,16,90.0
14,0,16,88.0
14,0,16,88.0
14,0,16,86.33333333333333
15,0,16,86.83333333333333
15,0,16,82.66666666666667
16,0,16,78.66666666666667
7,1,16,72.0
8,1,16,36.5
9,1,16,51.5
9,1,16,65.83333333333333
10,1,16,74.16666666666667
10,1,16,82.33333333333333
11,1,16,88.0
11,1,16,91.16666666666669
12,1,16,93.83333333333331
12,1,16,94.66666666666669
12,1,16,94.16666666666669
13,1,16,93.5
13,1,16,92.5
14,1,16,93.33333333333331
14,1,16,92.83333333333331
15,1,16,88.83333333333333
15,1,16,82.66666666666667
16,1,16,78.0
8,2,16,69.33333333333333
8,2,16,40.333333333333336
8,2,16,52.66666666666666
9,2,16,62.66666666666666
9,2,16,76.0
10,2,16,83.33333333333333
11,2,16,88.66666666666667
11,2,16,92.5
11,2,16,92.66666666666669
12,2,16,93.16666666666669
13,2,16,92.33333333333331
13,2,16,92.0
13,2,16,90.5
14,2,16,91.66666666666669
15,2,16,92.33333333333331
15,2,16,93.0
16,2,16,88.0
16,2,16,80.0
8,3,16,72.33333333333333
8,3,16,39.66666666666666
9,3,16,51.833333333333336
9,3,16,65.16666666666667
10,3,16,77.83333333333333
10,3,16,83.66666666666667
11,3,16,87.0
11,3,16,89.16666666666667
12,3,16,90.5
12,3,16,91.66666666666669
13,3,16,90.66666666666669
13,3,16,90.83333333333331
13,3,16,90.83333333333331
14,3,16,91.16666666666669
14,3,16,92.33333333333331
15,3,16,88.83333333333333
15,3,16,85.0
16,3,16,80.83333333333333
8,4,16,70.66666666666667
9,4,16,38.66666666666666
9,4,16,58.833333333333336
10,4,16,66.0
10,4,16,70.33333333333333
11,4,16,72.0
11,4,16,74.5
12,4,16,76.0
12,4,16,77.0
13,4,16,74.33333333333333
13,4,16,74.33333333333333
14,4,16,74.0
14,4,16,74.5
15,4,16,72.33333333333333
15,4,16,70.5
16,4,16,66.33333333333333
16,4,16,62.833333333333336
8,5,16,58.0
8,5,16,23.33333333333333
9,5,16,24.666666666666668
9,5,16,25.666666666666668
9,5,16,27.5
10,5,16,29.0
11,5,16,28.166666666666668
11,5,16,27.83333333333333
12,5,16,27.666666666666668
12,5,16,28.166666666666668
13,5,16,28.0
13,5,16,28.0
14,5,16,28.83333333333333
14,5,16,28.0
15,5,16,27.5
15,5,16,27.33333333333333
16,5,16,27.0
16,5,16,24.33333333333333
7,6,16,23.5
8,6,16,20.666666666666668
9,6,16,20.83333333333333
9,6,16,22.166666666666668
10,6,16,21.5
11,6,16,20.666666666666668
11,6,16,18.666666666666668
12,6,16,18.83333333333333
13,6,16,20.33333333333333
13,6,16,20.666666666666668
14,6,16,19.666666666666668
14,6,16,19.5
14,6,16,19.666666666666668
15,6,16,18.5
15,6,16,17.833333333333332
16,6,16,16.166666666666668
7,0,16,16.166666666666668
8,0,16,32.833333333333336
9,0,16,45.0
9,0,16,69.66666666666667
10,0,16,78.66666666666667
10,0,16,83.83333333333333
11,0,16,85.16666666666667
12,0,16,88.83333333333333
13,0,16,90.66666666666669
13,0,16,89.16666666666667
14,0,16,90.16666666666669
15,0,16,90.16666666666669
15,0,16,85.83333333333333
16,0,16,78.5
7,1,16,70.33333333333333
8,1,16,30.0
9,1,16,41.16666666666666
9,1,16,54.66666666666666
10,1,16,66.83333333333333
10,1,16,77.5
11,1,16,83.83333333333333
11,1,16,90.33333333333331
11,1,16,91.33333333333331
12,1,16,91.16666666666669
13,1,16,89.5
13,1,16,89.83333333333333
14,1,16,91.0
14,1,16,91.83333333333331
14,1,16,91.16666666666669
15,1,16,88.5
16,1,16,83.66666666666667
16,1,16,77.16666666666667
8,2,16,70.33333333333333
8,2,16,38.0
9,2,16,51.0
9,2,16,63.833333333333336
10,2,16,76.0
10,2,16,85.0
10,2,16,90.66666666666669
11,2,16,97.0
12,2,16,98.0
12,2,16,97.33333333333331
13,2,16,96.33333333333331
13,2,16,95.83333333333331
14,2,16,96.66666666666669
14,2,16,94.83333333333331
15,2,16,93.66666666666669
15,2,16,90.5
16,2,16,87.16666666666667
16,2,16,79.66666666666667
8,3,16,74.0
8,3,16,36.66666666666666
8,3,16,44.5
9,3,16,57.833333333333336
9,3,16,67.5
10,3,16,74.16666666666667
10,3,16,78.16666666666667
11,3,16,84.0
11,3,16,86.5
12,3,16,86.0
12,3,16,85.5
13,3,16,85.5
13,3,16,84.83333333333333
14,3,16,84.16666666666667
14,3,16,83.16666666666667
15,3,16,82.66666666666667
15,3,16,78.16666666666667
16,3,16,75.33333333333333
7,4,16,66.83333333333333
8,4,16,34.833333333333336
9,4,16,50.333333333333336
9,4,16,61.333333333333336
10,4,16,68.83333333333333
10,4,16,75.5
11,4,16,77.33333333333333
11,4,16,81.83333333333333
12,4,16,82.66666666666667
12,4,16,83.16666666666667
12,4,16,81.16666666666667
13,4,16,79.16666666666667
13,4,16,78.83333333333333
14,4,16,78.66666666666667
14,4,16,78.66666666666667
15,4,16,78.33333333333333
15,4,16,74.16666666666667
16,4,16,68.0
8,0,16,58.833333333333336
8,0,16,37.5
9,0,16,50.833333333333336
9,0,16,69.0
10,0,16,78.83333333333333
10,0,16,85.66666666666667
11,0,16,90.83333333333331
11,0,16,95.0
11,0,16,96.66666666666669
12,0,16,97.0
12,0,16,96.66666666666669
13,0,16,94.66666666666669
14,0,16,94.83333333333331
14,0,16,94.0
15,0,16,94.33333333333331
15,0,16,92.16666666666669
16,0,16,88.16666666666667
16,0,16,82.16666666666667
7,1,16,73.66666666666667
8,1,16,37.0
8,1,16,51.0
9,1,16,62.16666666666666
10,1,16,73.83333333333333
10,1,16,81.5
11,1,16,86.83333333333333
11,1,16,91.66666666666669
11,1,16,92.83333333333331
12,1,16,92.83333333333331
12,1,16,91.83333333333331
13,1,16,92.0
14,1,16,90.66666666666669
14,1,16,93.33333333333331
15,1,16,92.5
15,1,16,89.66666666666667
16,1,16,87.66666666666667
16,1,16,79.33333333333333
7,2,16,71.33333333333333
8,2,16,39.66666666666666
8,2,16,50.333333333333336
9,2,16,62.0
9,2,16,74.0
10,2,16,81.0
10,2,16,85.16666666666667
11,2,16,91.33333333333331
11,2,16,90.83333333333331
12,2,16,93.0
12,2,16,92.0
13,2,16,89.33333333333333
13,2,16,87.83333333333333
14,2,16,87.5
14,2,16,87.5
15,2,16,87.16666666666667
15,2,16,81.66666666666667
16,2,16,78.83333333333333
7,3,16,70.5
8,3,16,39.66666666666666
8,3,16,47.833333333333336
9,3,16,61.5
9,3,16,74.16666666666667
10,3,16,83.33333333333333
10,3,16,89.33333333333333
11,3,16,93.5
11,3,16,93.16666666666669
12,3,16,94.5
12,3,16,94.33333333333331
13,3,16,93.0
13,3,16,92.83333333333331
14,3,16,92.0
14,3,16,92.66666666666669
15,3,16,89.0
15,3,16,86.33333333333333
16,3,16,80.83333333333333
8,4,16,72.16666666666667
8,4,16,42.66666666666666
8,4,16,53.0
9,4,16,62.833333333333336
9,4,16,71.66666666666667
10,4,16,75.16666666666667
10,4,16,77.16666666666667
11,4,16,78.33333333333333
11,4,16,77.16666666666667
12,4,16,76.5
13,4,16,76.0
13,4,16,75.83333333333333
14,4,16,74.66666666666667
14,4,16,73.0
14,4,16,70.83333333333333
15,4,16,70.0
16,4,16,67.5
16,4,16,64.66666666666667
8,6,16,58.833333333333336
8,6,16,24.0
9,6,16,25.166666666666668
9,6,16,24.5
10,6,16,24.83333333333333
10,6,16,24.83333333333333
11,6,16,24.166666666666668
11,6,16,24.0
12,6,16,23.5
12,6,16,22.666666666666668
13,6,16,22.33333333333333
13,6,16,21.33333333333333
14,6,16,20.166666666666668
14,6,16,18.666666666666668
15,6,16,18.166666666666668
15,6,16,18.666666666666668
16,6,16,18.666666666666668
8,0,16,17.833333333333332
8,0,16,36.16666666666666
9,0,16,47.833333333333336
9,0,16,63.66666666666666
10,0,16,73.66666666666667
10,0,16,78.5
11,0,16,81.16666666666667
11,0,16,83.33333333333333
11,0,16,84.66666666666667
12,0,16,85.16666666666667
12,0,16,85.16666666666667
13,0,16,85.5
14,0,16,84.66666666666667
14,0,16,86.16666666666667
14,0,16,86.33333333333333
15,0,16,83.5
15,0,16,79.0
16,0,16,75.16666666666667
7,1,17,0.0
8,1,17,25.797101449275363
8,1,17,38.98550724637681
9,1,17,60.14492753623188
9,1,17,76.81159420289855
10,1,17,86.95652173913044
10,1,17,93.04347826086956
11,1,17,97.82608695652172
11,1,17,97.3913043478261
12,1,17,98.1159420289855
13,1,17,98.9855072463768
13,1,17,95.65217391304348
14,1,17,93.91304347826087
14,1,17,92.6086956521739
14,1,17,90.0
15,1,17,87.82608695652173
16,1,17,84.20289855072464
16,1,17,77.3913043478261
7,2,17,67.53623188405797
8,2,17,26.08695652173913
9,2,17,42.60869565217392
9,2,17,61.44927536231884
10,2,17,73.91304347826087
10,2,17,82.89855072463769
11,2,17,86.66666666666667
11,2,17,90.43478260869566
12,2,17,91.8840579710145
12,2,17,94.6376811594203
12,2,17,95.94202898550724
13,2,17,96.3768115942029
13,2,17,96.95652173913044
14,2,17,95.94202898550724
14,2,17,94.6376811594203
15,2,17,91.59420289855072
16,2,17,85.79710144927536
16,2,17,79.71014492753623
7,3,17,71.59420289855072
8,3,17,27.10144927536232
8,3,17,42.46376811594203
9,3,17,60.72463768115942
10,3,17,71.59420289855072
10,3,17,82.31884057971014
10,3,17,89.56521739130434
11,3,17,93.47826086956522
12,3,17,95.21739130434784
12,3,17,97.53623188405795
12,3,17,98.55072463768116
13,3,17,97.3913043478261
13,3,17,97.2463768115942
14,3,17,96.52173913043478
15,3,17,93.33333333333331
15,3,17,91.15942028985508
16,3,17,86.08695652173913
16,3,17,81.8840579710145
8,4,17,72.46376811594203
8,4,17,25.07246376811594
9,4,17,39.85507246376812
9,4,17,57.391304347826086
9,4,17,65.3623188405797
10,4,17,69.85507246376811
10,4,17,73.6231884057971
11,4,17,76.52173913043478
12,4,17,77.10144927536231
12,4,17,78.98550724637681
13,4,17,78.84057971014492
13,4,17,78.26086956521739
14,4,17,78.55072463768116
14,4,17,78.98550724637681
15,4,17,76.3768115942029
15,4,17,74.6376811594203
15,4,17,71.73913043478261
16,4,17,68.84057971014492
7,5,17,62.89855072463768
8,5,17,11.884057971014492
8,5,17,12.46376811594203
9,5,17,13.478260869565217
10,5,17,13.18840579710145
10,5,17,13.768115942028986
10,5,17,15.652173913043478
11,5,17,17.10144927536232
12,5,17,17.246376811594203
12,5,17,18.26086956521739
13,5,17,18.405797101449277
13,5,17,20.43478260869565
14,5,17,21.73913043478261
14,5,17,23.18840579710145
14,5,17,24.347826086956523
15,5,17,27.10144927536232
16,5,17,26.81159420289855
16,5,17,28.55072463768116
8,6,17,30.869565217391305
8,6,17,10.0
9,6,17,9.855072463768115
9,6,17,9.565217391304348
9,6,17,9.565217391304348
10,6,17,10.289855072463768
11,6,17,13.043478260869565
11,6,17,14.63768115942029
11,6,17,15.797101449275363
12,6,17,15.652173913043478
13,6,17,13.91304347826087
13,6,17,16.3768115942029
14,6,17,16.3768115942029
14,6,17,19.27536231884058
15,6,17,19.85507246376812
15,6,17,21.88405797101449
16,6,17,20.72463768115942
16,6,17,22.463768115942027
8,0,17,23.18840579710145
8,0,17,24.347826086956523
9,0,17,40.0
9,0,17,59.130434782608695
10,0,17,69.56521739130434
10,0,17,78.40579710144928
10,0,17,81.01449275362319
11,0,17,81.73913043478261
11,0,17,84.05797101449275
12,0,17,89.1304347826087
13,0,17,90.43478260869566
13,0,17,90.57971014492752
14,0,17,87.3913043478261
14,0,17,88.1159420289855
14,0,17,84.78260869565217
15,0,17,81.8840579710145
15,0,17,78.40579710144928
16,0,17,74.92753623188406
8,1,17,66.95652173913044
8,1,17,26.231884057971016
8,1,17,40.57971014492754
9,1,17,57.53623188405797
9,1,17,72.17391304347827
10,1,17,81.73913043478261
10,1,17,89.1304347826087
11,1,17,92.46376811594205
12,1,17,93.76811594202898
12,1,17,96.23188405797102
13,1,17,96.95652173913044
13,1,17,97.3913043478261
14,1,17,97.68115942028986
14,1,17,95.3623188405797
15,1,17,92.02898550724638
15,1,17,89.27536231884058
16,1,17,84.05797101449275
16,1,17,79.42028985507247
8,2,17,73.47826086956522
8,2,17,27.10144927536232
9,2,17,41.30434782608695
9,2,17,61.594202898550726
10,2,17,70.28985507246377
10,2,17,81.73913043478261
11,2,17,90.28985507246377
11,2,17,95.5072463768116
12,2,17,96.52173913043478
12,2,17,97.97101449275362
13,2,17,96.66666666666669
13,2,17,94.34782608695652
14,2,17,92.6086956521739
14,2,17,92.7536231884058
15,2,17,92.02898550724638
15,2,17,89.56521739130434
15,2,17,85.3623188405797
16,2,17,79.42028985507247
7,3,17,71.8840579710145
8,3,17,24.49275362318841
9,3,17,38.40579710144928
9,3,17,57.391304347826086
9,3,17,68.69565217391305
10,3,17,76.23188405797102
11,3,17,80.14492753623189
11,3,17,83.04347826086956
11,3,17,86.08695652173913
12,3,17,88.40579710144928
13,3,17,88.98550724637681
13,3,17,88.40579710144928
13,3,17,88.26086956521739
14,3,17,87.2463768115942
15,3,17,83.47826086956522
15,3,17,82.31884057971014
16,3,17,78.98550724637681
16,3,17,74.20289855072464
8,4,17,65.94202898550725
8,4,17,24.63768115942029
9,4,17,36.3768115942029
9,4,17,55.072463768115945
10,4,17,62.31884057971015
10,4,17,69.85507246376811
11,4,17,73.91304347826087
11,4,17,76.81159420289855
12,4,17,78.69565217391305
12,4,17,80.0
13,4,17,80.14492753623189
13,4,17,80.57971014492753
14,4,17,81.8840579710145
14,4,17,82.31884057971014
15,4,17,78.98550724637681
15,4,17,74.20289855072464
16,4,17,72.31884057971014
16,4,17,70.14492753623189
8,5,17,63.18840579710145
8,5,17,10.579710144927535
9,5,17,13.18840579710145
9,5,17,14.492753623188406
10,5,17,14.92753623188406
10,5,17,16.666666666666668
11,5,17,19.130434782608692
11,5,17,19.71014492753623
12,5,17,21.594202898550726
12,5,17,22.318840579710145
13,5,17,22.17391304347826
13,5,17,23.768115942028984
14,5,17,24.92753623188406
14,5,17,26.81159420289855
15,5,17,28.26086956521739
15,5,17,29.565217391304348
16,5,17,31.594202898550726
16,5,17,32.46376811594203
8,6,17,31.594202898550726
8,6,17,10.72463768115942
9,6,17,13.91304347826087
9,6,17,17.681159420289855
10,6,17,20.57971014492753
10,6,17,24.92753623188406
11,6,17,28.115942028985508
11,6,17,29.420289855072465
12,6,17,32.028985507246375
12,6,17,34.492753623188406
13,6,17,34.927536231884055
13,6,17,38.55072463768116
14,6,17,38.69565217391305
14,6,17,37.971014492753625
15,6,17,38.26086956521739
15,6,17,36.231884057971016
15,6,17,37.82608695652174
16,6,17,37.53623188405797
8,0,17,34.05797101449275
8,0,17,24.782608695652176
9,0,17,37.82608695652174
9,0,17,57.68115942028985
10,0,17,67.97101449275362
10,0,17,81.30434782608695
11,0,17,85.94202898550725
11,0,17,88.69565217391305
12,0,17,92.02898550724638
12,0,17,95.21739130434784
12,0,17,95.65217391304348
13,0,17,95.5072463768116
14,0,17,95.3623188405797
14,0,17,94.4927536231884
14,0,17,93.6231884057971
15,0,17,90.43478260869566
15,0,17,87.3913043478261
16,0,17,86.66666666666667
8,1,17,79.27536231884058
8,1,17,28.695652173913043
9,1,17,42.7536231884058
9,1,17,64.34782608695652
10,1,17,73.91304347826087
10,1,17,87.97101449275362
11,1,17,91.15942028985508
11,1,17,95.21739130434784
12,1,17,97.53623188405795
12,1,17,99.27536231884058
13,1,17,98.40579710144928
13,1,17,98.55072463768116
13,1,17,98.84057971014492
14,1,17,98.1159420289855
15,1,17,95.21739130434784
15,1,17,91.59420289855072
15,1,17,88.55072463768116
16,1,17,84.78260869565217
8,2,17,76.08695652173913
8,2,17,31.73913043478261
8,2,17,43.04347826086956
9,2,17,65.21739130434783
9,2,17,77.2463768115942
10,2,17,87.3913043478261
10,2,17,91.15942028985508
11,2,17,96.52173913043478
11,2,17,97.2463768115942
12,2,17,91.8840579710145
12,2,17,92.31884057971014
13,2,17,92.89855072463769
13,2,17,93.76811594202898
14,2,17,90.8695652173913
14,2,17,89.1304347826087
15,2,17,86.08695652173913
15,2,17,82.7536231884058
16,2,17,78.69565217391305
7,5,17,73.6231884057971
8,5,17,8.985507246376812
8,5,17,9.710144927536232
9,5,17,12.028985507246375
9,5,17,12.318840579710145
10,5,17,13.768115942028986
10,5,17,15.652173913043478
11,5,17,18.695652173913043
11,5,17,19.71014492753623
12,5,17,23.6231884057971
12,5,17,26.81159420289855
13,5,17,27.10144927536232
13,5,17,27.82608695652174
14,5,17,26.956521739130437
14,5,17,28.55072463768116
15,5,17,27.681159420289852
15,5,17,29.130434782608692
16,5,17,29.565217391304348
7,6,17,28.695652173913043
8,6,17,9.710144927536232
8,6,17,10.144927536231885
9,6,17,10.289855072463768
9,6,17,10.144927536231885
10,6,17,10.579710144927535
10,6,17,13.478260869565217
11,6,17,14.202898550724637
11,6,17,13.91304347826087
12,6,17,15.942028985507246
13,6,17,17.246376811594203
13,6,17,18.26086956521739
13,6,17,18.84057971014493
14,6,17,20.43478260869565
14,6,17,22.318840579710145
15,6,17,22.89855072463768
15,6,17,24.057971014492757
16,6,17,24.782608695652176
7,0,17,23.91304347826087
8,0,17,25.65217391304348
9,0,17,44.05797101449275
9,0,17,59.85507246376812
9,0,17,66.52173913043478
10,0,17,73.04347826086956
11,0,17,78.84057971014492
11,0,17,82.7536231884058
12,0,17,84.6376811594203
12,0,17,88.26086956521739
12,0,17,88.26086956521739
13,0,17,88.69565217391305
13,0,17,90.28985507246377
14,0,17,90.0
14,0,17,90.8695652173913
15,0,17,90.28985507246377
16,0,17,88.84057971014492
16,0,17,82.17391304347827
8,1,17,71.8840579710145
8,1,17,28.405797101449277
9,1,17,43.18840579710145
9,1,17,64.6376811594203
9,1,17,70.43478260869566
10,1,17,81.30434782608695
10,1,17,88.69565217391305
11,1,17,91.30434782608695
12,1,17,94.05797101449276
12,1,17,98.2608695652174
13,1,17,98.2608695652174
13,1,17,96.81159420289856
13,1,17,98.55072463768116
14,1,17,97.97101449275362
15,1,17,99.85507246376812
15,1,17,93.04347826086956
15,1,17,91.8840579710145
16,1,17,84.34782608695652
7,2,17,77.82608695652173
8,2,17,26.666666666666668
8,2,17,42.17391304347826
9,2,17,59.71014492753624
9,2,17,68.26086956521739
10,2,17,78.98550724637681
10,2,17,83.91304347826087
11,2,17,86.3768115942029
11,2,17,88.84057971014492
12,2,17,93.47826086956522
12,2,17,94.4927536231884
13,2,17,95.07246376811594
13,2,17,95.65217391304348
14,2,17,98.1159420289855
14,2,17,97.97101449275362
15,2,17,95.21739130434784
15,2,17,93.76811594202898
16,2,17,87.68115942028986
7,3,17,79.56521739130434
8,3,17,29.420289855072465
8,3,17,45.79710144927536
9,3,17,62.46376811594203
9,3,17,68.98550724637681
10,3,17,75.79710144927536
10,3,17,81.15942028985508
11,3,17,83.76811594202898
11,3,17,86.95652173913044
12,3,17,92.02898550724638
12,3,17,96.81159420289856
13,3,17,96.23188405797102
13,3,17,98.55072463768116
14,3,17,95.65217391304348
14,3,17,95.07246376811594
15,3,17,92.6086956521739
15,3,17,90.57971014492752
16,3,17,85.3623188405797
8,4,17,78.40579710144928
8,4,17,32.17391304347826
9,4,17,53.6231884057971
10,4,17,60.72463768115942
10,4,17,69.1304347826087
10,4,17,72.46376811594203
11,4,17,76.3768115942029
12,4,17,78.26086956521739
12,4,17,81.44927536231884
13,4,17,82.89855072463769
13,4,17,83.76811594202898
14,4,17,83.91304347826087
14,4,17,84.78260869565217
15,4,17,84.20289855072464
15,4,17,82.17391304347827
16,4,17,80.0
16,4,17,76.08695652173913
7,5,17,69.56521739130434
8,5,17,11.44927536231884
8,5,17,12.173913043478262
9,5,17,14.202898550724637
9,5,17,15.07246376811594
10,5,17,17.246376811594203
10,5,17,18.405797101449277
11,5,17,21.159420289855078
12,5,17,21.594202898550726
12,5,17,23.47826086956522
12,5,17,26.52173913043478
13,5,17,28.55072463768116
13,5,17,31.88405797101449
14,5,17,33.04347826086956
14,5,17,31.594202898550726
15,5,17,33.47826086956522
15,5,17,34.20289855072464
16,5,17,34.78260869565217
7,6,17,33.333333333333336
8,6,17,9.565217391304348
8,6,17,9.420289855072465
9,6,17,10.289855072463768
9,6,17,10.869565217391305
10,6,17,12.608695652173912
10,6,17,14.057971014492754
11,6,17,15.652173913043478
11,6,17,16.81159420289855
12,6,17,18.26086956521739
13,6,17,18.98550724637681
13,6,17,21.014492753623188
13,6,17,23.47826086956522
14,6,17,25.797101449275363
15,6,17,26.81159420289855
15,6,17,28.55072463768116
8,0,17,30.0
8,0,17,27.536231884057973
9,0,17,39.27536231884058
9,0,17,59.85507246376812
10,0,17,69.1304347826087
10,0,17,78.69565217391305
11,0,17,82.17391304347827
11,0,17,85.3623188405797
12,0,17,86.3768115942029
12,0,17,90.28985507246377
13,0,17,91.0144927536232
13,0,17,91.7391304347826
13,0,17,91.59420289855072
14,0,17,91.7391304347826
15,0,17,91.15942028985508
15,0,17,88.1159420289855
16,0,17,86.23188405797102
16,0,17,80.8695652173913
8,1,17,76.95652173913044
8,1,17,26.52173913043478
9,1,17,36.95652173913044
9,1,17,61.88405797101449
10,1,17,70.72463768115942
10,1,17,86.52173913043478
11,1,17,90.28985507246377
11,1,17,93.18840579710144
12,1,17,90.28985507246377
12,1,17,94.34782608695652
13,1,17,95.21739130434784
13,1,17,94.6376811594203
14,1,17,93.91304347826087
14,1,17,93.18840579710144
15,1,17,92.17391304347828
15,1,17,90.0
16,1,17,85.65217391304348
16,1,17,80.28985507246377
7,2,17,72.7536231884058
8,2,17,26.231884057971016
8,2,17,41.01449275362319
9,2,17,58.98550724637681
9,2,17,73.04347826086956
10,2,17,83.47826086956522
10,2,17,89.71014492753623
11,2,17,93.47826086956522
11,2,17,95.65217391304348
12,2,17,98.1159420289855
13,2,17,97.2463768115942
13,2,17,96.23188405797102
14,2,17,93.33333333333331
14,2,17,92.17391304347828
14,2,17,93.6231884057971
15,2,17,92.46376811594205
16,2,17,91.30434782608695
16,2,17,86.95652173913044
8,3,17,79.42028985507247
8,3,17,31.159420289855078
9,3,17,42.46376811594203
9,3,17,65.21739130434783
10,3,17,73.6231884057971
10,3,17,83.6231884057971
11,3,17,87.2463768115942
11,3,17,91.15942028985508
12,3,17,93.04347826086956
12,3,17,94.34782608695652
12,3,17,95.21739130434784
13,3,17,96.3768115942029
13,3,17,95.3623188405797
14,3,17,96.08695652173913
15,3,17,95.21739130434784
15,3,17,92.02898550724638
16,3,17,86.3768115942029
8,4,17,72.46376811594203
8,4,17,36.08695652173913
8,4,17,49.42028985507246
9,4,17,71.15942028985508
10,4,17,79.71014492753623
10,4,17,85.07246376811594
11,4,17,86.66666666666667
11,4,17,90.28985507246377
12,4,17,91.7391304347826
12,4,17,94.05797101449276
13,4,17,94.6376811594203
13,4,17,95.07246376811594
13,4,17,94.92753623188406
14,4,17,93.18840579710144
15,4,17,91.0144927536232
15,4,17,89.85507246376811
16,4,17,86.3768115942029
16,4,17,81.8840579710145
8,5,17,76.23188405797102
8,5,17,22.17391304347826
8,5,17,22.318840579710145
9,5,17,24.63768115942029
9,5,17,25.65217391304348
10,5,17,27.536231884057973
10,5,17,30.72463768115942
11,5,17,31.88405797101449
12,5,17,31.88405797101449
12,5,17,36.08695652173913
13,5,17,36.3768115942029
13,5,17,36.95652173913044
13,5,17,39.85507246376812
14,5,17,40.869565217391305
15,5,17,39.56521739130435
15,5,17,43.76811594202898
16,5,17,45.65217391304348
16,5,17,42.028985507246375
8,6,17,43.18840579710145
8,6,17,11.159420289855072
9,6,17,11.159420289855072
9,6,17,11.73913043478261
10,6,17,12.318840579710145
10,6,17,13.478260869565217
10,6,17,14.347826086956522
11,6,17,15.36231884057971
11,6,17,15.942028985507246
12,6,17,20.144927536231883
13,6,17,21.159420289855078
13,6,17,24.92753623188406
13,6,17,26.52173913043478
14,6,17,32.31884057971015
15,6,17,34.78260869565217
15,6,17,40.869565217391305
15,6,17,43.47826086956522
16,6,17,43.04347826086956
8,0,17,45.79710144927536
8,0,17,22.89855072463768
8,0,17,36.95652173913044
9,0,17,59.56521739130435
9,0,17,69.27536231884058
10,0,17,78.55072463768116
10,0,17,82.02898550724638
11,0,17,86.3768115942029
11,0,17,87.53623188405797
12,0,17,93.47826086956522
12,0,17,94.20289855072464
13,0,17,93.6231884057971
13,0,17,94.05797101449276
14,0,17,95.3623188405797
15,0,17,91.8840579710145
15,0,17,88.84057971014492
16,0,17,85.94202898550725
16,0,17,80.28985507246377
7,1,17,74.05797101449275
8,1,17,27.536231884057973
8,1,17,39.130434782608695
9,1,17,63.6231884057971
9,1,17,71.30434782608695
10,1,17,79.1304347826087
11,1,17,83.33333333333333
11,1,17,86.95652173913044
11,1,17,98.84057971014492
12,1,17,98.40579710144928
13,1,17,98.40579710144928
13,1,17,96.95652173913044
13,1,17,97.53623188405795
14,1,17,98.1159420289855
15,1,17,93.76811594202898
15,1,17,91.15942028985508
16,1,17,88.26086956521739
16,1,17,81.30434782608695
8,2,17,73.04347826086956
8,2,17,25.507246376811597
9,2,17,32.7536231884058
9,2,17,47.53623188405797
10,2,17,56.66666666666666
10,2,17,62.17391304347826
11,2,17,64.20289855072464
11,2,17,67.82608695652173
12,2,17,69.56521739130434
12,2,17,70.14492753623189
13,2,17,70.0
13,2,17,70.43478260869566
14,2,17,70.0
14,2,17,69.42028985507247
15,2,17,69.42028985507247
15,2,17,94.6376811594203
16,2,17,90.57971014492752
16,2,17,82.89855072463769
8,3,17,74.20289855072464
8,3,17,27.246376811594203
9,3,17,45.79710144927536
9,3,17,66.3768115942029
10,3,17,74.4927536231884
10,3,17,87.3913043478261
11,3,17,90.8695652173913
11,3,17,94.05797101449276
12,3,17,96.08695652173913
12,3,17,99.1304347826087
13,3,17,95.94202898550724
13,3,17,98.84057971014492
14,3,17,95.79710144927536
14,3,17,94.4927536231884
15,3,17,92.89855072463769
15,3,17,89.71014492753623
16,3,17,86.81159420289855
16,3,17,81.15942028985508
8,4,17,73.6231884057971
8,4,17,27.536231884057973
9,4,17,38.69565217391305
9,4,17,56.95652173913044
10,4,17,63.333333333333336
10,4,17,69.85507246376811
11,4,17,72.89855072463769
11,4,17,76.3768115942029
12,4,17,78.26086956521739
12,4,17,79.85507246376811
13,4,17,80.0
13,4,17,82.02898550724638
14,4,17,81.8840579710145
14,4,17,79.85507246376811
15,4,17,78.69565217391305
15,4,17,74.92753623188406
16,4,17,72.7536231884058
16,4,17,67.10144927536231
8,5,17,62.31884057971015
8,5,17,9.420289855072465
9,5,17,9.855072463768115
9,5,17,12.46376811594203
10,5,17,13.18840579710145
10,5,17,14.63768115942029
11,5,17,16.3768115942029
11,5,17,19.71014492753623
12,5,17,21.44927536231884
12,5,17,22.7536231884058
13,5,17,23.043478260869566
13,5,17,27.536231884057973
14,5,17,31.44927536231884
14,5,17,33.333333333333336
15,5,17,35.65217391304348
15,5,17,37.391304347826086
16,5,17,35.79710144927536
16,5,17,36.52173913043478
8,6,17,37.68115942028985
8,6,17,6.956521739130435
9,6,17,6.956521739130435
9,6,17,7.391304347826087
10,6,17,8.115942028985508
10,6,17,8.115942028985508
11,6,17,11.44927536231884
11,6,17,12.318840579710145
12,6,17,12.608695652173912
12,6,17,12.753623188405795
13,6,17,12.753623188405795
13,6,17,14.057971014492754
14,6,17,16.08695652173913
14,6,17,15.942028985507246
15,6,17,18.84057971014493
15,6,17,18.55072463768116
16,6,17,21.88405797101449
16,6,17,24.92753623188406
8,0,17,25.507246376811597
8,0,17,23.043478260869566
9,0,17,37.53623188405797
9,0,17,55.79710144927536
10,0,17,67.10144927536231
10,0,17,78.1159420289855
11,0,17,82.6086956521739
11,0,17,85.07246376811594
12,0,17,87.68115942028986
12,0,17,92.02898550724638
13,0,17,89.85507246376811
13,0,17,91.15942028985508
14,0,17,91.15942028985508
14,0,17,92.17391304347828
15,0,17,90.14492753623188
15,0,17,86.3768115942029
16,0,17,82.6086956521739
16,0,17,76.81159420289855
7,1,17,70.14492753623189
8,1,17,24.782608695652176
8,1,17,40.14492753623188
9,1,17,57.2463768115942
9,1,17,69.71014492753623
10,1,17,79.71014492753623
11,1,17,85.79710144927536
11,1,17,89.42028985507247
11,1,17,91.0144927536232
12,1,17,95.79710144927536
12,1,17,97.97101449275362
13,1,17,97.97101449275362
14,1,17,97.82608695652172
14,1,17,96.66666666666669
15,1,17,93.47826086956522
15,1,17,91.30434782608695
15,1,17,88.1159420289855
16,1,17,83.6231884057971
8,2,17,75.07246376811594
8,2,17,35.507246376811594
9,2,17,48.55072463768116
9,2,17,68.1159420289855
10,2,17,77.10144927536231
10,2,17,88.26086956521739
11,2,17,90.72463768115942
11,2,17,93.76811594202898
12,2,17,96.08695652173913
12,2,17,98.9855072463768
13,2,17,98.69565217391305
13,2,17,96.08695652173913
14,2,17,96.23188405797102
14,2,17,95.79710144927536
15,2,17,94.4927536231884
15,2,17,89.42028985507247
16,2,17,86.3768115942029
16,2,17,81.8840579710145
8,3,17,70.72463768115942
8,3,17,29.130434782608692
9,3,17,41.88405797101449
9,3,17,64.4927536231884
9,3,17,72.02898550724638
10,3,17,80.43478260869566
11,3,17,84.4927536231884
11,3,17,87.68115942028986
12,3,17,89.85507246376811
12,3,17,93.04347826086956
13,3,17,92.89855072463769
13,3,17,95.5072463768116
14,3,17,96.3768115942029
14,3,17,95.07246376811594
14,3,17,93.47826086956522
15,3,17,91.0144927536232
15,3,17,86.66666666666667
16,3,17,80.8695652173913
8,4,17,70.8695652173913
8,4,17,32.17391304347826
9,4,17,43.6231884057971
10,4,17,67.82608695652173
10,4,17,74.92753623188406
11,4,17,78.55072463768116
11,4,17,84.34782608695652
12,4,17,85.3623188405797
12,4,17,87.3913043478261
13,4,17,87.53623188405797
13,4,17,87.3913043478261
14,4,17,85.3623188405797
14,4,17,85.5072463768116
15,4,17,84.05797101449275
15,4,17,81.73913043478261
16,4,17,79.56521739130434
16,4,17,74.20289855072464
7,5,17,69.27536231884058
8,5,17,11.44927536231884
8,5,17,11.884057971014492
9,5,17,14.057971014492754
10,5,17,15.652173913043478
10,5,17,19.27536231884058
10,5,17,21.014492753623188
11,5,17,24.92753623188406
12,5,17,26.956521739130437
12,5,17,30.28985507246377
13,5,17,31.30434782608696
13,5,17,31.73913043478261
14,5,17,34.78260869565217
14,5,17,39.71014492753624
15,5,17,41.73913043478261
15,5,17,44.63768115942029
16,5,17,44.927536231884055
16,5,17,47.391304347826086
8,6,17,47.391304347826086
8,6,17,8.26086956521739
9,6,17,8.405797101449275
9,6,17,8.55072463768116
10,6,17,8.695652173913043
10,6,17,9.855072463768115
11,6,17,12.318840579710145
11,6,17,16.666666666666668
12,6,17,17.681159420289855
12,6,17,20.57971014492753
13,6,17,21.73913043478261
13,6,17,25.217391304347824
14,6,17,27.681159420289852
14,6,17,34.34782608695652
15,6,17,38.84057971014493
15,6,17,44.78260869565217
16,6,17,47.82608695652174
16,6,17,49.130434782608695
8,0,17,48.26086956521739
8,0,17,29.85507246376812
9,0,17,41.594202898550726
9,0,17,62.89855072463768
10,0,17,70.28985507246377
10,0,17,80.8695652173913
11,0,17,84.20289855072464
11,0,17,83.76811594202898
11,0,17,84.92753623188406
12,0,17,88.26086956521739
12,0,17,89.42028985507247
13,0,17,89.42028985507247
14,0,17,87.10144927536231
14,0,17,87.68115942028986
14,0,17,85.79710144927536
15,0,17,84.78260869565217
15,0,17,81.44927536231884
16,0,17,76.08695652173913
7,1,17,67.97101449275362
8,1,17,32.17391304347826
9,1,17,49.42028985507246
9,1,17,70.8695652173913
10,1,17,80.72463768115942
10,1,17,92.6086956521739
11,1,17,94.20289855072464
11,1,17,95.94202898550724
12,1,17,98.84057971014492
12,1,17,96.08695652173913
12,1,17,98.1159420289855
13,1,17,97.53623188405795
13,1,17,97.82608695652172
14,1,17,82.46376811594203
14,1,17,80.8695652173913
15,1,17,78.40579710144928
15,1,17,75.65217391304348
16,1,17,89.27536231884058
8,2,17,78.26086956521739
8,2,17,38.55072463768116
8,2,17,50.869565217391305
9,2,17,70.57971014492753
10,2,17,84.4927536231884
10,2,17,93.76811594202898
11,2,17,96.3768115942029
11,2,17,98.69565217391305
11,2,17,94.92753623188406
12,2,17,97.53623188405795
13,2,17,97.53623188405795
13,2,17,97.2463768115942
13,2,17,98.69565217391305
14,2,17,97.68115942028986
15,2,17,96.08695652173913
15,2,17,92.02898550724638
16,2,17,86.23188405797102
16,2,17,80.0
8,3,17,71.73913043478261
8,3,17,30.869565217391305
9,3,17,44.34782608695652
9,3,17,65.21739130434783
10,3,17,75.5072463768116
10,3,17,83.6231884057971
11,3,17,87.53623188405797
11,3,17,90.8695652173913
12,3,17,92.6086956521739
12,3,17,95.07246376811594
13,3,17,95.79710144927536
13,3,17,95.3623188405797
13,3,17,95.94202898550724
14,3,17,96.81159420289856
14,3,17,93.6231884057971
15,3,17,90.57971014492752
15,3,17,86.95652173913044
16,3,17,82.31884057971014
8,4,17,74.20289855072464
9,4,17,27.536231884057973
9,4,17,55.65217391304348
10,4,17,63.91304347826087
10,4,17,69.85507246376811
11,4,17,72.6086956521739
11,4,17,76.66666666666667
12,4,17,77.53623188405797
12,4,17,81.8840579710145
13,4,17,82.89855072463769
13,4,17,81.01449275362319
14,4,17,79.85507246376811
14,4,17,80.72463768115942
15,4,17,80.57971014492753
15,4,17,78.1159420289855
16,4,17,76.3768115942029
16,4,17,73.18840579710145
8,5,17,67.10144927536231
8,5,17,12.028985507246375
9,5,17,12.753623188405795
9,5,17,16.3768115942029
10,5,17,16.52173913043478
10,5,17,18.55072463768116
11,5,17,21.014492753623188
11,5,17,23.043478260869566
12,5,17,23.768115942028984
12,5,17,26.52173913043478
13,5,17,30.869565217391305
13,5,17,32.46376811594203
14,5,17,34.63768115942029
14,5,17,36.81159420289855
15,5,17,39.56521739130435
15,5,17,40.43478260869565
16,5,17,41.88405797101449
16,5,17,42.89855072463768
8,6,17,42.31884057971015
8,6,17,9.27536231884058
9,6,17,8.985507246376812
9,6,17,9.420289855072465
10,6,17,9.710144927536232
10,6,17,10.72463768115942
11,6,17,13.768115942028986
11,6,17,15.217391304347826
12,6,17,15.942028985507246
12,6,17,17.681159420289855
13,6,17,20.57971014492753
13,6,17,21.30434782608696
14,6,17,23.47826086956522
14,6,17,24.92753623188406
15,6,17,27.681159420289852
15,6,17,31.159420289855078
16,6,17,33.91304347826087
16,6,17,35.072463768115945
8,0,17,38.55072463768116
8,0,17,27.10144927536232
9,0,17,42.7536231884058
9,0,17,59.42028985507246
10,0,17,70.14492753623189
10,0,17,81.44927536231884
11,0,17,86.08695652173913
11,0,17,86.23188405797102
12,0,17,88.69565217391305
12,0,17,88.98550724637681
13,0,17,90.43478260869566
13,0,17,91.44927536231884
14,0,17,91.59420289855072
14,0,17,91.7391304347826
15,0,17,90.8695652173913
15,0,17,88.98550724637681
16,0,17,85.21739130434783
16,0,17,81.44927536231884
7,1,17,72.6086956521739
8,1,17,28.84057971014493
9,1,17,43.18840579710145
9,1,17,62.60869565217392
10,1,17,74.34782608695652
10,1,17,85.07246376811594
11,1,17,90.14492753623188
11,1,17,93.6231884057971
11,1,17,95.07246376811594
12,1,17,96.66666666666669
13,1,17,98.69565217391305
13,1,17,97.3913043478261
14,1,17,96.08695652173913
14,1,17,94.34782608695652
14,1,17,86.81159420289855
15,1,17,85.21739130434783
16,1,17,78.69565217391305
16,1,17,73.47826086956522
8,2,17,65.79710144927536
8,2,17,29.565217391304348
9,2,17,42.89855072463768
9,2,17,60.72463768115942
10,2,17,70.43478260869566
10,2,17,77.2463768115942
10,2,17,81.30434782608695
11,2,17,83.6231884057971
12,2,17,85.21739130434783
12,2,17,89.71014492753623
13,2,17,90.72463768115942
13,2,17,92.6086956521739
14,2,17,92.7536231884058
14,2,17,93.18840579710144
15,2,17,92.31884057971014
15,2,17,90.14492753623188
16,2,17,86.95652173913044
16,2,17,81.01449275362319
8,3,17,74.6376811594203
8,3,17,34.20289855072464
8,3,17,43.76811594202898
9,3,17,64.34782608695652
9,3,17,79.85507246376811
10,3,17,91.0144927536232
10,3,17,97.82608695652172
11,3,17,100.0
11,3,17,99.1304347826087
12,3,17,99.42028985507248
12,3,17,99.71014492753623
13,3,17,100.0
13,3,17,97.97101449275362
14,3,17,99.1304347826087
14,3,17,98.55072463768116
15,3,17,94.34782608695652
15,3,17,92.7536231884058
16,3,17,87.97101449275362
7,4,17,78.69565217391305
8,4,17,28.26086956521739
9,4,17,42.7536231884058
9,4,17,62.89855072463768
10,4,17,71.15942028985508
10,4,17,78.1159420289855
11,4,17,81.59420289855072
11,4,17,85.5072463768116
12,4,17,87.68115942028986
12,4,17,90.43478260869566
12,4,17,90.0
13,4,17,90.28985507246377
13,4,17,90.72463768115942
14,4,17,91.8840579710145
14,4,17,86.95652173913044
15,4,17,84.34782608695652
15,4,17,81.01449275362319
16,4,17,77.82608695652173
8,0,17,71.30434782608695
8,0,17,24.92753623188406
9,0,17,38.26086956521739
9,0,17,55.5072463768116
10,0,17,66.3768115942029
10,0,17,76.81159420289855
11,0,17,80.57971014492753
11,0,17,83.33333333333333
11,0,17,85.94202898550725
12,0,17,89.85507246376811
13,0,17,90.57971014492752
13,0,17,91.8840579710145
14,0,17,91.7391304347826
14,0,17,91.59420289855072
15,0,17,90.72463768115942
15,0,17,88.84057971014492
16,0,17,84.20289855072464
16,0,17,79.27536231884058
7,1,17,72.6086956521739
8,1,17,27.39130434782609
8,1,17,44.78260869565217
9,1,17,60.869565217391305
10,1,17,73.76811594202898
10,1,17,84.78260869565217
11,1,17,90.0
11,1,17,94.05797101449276
11,1,17,95.5072463768116
12,1,17,97.53623188405795
12,1,17,96.52173913043478
13,1,17,95.79710144927536
14,1,17,94.6376811594203
14,1,17,93.76811594202898
15,1,17,89.85507246376811
15,1,17,87.10144927536231
16,1,17,81.73913043478261
16,1,17,76.81159420289855
7,2,17,70.0
8,2,17,32.028985507246375
8,2,17,45.36231884057971
9,2,17,63.18840579710145
9,2,17,76.52173913043478
10,2,17,86.08695652173913
10,2,17,91.59420289855072
11,2,17,95.65217391304348
11,2,17,96.52173913043478
12,2,17,98.40579710144928
12,2,17,96.81159420289856
13,2,17,98.40579710144928
13,2,17,96.95652173913044
14,2,17,98.1159420289855
14,2,17,95.5072463768116
15,2,17,92.17391304347828
15,2,17,86.81159420289855
16,2,17,82.17391304347827
7,3,17,73.33333333333333
8,3,17,27.246376811594203
8,3,17,39.42028985507246
9,3,17,56.52173913043478
9,3,17,67.53623188405797
10,3,17,75.79710144927536
10,3,17,82.17391304347827
11,3,17,85.79710144927536
11,3,17,87.68115942028986
12,3,17,89.85507246376811
12,3,17,91.15942028985508
13,3,17,91.59420289855072
13,3,17,91.59420289855072
14,3,17,91.15942028985508
14,3,17,89.71014492753623
15,3,17,86.95652173913044
15,3,17,85.65217391304348
16,3,17,78.98550724637681
8,4,17,69.85507246376811
8,4,17,29.85507246376812
8,4,17,43.18840579710145
9,4,17,56.231884057971016
9,4,17,63.333333333333336
10,4,17,68.55072463768116
10,4,17,71.73913043478261
11,4,17,74.78260869565217
11,4,17,76.66666666666667
12,4,17,78.26086956521739
13,4,17,78.55072463768116
13,4,17,78.55072463768116
14,4,17,77.53623188405797
14,4,17,76.66666666666667
14,4,17,74.20289855072464
15,4,17,73.47826086956522
16,4,17,71.15942028985508
16,4,17,64.78260869565217
7,5,17,59.42028985507246
8,5,17,12.318840579710145
9,5,17,12.608695652173912
9,5,17,13.333333333333334
9,5,17,13.18840579710145
10,5,17,13.91304347826087
11,5,17,14.202898550724637
11,5,17,14.92753623188406
12,5,17,16.666666666666668
12,5,17,18.55072463768116
12,5,17,18.98550724637681
13,5,17,19.565217391304348
13,5,17,21.88405797101449
14,5,17,23.91304347826087
15,5,17,24.63768115942029
15,5,17,27.246376811594203
15,5,17,29.85507246376812
16,5,17,30.43478260869565
8,6,17,32.028985507246375
8,6,17,13.18840579710145
8,6,17,13.18840579710145
9,6,17,12.753623188405795
9,6,17,13.043478260869565
10,6,17,12.898550724637682
10,6,17,13.91304347826087
11,6,17,14.63768115942029
11,6,17,16.81159420289855
12,6,17,19.27536231884058
13,6,17,19.130434782608692
13,6,17,19.420289855072465
13,6,17,21.014492753623188
14,6,17,23.33333333333333
14,6,17,26.956521739130437
15,6,17,27.971014492753625
15,6,17,29.27536231884058
16,6,17,26.956521739130437
8,0,17,28.98550724637681
8,0,17,26.52173913043478
9,0,17,39.130434782608695
9,0,17,56.81159420289855
10,0,17,66.81159420289855
10,0,17,76.95652173913044
11,0,17,80.14492753623189
11,0,17,81.73913043478261
11,0,17,83.47826086956522
12,0,17,86.08695652173913
12,0,17,86.81159420289855
13,0,17,86.95652173913044
14,0,17,87.3913043478261
14,0,17,86.81159420289855
14,0,17,86.66666666666667
15,0,17,84.6376811594203
15,0,17,81.30434782608695
16,0,17,77.2463768115942
7,1,18,0.0
8,1,18,7.042253521126761
8,1,18,8.516213560432362
9,1,18,11.66066164428431
9,1,18,14.281035047494267
10,1,18,19.554536521454303
10,1,18,25.22109400589584
11,1,18,32.82017687520472
12,1,18,37.24205699312152
13,1,18,47.36324926301998
13,1,18,50.67147068457256
14,1,18,50.90075335735342
14,1,18,50.47494267933181
14,1,18,46.64264657713724
15,1,18,43.39993449066492
16,1,18,39.04356370782837
16,1,18,35.08024893547331
8,2,18,32.78742220766459
8,2,18,15.09990173599738
9,2,18,16.410088437602358
9,2,18,19.292499181133312
10,2,18,22.50245660006551
10,2,18,28.791352767769407
11,2,18,35.604323616115295
11,2,18,41.6311824434982
12,2,18,45.561742548313134
12,2,18,49.59056665574845
13,2,18,51.98165738617753
13,2,18,53.946937438585
14,2,18,54.11071077628562
14,2,18,54.53652145430724
15,2,18,52.37471339665903
15,2,18,49.59056665574845
15,2,18,46.67540124467737
16,2,18,44.77563052735015
7,3,18,41.53291844087782
8,3,18,13.85522436947265
9,3,18,15.886013756960368
9,3,18,18.70291516541107
9,3,18,22.895512610547
10,3,18,28.332787422207662
11,3,18,35.57156894857517
11,3,18,41.99148378643957
11,3,18,46.24959056665575
12,3,18,50.83524402227317
13,3,18,55.12610547002948
13,3,18,57.68096953815919
13,3,18,58.79462823452342
14,3,18,57.32066819521782
15,3,18,56.27251883393384
15,3,18,54.14346544382575
16,3,18,51.55584670815591
16,3,18,50.80248935473305
8,4,18,48.01834261382247
8,4,18,13.036357680969536
9,4,18,14.903373730756632
9,4,18,17.425483131346216
10,4,18,22.633475270226008
10,4,18,31.47723550605961
11,4,18,37.63511300360301
11,4,18,44.02227317392728
12,4,18,48.90271863740583
12,4,18,54.0779561087455
13,4,18,56.69832951195546
13,4,18,59.22043891254504
14,4,18,58.82738290206355
14,4,18,57.25515886013757
15,4,18,54.43825745168687
15,4,18,52.04716672125778
16,4,18,48.60792662954471
16,4,18,46.57713724205699
8,5,18,44.31706518178841
8,5,18,10.940058958401572
9,5,18,12.348509662626924
9,5,18,15.492957746478874
10,5,18,21.6835899115624
10,5,18,30.068784801834266
11,5,18,37.60235833606289
11,5,18,49.23026531280708
12,5,18,56.27251883393384
12,5,18,64.62495905666557
13,5,18,70.12774320340648
13,5,18,77.95610874549624
14,5,18,82.64002620373404
14,5,18,84.86734359646249
15,5,18,87.12741565673109
15,5,18,87.35669832951196
16,5,18,86.79986898132984
16,5,18,83.72093023255815
7,6,18,79.59384212250245
8,6,18,10.350474942679332
9,6,18,11.529642974123812
9,6,18,15.230920406157878
10,6,18,17.81853914182771
10,6,18,22.830003275466755
11,6,18,25.679659351457584
11,6,18,31.215198165738617
12,6,18,37.14379299050115
12,6,18,43.43268915820504
13,6,18,51.91614805109728
13,6,18,60.2358336062889
14,6,18,63.87160170324271
14,6,18,67.47461513265641
15,6,18,68.62102849656075
15,6,18,68.58827382902064
15,6,18,64.72322305928594
16,6,18,58.7618735669833
8,0,18,49.81984932852932
8,0,18,12.119226989846052
9,0,18,13.593187029151654
9,0,18,16.04978709466099
10,0,18,19.095971175892565
10,0,18,25.22109400589584
11,0,18,31.47723550605961
11,0,18,37.864395676383886
12,0,18,42.77759580740256
12,0,18,47.16672125777924
12,0,18,50.21290533901081
13,0,18,52.44022273173928
14,0,18,54.47101211922699
14,0,18,54.60203078938749
14,0,18,52.243694726498525
15,0,18,48.182115951523095
15,0,18,45.29970520799214
16,0,18,43.629217163445794
8,1,18,39.993449066491976
8,1,18,12.577792335407796
9,1,18,13.887979037012776
9,1,18,16.803144448083852
10,1,18,20.34064854241729
10,1,18,27.088110055682936
11,1,18,32.98395021290534
11,1,18,41.07435309531608
12,1,18,46.93743858499836
12,1,18,54.43825745168687
13,1,18,57.18964952505732
13,1,18,60.33409760890927
13,1,18,61.25122830003276
14,1,18,59.74451359318703
15,1,18,54.83131346216836
15,1,18,50.47494267933181
15,1,18,46.87192924991811
16,1,18,43.46544382574517
8,2,18,39.14182771044874
8,2,18,12.446773665247298
8,2,18,13.232885686210285
9,2,18,15.591221749099248
9,2,18,19.751064526695053
10,2,18,25.28660334097609
10,2,18,31.313462168358992
11,2,18,38.81428103504749
11,2,18,44.415329184408776
12,2,18,49.98362266622994
12,2,18,52.83327874222076
13,2,18,55.35538814281035
13,2,18,55.71568948575172
14,2,18,55.5519161480511
14,2,18,52.800524074680645
15,2,18,49.72158532590894
15,2,18,46.60989190959712
16,2,18,43.59646249590567
7,5,18,40.09171306911235
8,5,18,11.955453652145431
8,5,18,12.970848345889287
9,5,18,16.21356043236161
9,5,18,23.157549950868
10,5,18,31.280707500818867
10,5,18,39.40386505076973
11,5,18,49.42679331804782
11,5,18,60.69439895185064
12,5,18,65.60759908286931
12,5,18,71.89649525057321
13,5,18,76.842450049132
13,5,18,83.19685555191614
14,5,18,86.14477563052735
14,5,18,86.53783164100885
15,5,18,86.73435964624959
15,5,18,86.04651162790698
16,5,18,82.90206354405503
7,6,18,78.15263675073697
8,6,18,9.924664264657714
8,6,18,10.448738945299706
9,6,18,11.66066164428431
9,6,18,12.348509662626924
10,6,18,14.903373730756632
10,6,18,19.685555191614807
11,6,18,31.87029151654111
11,6,18,45.43072387815264
12,6,18,58.72911889944317
13,6,18,65.37831641008843
13,6,18,73.96003930560104
13,6,18,76.64592204389126
14,6,18,79.88863413036357
14,6,18,80.83851948902719
15,6,18,79.33180478218146
15,6,18,76.41663937111038
16,6,18,67.24533245987553
7,0,18,55.61742548313135
8,0,18,12.283000327546675
9,0,18,14.772355060596135
9,0,18,17.687520471667213
9,0,18,20.700949885358664
10,0,18,24.99181133311497
11,0,18,31.739272846380608
11,0,18,40.35375040943335
12,0,18,47.46151326564036
12,0,18,56.27251883393384
12,0,18,61.709793645594495
13,0,18,64.59220438912546
13,0,18,66.65574844415329
14,0,18,67.70389780543728
14,0,18,67.93318047821815
15,0,18,66.88503111693416
16,0,18,61.25122830003276
16,0,18,56.66557484441533
8,1,18,51.29380936783492
8,1,18,12.643301670488045
9,1,18,14.346544382574518
9,1,18,18.080576482148707
9,1,18,20.176875204716676
10,1,18,26.924336717982317
10,1,18,35.3422862757943
11,1,18,42.74484113986243
12,1,18,51.75237471339666
12,1,18,58.92564690468392
13,1,18,64.33016704880446
13,1,18,67.04880445463479
13,1,18,69.27612184736324
14,1,18,70.35702587618735
15,1,18,69.472649852604
15,1,18,69.30887651490337
15,1,18,64.98526039960694
16,1,18,59.38421225024566
7,2,18,52.2109400589584
8,2,18,5.86308548968228
8,2,18,7.631837536849001
9,2,18,10.022928267278088
9,2,18,13.658696364231902
10,2,18,20.34064854241729
10,2,18,26.53128070750082
11,2,18,34.29413691451032
11,2,18,43.203406485424175
12,2,18,51.98165738617753
12,2,18,57.68096953815919
13,2,18,67.14706845725516
13,2,18,68.98132983950212
14,2,18,68.65378316410089
14,2,18,67.9986898132984
15,2,18,66.75401244677367
15,2,18,63.67507369800197
16,2,18,59.25319358008516
7,3,18,51.523092040615786
8,3,18,13.298395021290531
8,3,18,15.165411071077628
9,3,18,18.015067147068457
9,3,18,22.174909924664263
10,3,18,26.727808712741567
10,3,18,33.245987553226335
11,3,18,43.76023583360629
11,3,18,52.60399606943989
12,3,18,59.25319358008516
12,3,18,64.33016704880446
13,3,18,68.948575171962
13,3,18,71.66721257779234
14,3,18,72.64985260399607
14,3,18,72.02751392073371
15,3,18,71.07762856207009
15,3,18,67.54012446773665
16,3,18,63.478545692761216
8,4,18,58.04127088110056
8,4,18,15.820504421880118
9,4,18,19.292499181133312
10,4,18,23.97641663937111
10,4,18,32.5253848673436
10,4,18,40.61578774975434
11,4,18,47.98558794628234
12,4,18,57.61546020307894
12,4,18,65.47658041270881
13,4,18,69.93121519816575
13,4,18,74.38584998362266
14,4,18,75.72879135276777
14,4,18,78.25090075335736
15,4,18,78.74222076645923
15,4,18,76.28562070094989
16,4,18,74.0255486406813
16,4,18,68.88306583688176
7,5,18,64.36292171634457
8,5,18,11.66066164428431
8,5,18,12.807075008188669
9,5,18,16.475597772682608
9,5,18,24.04192597445136
10,5,18,33.8683262364887
10,5,18,42.41729446446119
11,5,18,52.60399606943989
12,5,18,60.072060268588274
12,5,18,69.83295119554536
12,5,18,73.53422862757942
13,5,18,79.7903701277432
13,5,18,83.5244022273174
14,5,18,84.80183426138225
14,5,18,86.63609564362922
15,5,18,86.63609564362922
15,5,18,85.78447428758598
16,5,18,83.55715689485751
7,6,18,78.61120209629873
8,6,18,9.957418932197838
8,6,18,10.481493612839827
9,6,18,12.02096298722568
9,6,18,13.462168358991155
10,6,18,16.606616442843105
10,6,18,22.04389125450377
11,6,18,36.48869963969866
11,6,18,49.2630199803472
12,6,18,61.21847363249263
13,6,18,65.11627906976744
13,6,18,70.84834588928922
13,6,18,72.38781526367508
14,6,18,72.97739927939732
15,6,18,72.91188994431707
15,6,18,70.6845725515886
8,0,18,64.62495905666557
8,0,18,12.61054700294792
9,0,18,14.543072387815265
9,0,18,16.966917785784474
10,0,18,20.471667212577792
10,0,18,26.17097936455945
11,0,18,32.06681952178185
11,0,18,39.07631837536849
12,0,18,44.48083851948903
12,0,18,49.78709466098919
13,0,18,52.309204061578775
13,0,18,54.929577464788736
13,0,18,55.25712414018998
14,0,18,54.50376678676712
15,0,18,51.78512938093678
15,0,18,47.7890599410416
16,0,18,44.710121192269895
16,0,18,41.43465443825745
8,1,18,39.56763838847036
8,1,18,13.462168358991155
9,1,18,14.575827055355388
9,1,18,17.52374713396659
10,1,18,21.51981657386177
10,1,18,28.75859810022928
11,1,18,35.11300360301343
11,1,18,42.94136914510317
12,1,18,47.06845725515886
12,1,18,52.27644939403865
13,1,18,55.32263347527022
13,1,18,57.4189321978382
14,1,18,58.59810022928267
14,1,18,57.32066819521782
15,1,18,54.89682279724861
15,1,18,49.36128398296757
16,1,18,45.46347854569276
16,1,18,42.22076645922044
7,2,18,38.61775302980675
8,2,18,13.49492302653128
8,2,18,14.837864395676384
9,2,18,16.770389780543727
9,2,18,21.945627251883398
10,2,18,27.87422207664592
10,2,18,35.4733049459548
11,2,18,41.40189977071733
11,2,18,47.85456927612185
12,2,18,51.55584670815591
13,2,18,55.32263347527022
13,2,18,57.12414018997707
14,2,18,57.582705535538814
14,2,18,57.222404192597445
14,2,18,55.1588601375696
15,2,18,52.2109400589584
16,2,18,48.051097281362594
16,2,18,43.56370782836554
8,3,18,40.779561087454965
8,3,18,12.90533901080904
9,3,18,14.51031772027514
9,3,18,17.425483131346216
10,3,18,21.749099246642647
10,3,18,30.101539469374387
11,3,18,36.32492630199803
11,3,18,45.66000655093351
12,3,18,50.40943334425155
12,3,18,55.5519161480511
12,3,18,59.02391090730429
13,3,18,61.64428431051425
13,3,18,61.54602030789388
14,3,18,61.25122830003276
15,3,18,58.00851621356043
15,3,18,53.25908942024238
16,3,18,49.950867998689816
16,3,18,45.66000655093351
8,4,18,43.92400917130691
8,4,18,12.479528332787424
8,4,18,13.724205699312153
9,4,18,16.63937111038323
10,4,18,22.73173927284638
10,4,18,29.54471012119227
11,4,18,36.6852276449394
11,4,18,45.82377988863413
12,4,18,51.62135604323616
12,4,18,55.87946282345234
13,4,18,59.5807402554864
13,4,18,61.21847363249263
13,4,18,62.56141500163773
14,4,18,61.611529642974126
15,4,18,59.38421225024566
15,4,18,55.224369472649855
16,4,18,52.243694726498525
16,4,18,47.7890599410416
8,5,18,45.29970520799214
8,5,18,10.841794955781198
8,5,18,11.922698984605306
9,5,18,16.868653783164103
9,5,18,25.253848673435964
10,5,18,33.83557156894857
10,5,18,46.38060923681625
11,5,18,52.57124140189977
12,5,18,61.38224697019325
12,5,18,70.91385522436947
13,5,18,75.33573534228627
13,5,18,80.1834261382247
13,5,18,84.04847690795938
14,5,18,86.17753029806748
15,5,18,86.17753029806748
15,5,18,87.71699967245333
16,5,18,86.93088765149034
16,5,18,82.64002620373404
8,6,18,77.85784474287586
8,6,18,8.974778905994103
9,6,18,9.367834916475598
9,6,18,10.383229610219455
10,6,18,11.857189649525058
10,6,18,14.674091057975762
10,6,18,19.42351785129381
11,6,18,35.14575827055356
11,6,18,51.16279069767442
12,6,18,63.01998034719948
13,6,18,69.96396986570586
13,6,18,77.30101539469375
13,6,18,80.1834261382247
14,6,18,83.5244022273174
15,6,18,82.21421552571242
15,6,18,79.98689813298395
15,6,18,76.28562070094989
16,6,18,65.54208974778906
8,0,18,54.96233213232885
8,0,18,13.20013101867016
8,0,18,14.772355060596135
9,0,18,17.589256469046838
9,0,18,20.144120537176548
10,0,18,26.53128070750082
10,0,18,34.19587291188994
11,0,18,41.10710776285621
11,0,18,47.10121192269899
12,0,18,52.63675073698002
12,0,18,56.20700949885359
13,0,18,58.66360956436292
13,0,18,59.08942024238454
14,0,18,58.20504421880118
15,0,18,55.289878807730105
15,0,18,51.26105470029479
16,0,18,47.330494595479855
16,0,18,44.906649197510646
7,1,18,41.10710776285621
8,1,18,13.167376351130036
8,1,18,14.313789715034392
9,1,18,17.130691123485096
9,1,18,20.864723223059286
10,1,18,27.5794300687848
11,1,18,36.48869963969866
11,1,18,43.17065181788405
11,1,18,51.98165738617753
12,1,18,55.58467081559122
13,1,18,57.18964952505732
13,1,18,59.646249590566654
14,1,18,60.33409760890927
14,1,18,59.44972158532591
15,1,18,56.53455617425483
15,1,18,51.22830003275467
16,1,18,47.55977726826072
16,1,18,43.006878480183424
8,2,18,40.0262037340321
8,2,18,13.85522436947265
9,2,18,15.32918440877825
9,2,18,17.88404847690796
10,2,18,22.305928594824763
10,2,18,28.95512610547003
11,2,18,35.76809695381592
11,2,18,42.71208647232231
12,2,18,47.821814608581725
12,2,18,53.09531608254176
13,2,18,56.46904683917458
13,2,18,58.66360956436292
14,2,18,59.12217490992467
14,2,18,58.6308548968228
15,2,18,56.30527350147396
15,2,18,50.96626269243367
16,2,18,48.28037995414346
16,2,18,46.54438257451687
8,3,18,42.54831313462169
8,3,18,6.780216180805764
9,3,18,8.909269570913855
9,3,18,10.383229610219455
10,3,18,14.346544382574518
10,3,18,22.43694726498526
11,3,18,28.75859810022928
11,3,18,36.6852276449394
12,3,18,42.25352112676056
12,3,18,48.14936128398297
13,3,18,51.71962004585654
13,3,18,55.06059613494923
14,3,18,56.14150016377334
14,3,18,55.58467081559122
15,3,18,52.27644939403865
15,3,18,45.987553226334754
16,3,18,42.908614477563056
16,3,18,38.61775302980675
8,4,18,35.800851621356045
8,4,18,6.321650835244022
9,4,18,8.05764821487062
9,4,18,11.234850966262693
10,4,18,15.32918440877825
10,4,18,23.354077956108743
11,4,18,31.24795283327874
11,4,18,39.796921061251226
12,4,18,46.315099901736
12,4,18,52.3419587291189
13,4,18,55.224369472649855
13,4,18,58.66360956436292
14,4,18,60.33409760890927
14,4,18,59.44972158532591
15,4,18,57.77923354077956
15,4,18,52.86603340976089
16,4,18,47.6580412708811
16,4,18,45.332459875532265
8,5,18,41.27088110055683
8,5,18,4.585653455617425
9,5,18,6.1578774975434
9,5,18,11.857189649525058
10,5,18,20.76645922043891
10,5,18,32.42712086472322
11,5,18,42.22076645922044
11,5,18,54.89682279724861
12,5,18,65.67310841794956
12,5,18,72.25679659351458
13,5,18,78.54569276121848
13,5,18,85.19489027186374
14,5,18,88.60137569603668
14,5,18,90.33737307566328
15,5,18,91.12348509662628
15,5,18,90.6321650835244
16,5,18,89.74778905994104
16,5,18,87.48771699967246
8,6,18,80.47821814608582
8,6,18,3.5375040943334426
9,6,18,3.734032099574189
9,6,18,5.0769734687192924
10,6,18,6.616442843105142
10,6,18,9.859154929577464
11,6,18,18.571896495250574
11,6,18,32.0013101867016
12,6,18,46.28234523419587
12,6,18,61.80805764821487
13,6,18,70.9466098919096
13,6,18,77.00622338683263
14,6,18,80.57648214870619
14,6,18,83.00032754667541
15,6,18,82.8693088765149
15,6,18,80.77301015394694
16,6,18,75.46675401244677
16,6,18,64.88699639698658
8,0,18,52.243694726498525
8,0,18,6.125122830003275
9,0,18,8.155912217490993
9,0,18,9.82640026203734
10,0,18,13.7897150343924
10,0,18,21.290533901080902
11,0,18,27.7104487389453
11,0,18,36.29217163445791
12,0,18,41.82771044873895
12,0,18,47.49426793318048
13,0,18,50.08188666885031
13,0,18,52.27644939403865
14,0,18,53.5538814281035
14,0,18,51.91614805109728
15,0,18,49.5250573206682
15,0,18,46.38060923681625
16,0,18,43.006878480183424
16,0,18,40.09171306911235
7,1,18,36.161152964297415
8,1,18,5.895840157222405
8,1,18,7.99213887979037
9,1,18,9.990173599737965
9,1,18,15.296429741238128
10,1,18,20.66819521781854
11,1,18,28.88961677038978
11,1,18,36.58696364231903
11,1,18,42.15525712414019
12,1,18,46.70815591221749
12,1,18,49.78709466098919
13,1,18,50.44218801179168
14,1,18,51.03177202751392
14,1,18,49.72158532590894
15,1,18,47.396003930560106
15,1,18,43.498198493285294
15,1,18,39.01080904028824
16,1,18,36.06288896167704
8,2,18,31.411726170979364
8,2,18,6.550933508024894
9,2,18,8.319685555191615
9,2,18,11.13658696364232
10,2,18,14.772355060596135
10,2,18,22.79724860792663
11,2,18,32.06681952178185
11,2,18,38.25745168686538
12,2,18,44.415329184408776
12,2,18,49.29577464788732
13,2,18,51.32656403537504
13,2,18,53.61939076318375
14,2,18,54.569276121847366
14,2,18,54.50376678676712
15,2,18,49.98362266622994
15,2,18,45.16868653783164
16,2,18,40.74680641991484
16,2,18,38.71601703242712
8,3,18,34.71994759253194
8,3,18,6.1906321650835245
9,3,18,8.05764821487062
9,3,18,10.448738945299706
9,3,18,15.132656403537505
10,3,18,21.945627251883398
11,3,18,31.215198165738617
11,3,18,39.796921061251226
12,3,18,46.38060923681625
12,3,18,53.09531608254176
13,3,18,56.96036685227645
13,3,18,60.59613494923027
14,3,18,61.316737635113
14,3,18,58.00851621356043
14,3,18,53.946937438585
15,3,18,50.40943334425155
15,3,18,45.13593187029152
16,3,18,40.87782509007533
8,4,18,37.373075663282016
8,4,18,7.468064199148379
9,4,18,9.269570913855224
10,4,18,16.9996724533246
10,4,18,27.448411398624305
11,4,18,37.667867671143135
11,4,18,48.34588928922371
12,4,18,58.10678021618081
12,4,18,62.65967900425811
13,4,18,67.24533245987553
13,4,18,70.84834588928922
14,4,18,72.74811660661645
14,4,18,72.35506059613495
15,4,18,68.948575171962
15,4,18,63.1837536849001
16,4,18,59.5807402554864
16,4,18,53.45561742548313
7,5,18,49.62332132328857
8,5,18,4.258106780216181
8,5,18,6.354405502784147
9,5,18,10.809040288241077
10,5,18,22.993776613167377
10,5,18,37.11103832296102
10,5,18,49.754339993449065
11,5,18,60.26858827382902
12,5,18,70.71732721912872
12,5,18,78.9715034392401
13,5,18,86.24303963314772
13,5,18,89.05994104159842
14,5,18,89.97707173272191
14,5,18,89.84605306256141
15,5,18,89.87880773010154
15,5,18,90.3701277432034
16,5,18,89.84605306256141
16,5,18,88.50311169341632
8,6,18,85.48968227972486
8,6,18,2.522109400589584
9,6,18,2.718637405830331
9,6,18,4.520144120537177
10,6,18,5.56829348182116
10,6,18,11.00556829348182
11,6,18,19.42351785129381
11,6,18,39.10907304290861
12,6,18,56.46904683917458
12,6,18,73.69800196528006
13,6,18,82.54176220111366
13,6,18,83.78643956763838
14,6,18,84.86734359646249
14,6,18,85.12938093678349
15,6,18,85.06387160170324
15,6,18,83.72093023255815
16,6,18,80.83851948902719
16,6,18,71.37242056993122
8,0,18,61.18571896495251
8,0,18,6.125122830003275
9,0,18,7.730101539469374
9,0,18,10.350474942679332
10,0,18,13.986243039633148
10,0,18,22.109400589584016
11,0,18,30.88765149033737
11,0,18,41.69669177857845
11,0,18,50.90075335735342
12,0,18,57.18964952505732
12,0,18,61.25122830003276
13,0,18,63.01998034719948
14,0,18,62.75794300687848
14,0,18,60.89092695709139
14,0,18,57.287913527677695
15,0,18,52.27644939403865
15,0,18,45.95479855879463
16,0,18,41.5001637733377
7,1,18,34.097608909269574
8,1,18,4.61840812315755
9,1,18,5.797576154602031
9,1,18,9.269570913855224
10,1,18,12.872584343268915
10,1,18,20.995741893219783
11,1,18,28.72584343268916
11,1,18,37.50409433344252
12,1,18,43.498198493285294
12,1,18,50.14739600393056
12,1,18,52.11267605633803
13,1,18,53.88142810350475
13,1,18,52.96429741238126
14,1,18,50.605961349492304
14,1,18,46.4461185718965
15,1,18,41.20537176547658
15,1,18,37.0782836554209
16,1,18,34.71994759253194
8,2,18,31.50999017359974
8,2,18,5.27350147396004
8,2,18,6.288896167703898
9,2,18,8.385194890271864
10,2,18,12.545037667867671
10,2,18,21.25777923354078
11,2,18,29.348182115951523
11,2,18,40.51752374713397
11,2,18,47.85456927612185
12,2,18,53.75040943334425
13,2,18,58.17228955126105
13,2,18,60.95643629217163
13,2,18,61.349492302653125
14,2,18,59.646249590566654
15,2,18,54.11071077628562
15,2,18,47.920078611202094
16,2,18,42.12250245660007
16,2,18,36.12839829675729
8,3,18,31.87029151654111
8,3,18,6.714706845725516
9,3,18,8.352440222731738
9,3,18,11.43137897150344
10,3,18,17.949557811988207
10,3,18,25.614150016377334
11,3,18,36.030134294136914
11,3,18,47.625286603340975
12,3,18,54.89682279724861
12,3,18,62.16835899115624
13,3,18,67.37635113003603
13,3,18,70.09498853586636
13,3,18,71.04487389452997
14,3,18,71.04487389452997
14,3,18,65.90239109073043
15,3,18,60.46511627906977
15,3,18,54.24172944644612
16,3,18,49.65607599082869
8,4,18,44.972158532590896
9,4,18,13.003603013429414
9,4,18,20.2096298722568
10,4,18,29.47920078611202
10,4,18,44.415329184408776
11,4,18,59.77726826072716
11,4,18,74.35309531608254
12,4,18,81.49361283982968
12,4,18,87.2911889944317
13,4,18,87.8152636750737
13,4,18,87.91352767769408
14,4,18,87.74975433999344
14,4,18,86.83262364886997
15,4,18,82.31247952833279
15,4,18,78.93874877169996
16,4,18,74.4186046511628
16,4,18,69.17785784474287
8,5,18,64.9197510645267
8,5,18,8.05764821487062
9,5,18,10.514248280379954
9,5,18,18.11333114968883
10,5,18,33.80281690140845
10,5,18,46.478873239436616
11,5,18,62.23386832623649
11,5,18,71.99475925319358
12,5,18,79.23354077956108
12,5,18,86.99639698657059
13,5,18,90.00982640026204
13,5,18,90.82869308876516
14,5,18,91.51654110710776
14,5,18,92.07337045528988
15,5,18,91.77857844742876
15,5,18,91.61480510972814
16,5,18,92.07337045528988
16,5,18,91.32001310186702
8,6,18,89.35473304945955
8,6,18,5.371765476580412
9,6,18,6.092368162463151
9,6,18,7.762856207009499
10,6,18,9.82640026203734
10,6,18,15.886013756960368
11,6,18,28.791352767769407
11,6,18,49.23026531280708
12,6,18,69.93121519816575
12,6,18,80.34719947592532
13,6,18,84.31051424828038
13,6,18,85.45692761218474
14,6,18,86.3413036357681
14,6,18,87.12741565673109
15,6,18,87.25843432689159
15,6,18,86.63609564362922
16,6,18,84.736324926302
16,6,18,78.15263675073697
8,0,18,65.67310841794956
8,0,18,7.402554864068129
9,0,18,8.876514903373732
9,0,18,11.43137897150344
10,0,18,15.68948575171962
10,0,18,24.828037995414345
11,0,18,37.34032099574189
11,0,18,48.41139862430396
12,0,18,59.94104159842777
12,0,18,66.72125777923354
13,0,18,71.43792990501146
13,0,18,73.82902063544056
14,0,18,75.3684900098264
14,0,18,73.92728463806093
15,0,18,68.98132983950212
15,0,18,63.57680969538159
16,0,18,54.24172944644612
16,0,18,50.40943334425155
7,1,18,46.83917458237799
8,1,18,7.762856207009499
9,1,18,10.252210940058958
9,1,18,13.20013101867016
10,1,18,17.196200458565347
10,1,18,24.959056665574845
11,1,18,34.65443825745169
11,1,18,46.28234523419587
11,1,18,55.35538814281035
12,1,18,60.69439895185064
13,1,18,65.41107107762856
13,1,18,67.08155912217491
14,1,18,68.26072715361938
14,1,18,69.472649852604
14,1,18,65.0507697346872
15,1,18,59.285948247625285
16,1,18,53.71765476580413
16,1,18,49.98362266622994
8,2,18,46.34785456927612
8,2,18,10.284965607599084
9,2,18,11.627906976744184
9,2,18,14.346544382574518
10,2,18,18.899443170651814
10,2,18,27.612184736324927
10,2,18,37.76613167376351
11,2,18,46.1840812315755
12,2,18,55.19161480510973
12,2,18,61.709793645594495
13,2,18,65.80412708811005
13,2,18,68.85031116934164
14,2,18,70.5535538814281
14,2,18,69.66917785784474
15,2,18,67.24533245987553
15,2,18,62.20111365869637
16,2,18,56.60006550933508
16,2,18,53.84867343596463
8,3,18,50.90075335735342
8,3,18,7.369800196528005
8,3,18,8.319685555191615
9,3,18,10.874549623321323
9,3,18,14.543072387815265
10,3,18,23.910907304290863
10,3,18,35.40779561087455
11,3,18,47.55977726826072
11,3,18,56.10874549623321
12,3,18,61.415001637733376
12,3,18,65.83688175565018
13,3,18,70.65181788404848
13,3,18,72.22404192597445
14,3,18,71.37242056993122
14,3,18,67.70389780543728
15,3,18,61.840812315755
15,3,18,56.60006550933508
16,3,18,50.27841467409106
7,4,18,46.51162790697674
8,4,18,7.828365542089748
9,4,18,10.153946937438583
9,4,18,13.724205699312153
10,4,18,21.061251228300037
10,4,18,34.032099574189324
11,4,18,45.561742548313134
11,4,18,58.10678021618081
12,4,18,66.29544710121192
12,4,18,72.32230592859483
12,4,18,74.90992466426466
13,4,18,78.28365542089747
13,4,18,79.95414346544382
14,4,18,79.59384212250245
14,4,18,76.41663937111038
15,4,18,71.04487389452997
15,4,18,63.34752702260072
16,4,18,57.84474287585981
8,0,18,52.2109400589584
8,0,18,5.895840157222405
9,0,18,7.69734687192925
9,0,18,10.514248280379954
10,0,18,14.870619063216507
10,0,18,25.58139534883721
11,0,18,37.47133966590239
11,0,18,52.11267605633803
11,0,18,63.01998034719948
12,0,18,68.42450049132002
13,0,18,74.18932197838193
13,0,18,78.0543727481166
14,0,18,79.95414346544382
14,0,18,78.93874877169996
15,0,18,74.5496233213233
15,0,18,67.21257779233541
16,0,18,61.21847363249263
16,0,18,53.32459875532263
7,1,18,48.08385194890272
8,1,18,6.8129708483458895
8,1,18,8.811005568293481
9,1,18,11.267605633802816
10,1,18,16.57386177530298
10,1,18,24.6315099901736
11,1,18,34.52341958729119
11,1,18,47.95283327874222
11,1,18,54.99508679986898
12,1,18,61.38224697019325
12,1,18,67.83491647559778
13,1,18,69.6036685227645
14,1,18,72.06026858827383
14,1,18,69.80019652800524
15,1,18,65.44382574516868
15,1,18,58.33606288896168
16,1,18,53.71765476580413
16,1,18,49.72158532590894
7,2,18,45.62725188339338
8,2,18,6.780216180805764
8,2,18,8.64723223059286
9,2,18,10.77628562070095
9,2,18,15.656731084179496
10,2,18,24.369472649852604
10,2,18,34.58892892237144
11,2,18,47.98558794628234
11,2,18,56.7638388470357
12,2,18,63.90435637078284
12,2,18,68.8175565018015
13,2,18,72.5515886013757
13,2,18,72.91188994431707
14,2,18,72.2895512610547
14,2,18,69.53815918768424
15,2,18,63.74058303308222
15,2,18,58.72911889944317
16,2,18,53.29184408778251
7,3,18,47.920078611202094
8,3,18,6.911234850966263
8,3,18,8.64723223059286
9,3,18,11.30036030134294
9,3,18,15.492957746478874
10,3,18,25.22109400589584
10,3,18,39.40386505076973
11,3,18,50.70422535211268
11,3,18,62.72518833933835
12,3,18,68.5555191614805
12,3,18,72.1585325908942
13,3,18,74.71339665902391
13,3,18,75.82705535538814
14,3,18,75.79430068784802
14,3,18,72.94464461185719
15,3,18,65.34556174254831
15,3,18,60.072060268588274
16,3,18,55.027841467409104
8,4,18,50.63871601703243
8,4,18,7.730101539469374
8,4,18,9.66262692433672
9,4,18,12.61054700294792
9,4,18,19.9475925319358
10,4,18,29.44644611857189
10,4,18,43.95676383884704
11,4,18,54.53652145430724
11,4,18,64.2646577137242
12,4,18,70.88110055682935
13,4,18,76.08909269570914
13,4,18,79.5283327874222
14,4,18,81.00229282672781
14,4,18,78.51293809367834
14,4,18,75.4995086799869
15,4,18,70.91385522436947
16,4,18,65.64035375040943
16,4,18,59.12217490992467
7,5,18,52.53848673435965
8,5,18,6.288896167703898
9,5,18,9.073042908614475
9,5,18,19.292499181133312
9,5,18,33.37700622338684
10,5,18,46.315099901736
11,5,18,61.709793645594495
11,5,18,71.83098591549296
12,5,18,78.38191942351786
12,5,18,84.70357025876187
12,5,18,87.8152636750737
13,5,18,88.53586636095643
13,5,18,89.32197838191942
14,5,18,89.2892237143793
15,5,18,90.00982640026204
15,5,18,90.33737307566328
15,5,18,90.43563707828366
16,5,18,88.53586636095643
8,6,18,86.57058630854897
8,6,18,3.308221421552571
8,6,18,3.603013429413692
9,6,18,5.20799213887979
9,6,18,7.075008188666885
10,6,18,12.512283000327546
10,6,18,24.074680641991485
11,6,18,47.330494595479855
11,6,18,66.22993776613167
12,6,18,78.90599410415984
13,6,18,83.72093023255815
13,6,18,84.90009826400262
13,6,18,85.65345561742548
14,6,18,86.53783164100885
14,6,18,86.60334097608909
15,6,18,86.70160497870947
15,6,18,84.3432689158205
16,6,18,76.87520471667213
8,0,18,69.04683917458237
8,0,18,6.8129708483458895
9,0,18,8.778250900753358
9,0,18,11.627906976744184
10,0,18,16.508352440222733
10,0,18,28.922371437929904
11,0,18,41.82771044873895
11,0,18,55.224369472649855
11,0,18,65.54208974778906
12,0,18,71.04487389452997
12,0,18,75.76154602030789
13,0,18,78.5784474287586
14,0,18,81.5263675073698
14,0,18,80.96953815918768
14,0,18,77.13724205699312
15,0,18,71.73272191287258
15,0,18,64.2646577137242
16,0,18,57.54995086799869
7,1,19,0.0
8,1,19,5.83596214511041
8,1,19,8.438485804416404
9,1,19,13.091482649842272
9,1,19,16.798107255520506
10,1,19,18.690851735015773
10,1,19,20.34700315457413
11,1,19,20.741324921135647
11,1,19,20.58359621451104
12,1,19,21.293375394321767
13,1,19,21.05678233438486
13,1,19,20.50473186119874
14,1,19,19.400630914826497
14,1,19,18.92744479495268
14,1,19,18.454258675078865
15,1,19,17.19242902208202
16,1,19,16.95583596214511
16,1,19,14.905362776025235
7,2,19,12.53943217665615
8,2,19,7.807570977917981
9,2,19,12.302839116719245
9,2,19,16.246056782334385
10,2,19,17.271293375394322
10,2,19,18.37539432176656
11,2,19,19.321766561514195
11,2,19,20.50473186119874
12,2,19,19.63722397476341
12,2,19,19.006309148264982
12,2,19,18.92744479495268
13,2,19,18.84858044164038
13,2,19,18.454258675078865
14,2,19,18.13880126182965
14,2,19,16.324921135646687
15,2,19,15.063091482649842
16,2,19,13.722397476340694
16,2,19,12.53943217665615
7,3,19,10.01577287066246
8,3,19,5.83596214511041
8,3,19,9.069400630914826
9,3,19,13.012618296529968
10,3,19,15.299684542586752
10,3,19,18.13880126182965
10,3,19,19.006309148264982
11,3,19,19.71608832807571
12,3,19,20.977917981072554
12,3,19,21.845425867507885
12,3,19,21.68769716088328
13,3,19,21.529968454258675
13,3,19,20.820189274447948
14,3,19,19.71608832807571
15,3,19,18.21766561514196
15,3,19,16.7192429022082
16,3,19,15.930599369085174
16,3,19,13.64353312302839
8,4,19,11.750788643533124
8,4,19,6.466876971608833
9,4,19,9.621451104100949
9,4,19,13.012618296529968
9,4,19,14.74763406940063
10,4,19,16.009463722397477
10,4,19,17.350157728706623
11,4,19,17.981072555205046
12,4,19,18.37539432176656
12,4,19,18.13880126182965
13,4,19,17.42902208201893
13,4,19,17.50788643533123
14,4,19,17.113564668769715
14,4,19,16.009463722397477
15,4,19,14.589905362776026
15,4,19,13.485804416403786
15,4,19,13.012618296529968
16,4,19,12.066246056782337
7,5,19,9.779179810725552
8,5,19,2.365930599369085
8,5,19,3.154574132492113
9,5,19,4.495268138801261
10,5,19,5.28391167192429
10,5,19,6.782334384858044
10,5,19,8.280757097791797
11,5,19,10.488958990536275
12,5,19,12.22397476340694
12,5,19,13.801261829652995
13,5,19,14.74763406940063
13,5,19,15.85173501577287
14,5,19,16.7192429022082
14,5,19,18.05993690851735
14,5,19,18.454258675078865
15,5,19,19.16403785488959
16,5,19,18.13880126182965
16,5,19,17.902208201892744
8,6,19,17.034700315457414
8,6,19,0.946372239747634
9,6,19,1.1829652996845426
9,6,19,1.8138801261829651
9,6,19,3.154574132492113
10,6,19,3.7066246056782335
11,6,19,5.83596214511041
11,6,19,8.123028391167193
11,6,19,10.410094637223974
12,6,19,11.67192429022082
13,6,19,12.46056782334385
13,6,19,12.854889589905362
14,6,19,12.066246056782337
14,6,19,10.883280757097792
15,6,19,10.25236593059937
15,6,19,8.832807570977918
16,6,19,7.965299684542587
16,6,19,6.151419558359621
8,0,19,4.652996845425868
8,0,19,6.151419558359621
9,0,19,8.280757097791797
9,0,19,11.435331230283913
10,0,19,12.618296529968454
10,0,19,14.116719242902208
10,0,19,15.299684542586752
11,0,19,15.615141955835965
11,0,19,16.40378548895899
12,0,19,16.876971608832807
13,0,19,17.19242902208202
13,0,19,16.482649842271293
14,0,19,16.561514195583594
14,0,19,16.95583596214511
14,0,19,16.167192429022084
15,0,19,14.74763406940063
15,0,19,14.195583596214512
16,0,19,13.406940063091485
8,1,19,11.593059936908515
8,1,19,6.703470031545741
8,1,19,8.911671924290221
9,1,19,12.854889589905362
9,1,19,14.98422712933754
10,1,19,15.457413249211356
10,1,19,15.694006309148264
11,1,19,16.6403785488959
12,1,19,16.876971608832807
12,1,19,17.034700315457414
13,1,19,17.034700315457414
13,1,19,16.876971608832807
14,1,19,16.7192429022082
14,1,19,15.694006309148264
15,1,19,15.457413249211356
15,1,19,14.353312302839116
16,1,19,13.801261829652995
16,1,19,12.22397476340694
8,2,19,11.041009463722398
8,2,19,7.413249211356467
9,2,19,10.331230283911673
9,2,19,14.195583596214512
10,2,19,15.063091482649842
10,2,19,15.615141955835965
11,2,19,16.561514195583594
11,2,19,17.350157728706623
12,2,19,17.981072555205046
12,2,19,19.24290220820189
13,2,19,19.400630914826497
13,2,19,19.16403785488959
14,2,19,19.085173501577287
14,2,19,19.321766561514195
15,2,19,18.454258675078865
15,2,19,18.21766561514196
15,2,19,18.21766561514196
16,2,19,17.50788643533123
7,3,19,16.324921135646687
8,3,19,5.914826498422713
9,3,19,10.094637223974765
9,3,19,13.406940063091485
9,3,19,14.826498422712934
10,3,19,16.324921135646687
11,3,19,17.586750788643535
11,3,19,18.61198738170347
11,3,19,18.61198738170347
12,3,19,19.006309148264982
13,3,19,19.321766561514195
13,3,19,20.18927444794953
13,3,19,20.34700315457413
14,3,19,20.110410094637224
15,3,19,18.84858044164038
15,3,19,18.533123028391167
16,3,19,17.113564668769715
16,3,19,15.063091482649842
8,4,19,13.32807570977918
8,4,19,8.3596214511041
9,4,19,11.435331230283913
9,4,19,17.034700315457414
10,4,19,20.899053627760253
10,4,19,23.89589905362776
11,4,19,26.182965299684543
11,4,19,28.62776025236593
12,4,19,29.574132492113566
12,4,19,30.28391167192429
13,4,19,30.047318611987382
13,4,19,30.99369085173501
14,4,19,29.49526813880126
14,4,19,28.154574132492115
15,4,19,25.709779179810724
15,4,19,23.422712933753942
16,4,19,18.92744479495268
16,4,19,14.668769716088327
8,5,19,13.012618296529968
8,5,19,1.892744479495268
9,5,19,1.971608832807571
9,5,19,2.444794952681388
10,5,19,2.8391167192429023
10,5,19,3.785488958990536
11,5,19,5.599369085173501
11,5,19,7.965299684542587
12,5,19,9.305993690851736
12,5,19,11.593059936908515
13,5,19,12.77602523659306
13,5,19,14.353312302839116
14,5,19,15.772870662460567
14,5,19,16.009463722397477
15,5,19,15.141955835962143
15,5,19,14.274447949526811
16,5,19,13.012618296529968
16,5,19,12.22397476340694
8,6,19,10.962145110410097
8,6,19,4.100946372239748
9,6,19,7.018927444794953
9,6,19,10.25236593059937
10,6,19,13.8801261829653
10,6,19,17.981072555205046
11,6,19,19.16403785488959
11,6,19,20.820189274447948
12,6,19,22.47634069400631
12,6,19,25.473186119873816
13,6,19,25.630914826498422
13,6,19,24.60567823343849
14,6,19,21.845425867507885
14,6,19,15.378548895899051
15,6,19,12.46056782334385
15,6,19,11.277602523659306
15,6,19,9.621451104100949
16,6,19,8.04416403785489
8,0,19,5.914826498422713
8,0,19,6.466876971608833
9,0,19,9.700315457413248
9,0,19,13.32807570977918
10,0,19,14.116719242902208
10,0,19,15.141955835962143
11,0,19,16.40378548895899
11,0,19,17.902208201892744
12,0,19,19.71608832807571
12,0,19,21.529968454258675
12,0,19,22.79179810725552
13,0,19,22.870662460567825
14,0,19,23.264984227129336
14,0,19,23.58044164037855
14,0,19,23.738170347003155
15,0,19,22.55520504731861
15,0,19,22.870662460567825
16,0,19,24.60567823343849
8,1,19,25.55205047318612
8,1,19,7.018927444794953
9,1,19,9.069400630914826
9,1,19,13.8801261829653
10,1,19,16.798107255520506
10,1,19,18.84858044164038
11,1,19,20.18927444794953
11,1,19,21.845425867507885
12,1,19,23.422712933753942
12,1,19,24.44794952681388
13,1,19,25.55205047318612
13,1,19,25.55205047318612
13,1,19,25.157728706624606
14,1,19,25.0788643533123
15,1,19,24.684542586750787
15,1,19,24.60567823343849
15,1,19,22.870662460567825
16,1,19,23.817034700315457
8,2,19,23.89589905362776
8,2,19,6.151419558359621
8,2,19,8.59621451104101
9,2,19,13.32807570977918
9,2,19,14.98422712933754
10,2,19,16.246056782334385
10,2,19,17.50788643533123
11,2,19,18.769716088328074
11,2,19,19.79495268138801
12,2,19,20.50473186119874
12,2,19,20.977917981072554
13,2,19,21.608832807570977
13,2,19,21.05678233438486
14,2,19,20.26813880126183
14,2,19,19.87381703470032
15,2,19,19.63722397476341
15,2,19,18.84858044164038
16,2,19,18.13880126182965
7,5,19,17.113564668769715
8,5,19,1.4195583596214512
8,5,19,1.4195583596214512
9,5,19,1.8138801261829651
9,5,19,2.917981072555205
10,5,19,4.495268138801261
10,5,19,5.757097791798107
11,5,19,8.123028391167193
11,5,19,10.646687697160884
12,5,19,12.77602523659306
12,5,19,15.53627760252366
13,5,19,16.95583596214511
13,5,19,17.823343848580443
14,5,19,17.981072555205046
14,5,19,17.42902208201893
15,5,19,17.271293375394322
15,5,19,16.7192429022082
16,5,19,17.350157728706623
7,6,19,18.13880126182965
8,6,19,1.025236593059937
8,6,19,1.1041009463722398
9,6,19,2.1293375394321767
9,6,19,2.6813880126182967
10,6,19,4.652996845425868
10,6,19,6.703470031545741
11,6,19,9.621451104100949
11,6,19,10.804416403785488
12,6,19,13.249211356466876
13,6,19,14.274447949526811
13,6,19,15.378548895899051
13,6,19,14.511041009463725
14,6,19,13.249211356466876
14,6,19,12.618296529968454
15,6,19,11.277602523659306
15,6,19,10.094637223974765
16,6,19,9.069400630914826
7,0,19,7.728706624605678
8,0,19,4.889589905362776
9,0,19,8.675078864353312
9,0,19,11.277602523659306
9,0,19,11.908517350157728
10,0,19,13.249211356466876
11,0,19,15.694006309148264
11,0,19,17.744479495268138
12,0,19,19.79495268138801
12,0,19,21.37223974763407
12,0,19,22.0820189274448
13,0,19,22.160883280757098
13,0,19,21.45110410094637
14,0,19,20.977917981072554
14,0,19,20.031545741324923
15,0,19,18.05993690851735
16,0,19,15.694006309148264
16,0,19,13.722397476340694
8,1,19,11.593059936908515
8,1,19,5.28391167192429
9,1,19,9.779179810725552
9,1,19,13.170347003154577
9,1,19,14.511041009463725
10,1,19,15.85173501577287
10,1,19,19.085173501577287
11,1,19,20.820189274447948
12,1,19,23.34384858044164
12,1,19,25.86750788643533
13,1,19,26.261829652996845
13,1,19,26.34069400630915
13,1,19,26.182965299684543
14,1,19,26.41955835962145
15,1,19,26.10410094637224
15,1,19,24.13249211356467
15,1,19,23.58044164037855
16,1,19,21.45110410094637
7,2,19,22.160883280757098
8,2,19,5.28391167192429
8,2,19,8.832807570977918
9,2,19,10.883280757097792
9,2,19,12.618296529968454
10,2,19,14.116719242902208
10,2,19,16.009463722397477
11,2,19,19.952681388012618
11,2,19,22.2397476340694
12,2,19,26.65615141955836
12,2,19,32.018927444794954
13,2,19,37.30283911671924
13,2,19,41.798107255520506
14,2,19,51.49842271293375
14,2,19,53.78548895899053
15,2,19,52.8391167192429
15,2,19,51.41955835962145
16,2,19,48.50157728706625
7,3,19,42.90220820189275
8,3,19,4.574132492113565
8,3,19,10.804416403785488
9,3,19,16.40378548895899
9,3,19,22.160883280757098
10,3,19,33.91167192429022
10,3,19,43.69085173501577
11,3,19,47.3186119873817
11,3,19,49.60567823343849
12,3,19,51.57728706624606
12,3,19,58.20189274447949
13,3,19,52.8391167192429
13,3,19,51.34069400630915
14,3,19,49.29022082018928
14,3,19,48.34384858044164
15,3,19,45.26813880126183
15,3,19,42.90220820189275
16,3,19,38.8801261829653
8,4,19,36.0410094637224
8,4,19,7.570977917981073
9,4,19,14.668769716088327
10,4,19,20.820189274447948
10,4,19,32.49211356466877
10,4,19,36.35646687697161
11,4,19,38.722397476340696
12,4,19,40.69400630914826
12,4,19,43.29652996845426
13,4,19,45.58359621451104
13,4,19,33.4384858044164
14,4,19,36.35646687697161
14,4,19,42.74447949526814
15,4,19,43.45425867507886
15,4,19,39.43217665615142
16,4,19,36.59305993690852
16,4,19,33.59621451104101
7,5,19,31.23028391167193
8,5,19,1.3406940063091484
8,5,19,2.2082018927444795
9,5,19,5.28391167192429
9,5,19,13.801261829652995
10,5,19,32.88643533123028
10,5,19,42.74447949526814
11,5,19,46.45110410094637
12,5,19,47.94952681388013
12,5,19,55.04731861198738
12,5,19,56.70347003154574
13,5,19,40.37854889589905
13,5,19,34.14826498422713
14,5,19,41.87697160883281
14,5,19,48.50157728706625
15,5,19,45.89905362776025
15,5,19,44.08517350157729
16,5,19,44.00630914826498
7,6,19,43.61198738170347
8,6,19,0.7886435331230284
8,6,19,1.1041009463722398
9,6,19,1.2618296529968454
9,6,19,1.4195583596214512
10,6,19,2.1293375394321767
10,6,19,4.022082018927445
11,6,19,6.309148264984227
11,6,19,8.438485804416404
12,6,19,13.091482649842272
13,6,19,15.615141955835965
13,6,19,22.47634069400631
13,6,19,27.839116719242902
14,6,19,42.03470031545741
15,6,19,48.58044164037855
15,6,19,47.71293375394322
8,0,19,45.97791798107256
8,0,19,4.889589905362776
9,0,19,7.886435331230284
9,0,19,10.410094637223974
10,0,19,11.593059936908515
10,0,19,12.697160883280755
11,0,19,14.511041009463725
11,0,19,15.930599369085174
12,0,19,17.113564668769715
12,0,19,17.744479495268138
13,0,19,17.586750788643535
13,0,19,17.50788643533123
13,0,19,17.586750788643535
14,0,19,16.95583596214511
15,0,19,15.457413249211356
15,0,19,13.564668769716087
16,0,19,12.854889589905362
16,0,19,11.435331230283913
8,1,19,9.700315457413248
8,1,19,7.018927444794953
9,1,19,8.990536277602523
9,1,19,12.854889589905362
10,1,19,15.063091482649842
10,1,19,16.6403785488959
11,1,19,16.561514195583594
11,1,19,17.50788643533123
12,1,19,17.744479495268138
12,1,19,18.61198738170347
13,1,19,18.769716088328074
13,1,19,19.321766561514195
14,1,19,18.84858044164038
14,1,19,18.21766561514196
15,1,19,17.586750788643535
15,1,19,15.615141955835965
16,1,19,14.826498422712934
16,1,19,13.406940063091485
7,2,19,11.987381703470032
8,2,19,5.3627760252365935
8,2,19,9.621451104100949
9,2,19,12.697160883280755
9,2,19,14.826498422712934
10,2,19,16.561514195583594
10,2,19,17.42902208201893
11,2,19,18.29652996845426
11,2,19,18.84858044164038
12,2,19,19.16403785488959
13,2,19,19.63722397476341
13,2,19,19.558359621451103
14,2,19,19.006309148264982
14,2,19,19.085173501577287
14,2,19,19.24290220820189
15,2,19,19.006309148264982
16,2,19,17.981072555205046
16,2,19,17.744479495268138
8,3,19,16.40378548895899
8,3,19,4.889589905362776
9,3,19,7.728706624605678
9,3,19,13.012618296529968
10,3,19,14.668769716088327
10,3,19,16.482649842271293
11,3,19,16.798107255520506
11,3,19,17.744479495268138
12,3,19,18.21766561514196
12,3,19,18.690851735015773
12,3,19,19.006309148264982
13,3,19,19.321766561514195
13,3,19,19.63722397476341
14,3,19,18.61198738170347
15,3,19,18.29652996845426
15,3,19,17.19242902208202
16,3,19,16.561514195583594
16,3,19,16.561514195583594
8,4,19,15.53627760252366
8,4,19,5.520504731861199
8,4,19,8.59621451104101
9,4,19,12.145110410094638
10,4,19,13.406940063091485
10,4,19,14.116719242902208
11,4,19,15.53627760252366
11,4,19,16.246056782334385
12,4,19,16.95583596214511
12,4,19,18.21766561514196
13,4,19,17.902208201892744
13,4,19,18.05993690851735
13,4,19,17.271293375394322
14,4,19,17.42902208201893
15,4,19,17.113564668769715
15,4,19,16.876971608832807
16,4,19,16.561514195583594
16,4,19,17.42902208201893
8,5,19,17.981072555205046
8,5,19,0.8675078864353313
8,5,19,0.7886435331230284
9,5,19,0.8675078864353313
9,5,19,0.8675078864353313
10,5,19,1.5772870662460567
10,5,19,3.6277602523659302
11,5,19,5.047318611987381
12,5,19,6.072555205047319
12,5,19,7.649842271293376
13,5,19,7.570977917981073
13,5,19,8.990536277602523
13,5,19,9.779179810725552
14,5,19,9.621451104100949
15,5,19,8.911671924290221
15,5,19,8.438485804416404
16,5,19,7.255520504731861
16,5,19,5.83596214511041
8,6,19,4.2586750788643535
8,6,19,0.6309148264984227
9,6,19,0.7097791798107256
9,6,19,1.1829652996845426
10,6,19,0.946372239747634
10,6,19,1.971608832807571
10,6,19,3.7066246056782335
11,6,19,5.599369085173501
11,6,19,7.334384858044164
12,6,19,8.3596214511041
13,6,19,8.280757097791797
13,6,19,8.832807570977918
13,6,19,8.753943217665615
14,6,19,8.517350157728707
15,6,19,7.492113564668769
15,6,19,6.782334384858044
15,6,19,5.83596214511041
16,6,19,4.495268138801261
8,0,19,3.785488958990536
8,0,19,5.047318611987381
8,0,19,8.3596214511041
9,0,19,13.091482649842272
9,0,19,15.694006309148264
10,0,19,18.769716088328074
10,0,19,19.71608832807571
11,0,19,21.13564668769716
11,0,19,21.766561514195583
12,0,19,22.2397476340694
12,0,19,22.39747634069401
13,0,19,21.45110410094637
13,0,19,22.318611987381704
14,0,19,22.39747634069401
15,0,19,19.63722397476341
15,0,19,18.37539432176656
16,0,19,15.85173501577287
16,0,19,13.64353312302839
7,1,19,11.514195583596214
8,1,19,5.678233438485805
8,1,19,8.832807570977918
9,1,19,13.091482649842272
9,1,19,15.220820189274448
10,1,19,17.50788643533123
11,1,19,18.84858044164038
11,1,19,19.4794952681388
11,1,19,21.529968454258675
12,1,19,22.47634069400631
13,1,19,22.39747634069401
13,1,19,22.47634069400631
14,1,19,22.160883280757098
14,1,19,22.55520504731861
15,1,19,21.293375394321767
15,1,19,20.425867507886437
16,1,19,19.87381703470032
16,1,19,19.321766561514195
8,2,19,18.29652996845426
8,2,19,5.3627760252365935
9,2,19,7.649842271293376
9,2,19,11.908517350157728
10,2,19,14.037854889589903
10,2,19,15.53627760252366
11,2,19,16.40378548895899
11,2,19,17.271293375394322
12,2,19,18.690851735015773
12,2,19,18.61198738170347
13,2,19,18.37539432176656
13,2,19,18.37539432176656
14,2,19,18.21766561514196
14,2,19,17.665615141955836
15,2,19,16.876971608832807
15,2,19,15.694006309148264
16,2,19,15.141955835962143
16,2,19,14.116719242902208
8,3,19,10.962145110410097
8,3,19,6.151419558359621
9,3,19,11.198738170347005
9,3,19,15.85173501577287
10,3,19,18.533123028391167
10,3,19,20.662460567823345
11,3,19,22.00315457413249
11,3,19,22.71293375394322
12,3,19,23.107255520504733
12,3,19,24.44794952681388
13,3,19,23.186119873817034
13,3,19,21.766561514195583
14,3,19,21.05678233438486
14,3,19,19.87381703470032
15,3,19,17.823343848580443
15,3,19,16.7192429022082
16,3,19,15.85173501577287
16,3,19,14.274447949526811
8,4,19,12.46056782334385
8,4,19,5.205047318611987
9,4,19,7.649842271293376
9,4,19,10.56782334384858
10,4,19,11.987381703470032
10,4,19,13.406940063091485
11,4,19,14.116719242902208
11,4,19,15.53627760252366
12,4,19,16.876971608832807
12,4,19,17.350157728706623
13,4,19,17.823343848580443
13,4,19,17.744479495268138
14,4,19,17.271293375394322
14,4,19,16.95583596214511
15,4,19,15.141955835962143
15,4,19,14.274447949526811
16,4,19,13.012618296529968
16,4,19,12.302839116719245
8,5,19,10.804416403785488
8,5,19,1.3406940063091484
9,5,19,1.498422712933754
9,5,19,1.7350157728706626
10,5,19,2.2870662460567823
10,5,19,3.548895899053628
11,5,19,5.914826498422713
11,5,19,8.517350157728707
12,5,19,9.779179810725552
12,5,19,11.514195583596214
13,5,19,11.435331230283913
13,5,19,12.697160883280755
14,5,19,13.091482649842272
14,5,19,13.485804416403786
15,5,19,13.32807570977918
15,5,19,12.46056782334385
16,5,19,11.198738170347005
16,5,19,8.280757097791797
8,6,19,7.018927444794953
8,6,19,1.025236593059937
9,6,19,1.4195583596214512
9,6,19,1.498422712933754
10,6,19,2.1293375394321767
10,6,19,4.2586750788643535
11,6,19,6.545741324921136
11,6,19,8.675078864353312
12,6,19,10.094637223974765
12,6,19,10.56782334384858
13,6,19,10.488958990536275
13,6,19,10.804416403785488
14,6,19,10.331230283911673
14,6,19,10.01577287066246
15,6,19,10.094637223974765
15,6,19,8.832807570977918
16,6,19,7.570977917981073
16,6,19,5.28391167192429
8,0,19,3.864353312302839
8,0,19,5.599369085173501
9,0,19,9.305993690851736
9,0,19,12.697160883280755
10,0,19,13.32807570977918
10,0,19,14.905362776025235
11,0,19,15.772870662460567
11,0,19,16.40378548895899
12,0,19,17.113564668769715
12,0,19,18.05993690851735
13,0,19,18.21766561514196
13,0,19,17.981072555205046
14,0,19,18.13880126182965
14,0,19,17.902208201892744
15,0,19,17.586750788643535
15,0,19,17.271293375394322
16,0,19,16.009463722397477
16,0,19,13.64353312302839
7,1,19,12.381703470031546
8,1,19,5.83596214511041
8,1,19,11.35646687697161
9,1,19,14.74763406940063
9,1,19,17.42902208201893
10,1,19,19.400630914826497
11,1,19,21.845425867507885
11,1,19,23.264984227129336
11,1,19,23.264984227129336
12,1,19,23.501577287066247
12,1,19,22.949526813880126
13,1,19,22.318611987381704
14,1,19,22.318611987381704
14,1,19,22.2397476340694
15,1,19,21.45110410094637
15,1,19,20.110410094637224
15,1,19,18.454258675078865
16,1,19,17.665615141955836
8,2,19,14.589905362776026
8,2,19,7.649842271293376
9,2,19,10.883280757097792
9,2,19,15.772870662460567
10,2,19,16.561514195583594
10,2,19,17.586750788643535
11,2,19,18.84858044164038
11,2,19,19.4794952681388
12,2,19,20.50473186119874
12,2,19,21.293375394321767
13,2,19,21.68769716088328
13,2,19,22.00315457413249
14,2,19,21.529968454258675
14,2,19,21.214511041009462
15,2,19,20.34700315457413
15,2,19,19.24290220820189
16,2,19,18.13880126182965
16,2,19,16.561514195583594
8,3,19,13.249211356466876
8,3,19,7.570977917981073
9,3,19,10.173501577287066
9,3,19,14.195583596214512
9,3,19,16.246056782334385
10,3,19,17.586750788643535
11,3,19,19.085173501577287
11,3,19,20.741324921135647
12,3,19,21.214511041009462
12,3,19,21.05678233438486
13,3,19,21.293375394321767
13,3,19,21.05678233438486
14,3,19,20.34700315457413
14,3,19,18.92744479495268
14,3,19,16.324921135646687
15,3,19,14.98422712933754
15,3,19,13.722397476340694
16,3,19,11.987381703470032
8,4,19,9.779179810725552
8,4,19,5.205047318611987
9,4,19,7.807570977917981
10,4,19,12.697160883280755
10,4,19,14.668769716088327
11,4,19,15.772870662460567
11,4,19,18.05993690851735
12,4,19,19.321766561514195
12,4,19,20.110410094637224
13,4,19,20.34700315457413
13,4,19,20.031545741324923
14,4,19,19.952681388012618
14,4,19,19.400630914826497
15,4,19,18.92744479495268
15,4,19,17.50788643533123
16,4,19,16.6403785488959
16,4,19,15.930599369085174
7,5,19,14.353312302839116
8,5,19,0.0788643533123028
8,5,19,0.0788643533123028
9,5,19,0.7097791798107256
10,5,19,1.1041009463722398
10,5,19,2.444794952681388
10,5,19,3.943217665615142
11,5,19,5.28391167192429
12,5,19,7.728706624605678
12,5,19,10.725552050473189
13,5,19,11.1198738170347
13,5,19,11.514195583596214
14,5,19,11.277602523659306
14,5,19,12.066246056782337
15,5,19,11.750788643533124
15,5,19,12.77602523659306
16,5,19,14.116719242902208
16,5,19,14.589905362776026
8,6,19,15.299684542586752
8,6,19,1.4195583596214512
9,6,19,1.5772870662460567
9,6,19,1.8138801261829651
10,6,19,2.5236593059936907
10,6,19,4.889589905362776
11,6,19,7.018927444794953
11,6,19,9.069400630914826
12,6,19,11.987381703470032
12,6,19,17.350157728706623
13,6,19,22.79179810725552
13,6,19,29.652996845425868
14,6,19,34.38485804416404
14,6,19,47.47634069400631
15,6,19,56.62460567823344
15,6,19,66.7981072555205
16,6,19,66.08832807570978
16,6,19,62.61829652996845
8,0,19,60.48895899053628
8,0,19,6.782334384858044
9,0,19,8.990536277602523
9,0,19,11.829652996845423
10,0,19,13.485804416403786
10,0,19,15.220820189274448
11,0,19,15.772870662460567
11,0,19,17.19242902208202
11,0,19,17.744479495268138
12,0,19,18.37539432176656
12,0,19,19.085173501577287
13,0,19,19.63722397476341
14,0,19,19.4794952681388
14,0,19,19.71608832807571
14,0,19,19.400630914826497
15,0,19,18.37539432176656
15,0,19,17.034700315457414
16,0,19,16.324921135646687
7,1,19,13.958990536277602
8,1,19,5.441640378548896
9,1,19,9.542586750788644
9,1,19,14.826498422712934
10,1,19,16.6403785488959
10,1,19,18.29652996845426
11,1,19,18.29652996845426
11,1,19,19.321766561514195
12,1,19,19.63722397476341
12,1,19,19.952681388012618
12,1,19,19.87381703470032
13,1,19,20.031545741324923
13,1,19,19.63722397476341
14,1,19,18.454258675078865
14,1,19,17.50788643533123
15,1,19,16.08832807570978
15,1,19,14.353312302839116
16,1,19,12.854889589905362
8,2,19,9.542586750788644
8,2,19,5.205047318611987
8,2,19,8.04416403785489
9,2,19,11.514195583596214
10,2,19,13.801261829652995
10,2,19,14.98422712933754
11,2,19,15.930599369085174
11,2,19,16.561514195583594
11,2,19,16.7192429022082
12,2,19,17.19242902208202
13,2,19,17.42902208201893
13,2,19,17.271293375394322
13,2,19,17.665615141955836
14,2,19,18.05993690851735
15,2,19,17.350157728706623
15,2,19,16.009463722397477
16,2,19,15.378548895899051
16,2,19,13.958990536277602
8,3,19,12.066246056782337
8,3,19,5.520504731861199
9,3,19,8.280757097791797
9,3,19,12.53943217665615
10,3,19,15.378548895899051
10,3,19,15.457413249211356
11,3,19,16.009463722397477
11,3,19,16.167192429022084
12,3,19,16.246056782334385
12,3,19,16.6403785488959
13,3,19,16.561514195583594
13,3,19,16.482649842271293
13,3,19,16.324921135646687
14,3,19,16.009463722397477
14,3,19,15.063091482649842
15,3,19,14.589905362776026
15,3,19,13.801261829652995
16,3,19,13.012618296529968
8,4,19,10.488958990536275
9,4,19,5.914826498422713
9,4,19,11.987381703470032
10,4,19,13.722397476340694
10,4,19,14.668769716088327
11,4,19,16.009463722397477
11,4,19,17.823343848580443
12,4,19,18.29652996845426
12,4,19,18.533123028391167
13,4,19,17.19242902208202
13,4,19,16.561514195583594
14,4,19,16.167192429022084
14,4,19,16.40378548895899
15,4,19,15.694006309148264
15,4,19,14.43217665615142
16,4,19,14.353312302839116
16,4,19,13.801261829652995
8,5,19,11.67192429022082
8,5,19,2.050473186119874
9,5,19,3.548895899053628
9,5,19,4.337539432176656
10,5,19,4.652996845425868
10,5,19,4.889589905362776
11,5,19,6.782334384858044
11,5,19,8.3596214511041
12,5,19,9.700315457413248
12,5,19,12.46056782334385
13,5,19,13.32807570977918
13,5,19,14.511041009463725
14,5,19,14.116719242902208
14,5,19,15.53627760252366
15,5,19,16.876971608832807
15,5,19,17.665615141955836
16,5,19,18.37539432176656
16,5,19,20.50473186119874
8,6,19,22.00315457413249
8,6,19,0.7886435331230284
9,6,19,1.025236593059937
9,6,19,1.5772870662460567
10,6,19,2.444794952681388
10,6,19,3.785488958990536
11,6,19,6.072555205047319
11,6,19,10.804416403785488
12,6,19,15.141955835962143
12,6,19,20.18927444794953
13,6,19,26.97160883280757
13,6,19,35.01577287066246
14,6,19,39.66876971608833
14,6,19,42.27129337539432
15,6,19,41.24605678233439
15,6,19,39.82649842271293
16,6,19,38.64353312302839
16,6,19,36.90851735015773
8,0,19,34.46372239747634
8,0,19,5.678233438485805
9,0,19,9.14826498422713
9,0,19,12.697160883280755
10,0,19,13.958990536277602
10,0,19,15.615141955835965
11,0,19,16.876971608832807
11,0,19,17.034700315457414
12,0,19,18.533123028391167
12,0,19,18.690851735015773
13,0,19,18.690851735015773
13,0,19,18.769716088328074
14,0,19,18.454258675078865
14,0,19,17.744479495268138
15,0,19,17.271293375394322
15,0,19,16.08832807570978
16,0,19,14.511041009463725
16,0,19,12.854889589905362
7,1,19,10.646687697160884
8,1,19,3.785488958990536
9,1,19,7.649842271293376
9,1,19,11.67192429022082
10,1,19,14.74763406940063
10,1,19,17.665615141955836
11,1,19,18.84858044164038
11,1,19,20.26813880126183
11,1,19,20.899053627760253
12,1,19,21.608832807570977
13,1,19,20.899053627760253
13,1,19,19.71608832807571
14,1,19,19.321766561514195
14,1,19,18.769716088328074
14,1,19,18.13880126182965
15,1,19,16.798107255520506
16,1,19,16.009463722397477
16,1,19,14.195583596214512
8,2,19,12.618296529968454
8,2,19,6.861198738170347
9,2,19,9.779179810725552
9,2,19,14.353312302839116
10,2,19,17.034700315457414
10,2,19,18.533123028391167
10,2,19,20.425867507886437
11,2,19,21.214511041009462
12,2,19,21.37223974763407
12,2,19,21.68769716088328
13,2,19,21.45110410094637
13,2,19,20.820189274447948
14,2,19,21.293375394321767
14,2,19,20.50473186119874
15,2,19,20.031545741324923
15,2,19,18.769716088328074
16,2,19,16.798107255520506
16,2,19,16.08832807570978
8,3,19,16.009463722397477
8,3,19,5.28391167192429
8,3,19,7.570977917981073
9,3,19,10.883280757097792
9,3,19,12.933753943217663
10,3,19,16.246056782334385
10,3,19,16.876971608832807
11,3,19,18.05993690851735
11,3,19,19.006309148264982
12,3,19,20.031545741324923
12,3,19,19.87381703470032
13,3,19,20.031545741324923
13,3,19,19.4794952681388
14,3,19,18.61198738170347
14,3,19,17.981072555205046
15,3,19,16.482649842271293
15,3,19,15.299684542586752
16,3,19,13.564668769716087
7,4,19,11.277602523659306
8,4,19,6.466876971608833
9,4,19,9.700315457413248
9,4,19,12.302839116719245
10,4,19,13.249211356466876
10,4,19,14.74763406940063
11,4,19,15.220820189274448
11,4,19,16.167192429022084
12,4,19,17.42902208201893
12,4,19,18.92744479495268
12,4,19,18.769716088328074
13,4,19,19.400630914826497
13,4,19,19.558359621451103
14,4,19,19.87381703470032
14,4,19,19.400630914826497
15,4,19,19.321766561514195
15,4,19,19.006309148264982
16,4,19,18.84858044164038
8,0,19,20.26813880126183
8,0,19,5.205047318611987
9,0,19,7.413249211356467
9,0,19,10.962145110410097
10,0,19,13.722397476340694
10,0,19,15.694006309148264
11,0,19,16.798107255520506
11,0,19,18.05993690851735
11,0,19,18.92744479495268
12,0,19,19.87381703470032
13,0,19,19.952681388012618
13,0,19,19.321766561514195
14,0,19,18.84858044164038
14,0,19,17.902208201892744
15,0,19,16.6403785488959
15,0,19,15.378548895899051
16,0,19,13.406940063091485
16,0,19,12.302839116719245
7,1,19,10.883280757097792
8,1,19,5.757097791798107
8,1,19,8.675078864353312
9,1,19,12.77602523659306
10,1,19,14.98422712933754
10,1,19,17.350157728706623
11,1,19,18.13880126182965
11,1,19,18.21766561514196
11,1,19,18.84858044164038
12,1,19,19.321766561514195
12,1,19,19.558359621451103
13,1,19,19.79495268138801
14,1,19,19.400630914826497
14,1,19,18.533123028391167
15,1,19,18.21766561514196
15,1,19,16.95583596214511
16,1,19,16.167192429022084
16,1,19,14.274447949526811
7,2,19,12.46056782334385
8,2,19,6.466876971608833
8,2,19,9.542586750788644
9,2,19,12.53943217665615
9,2,19,14.353312302839116
10,2,19,16.167192429022084
10,2,19,17.19242902208202
11,2,19,18.61198738170347
11,2,19,19.4794952681388
12,2,19,20.34700315457413
12,2,19,20.741324921135647
13,2,19,20.899053627760253
13,2,19,20.58359621451104
14,2,19,19.87381703470032
14,2,19,19.79495268138801
15,2,19,19.085173501577287
15,2,19,19.085173501577287
16,2,19,18.690851735015773
7,3,19,19.63722397476341
8,3,19,5.757097791798107
8,3,19,8.3596214511041
9,3,19,11.908517350157728
9,3,19,13.170347003154577
10,3,19,14.43217665615142
10,3,19,15.615141955835965
11,3,19,16.876971608832807
11,3,19,18.29652996845426
12,3,19,19.085173501577287
12,3,19,18.92744479495268
13,3,19,19.24290220820189
13,3,19,19.085173501577287
14,3,19,18.37539432176656
14,3,19,17.823343848580443
15,3,19,17.981072555205046
15,3,19,17.50788643533123
16,3,19,16.798107255520506
8,0,19,16.246056782334385
8,0,19,5.126182965299685
9,0,19,7.334384858044164
9,0,19,10.804416403785488
10,0,19,11.67192429022082
10,0,19,13.485804416403786
11,0,19,14.905362776025235
11,0,19,15.772870662460567
11,0,19,16.246056782334385
12,0,19,16.95583596214511
12,0,19,16.876971608832807
13,0,19,16.95583596214511
14,0,19,16.798107255520506
14,0,19,16.798107255520506
14,0,19,15.85173501577287
15,0,19,14.826498422712934
15,0,19,13.485804416403786
16,0,19,12.145110410094638
8,6,20,0.0
8,6,20,4.375
9,6,20,8.333333333333334
9,6,20,13.541666666666666
10,6,20,14.791666666666666
10,6,20,16.875
11,6,20,16.458333333333332
11,6,20,17.291666666666668
12,6,20,17.708333333333332
12,6,20,18.75
13,6,20,18.33333333333333
13,6,20,14.583333333333334
14,6,20,11.458333333333334
14,6,20,1.4583333333333333
15,6,20,0.0
15,6,20,0.2083333333333333
8,1,20,0.0
8,1,20,4.375
9,1,20,4.166666666666667
9,1,20,5.833333333333333
10,1,20,7.5
10,1,20,9.791666666666666
11,1,20,10.208333333333334
11,1,20,9.791666666666666
12,1,20,9.166666666666666
12,1,20,8.333333333333334
13,1,20,8.541666666666666
13,1,20,7.291666666666667
13,1,20,5.0
14,1,20,3.75
15,1,20,3.5416666666666665
15,1,20,3.9583333333333335
16,1,20,1.875
8,4,20,0.0
8,4,20,2.708333333333333
9,4,20,3.333333333333333
10,4,20,8.125
10,4,20,12.708333333333334
10,4,20,14.583333333333334
11,4,20,13.541666666666666
12,4,20,12.708333333333334
12,4,20,12.5
13,4,20,12.708333333333334
14,4,20,1.25
14,4,20,4.583333333333333
15,4,20,5.625
7,5,20,2.5
8,5,20,0.4166666666666667
8,5,20,0.0
9,5,20,0.0
9,5,20,4.166666666666667
10,5,20,19.166666666666668
10,5,20,23.541666666666668
11,5,20,24.166666666666668
12,5,20,23.541666666666668
12,5,20,25.0
13,5,20,25.416666666666668
13,5,20,1.4583333333333333
14,5,20,4.791666666666667
14,5,20,8.333333333333334
15,5,20,5.0
15,5,20,2.708333333333333
7,6,20,1.4583333333333333
8,6,20,0.625
8,6,20,0.4166666666666667
9,6,20,0.2083333333333333
9,6,20,0.2083333333333333
10,6,20,0.0
10,6,20,0.2083333333333333
11,6,20,0.2083333333333333
11,6,20,0.2083333333333333
12,6,20,0.2083333333333333
13,6,20,1.4583333333333333
13,6,20,5.625
13,6,20,11.041666666666666
14,6,20,21.45833333333333
15,6,20,23.95833333333333
15,6,20,23.125
8,0,20,21.875
8,0,20,2.083333333333333
8,0,20,3.333333333333333
9,0,20,6.458333333333333
9,0,20,8.125
10,0,20,11.458333333333334
10,0,20,12.708333333333334
11,0,20,13.333333333333334
11,0,20,12.708333333333334
12,0,20,11.666666666666666
12,0,20,11.25
13,0,20,8.958333333333334
13,0,20,9.583333333333334
14,0,20,9.583333333333334
15,0,20,6.458333333333333
15,0,20,6.041666666666667
16,0,20,3.125
16,0,20,0.0
8,3,20,0.0
8,3,20,3.9583333333333335
9,3,20,5.833333333333333
9,3,20,8.958333333333334
10,3,20,11.25
10,3,20,13.75
11,3,20,14.166666666666666
11,3,20,12.5
12,3,20,11.458333333333334
12,3,20,11.458333333333334
13,3,20,9.583333333333334
13,3,20,6.875
14,3,20,5.416666666666667
14,3,20,2.9166666666666665
15,3,20,0.2083333333333333
15,3,20,0.0
16,3,20,0.0
8,6,20,0.2083333333333333
8,6,20,1.0416666666666667
9,6,20,1.25
9,6,20,0.8333333333333334
10,6,20,1.0416666666666667
10,6,20,1.6666666666666667
11,6,20,1.4583333333333333
11,6,20,0.4166666666666667
12,6,20,0.2083333333333333
12,6,20,1.875
13,6,20,2.2916666666666665
13,6,20,3.75
14,6,20,6.666666666666667
14,6,20,16.875
15,6,20,24.166666666666668
15,6,20,31.45833333333333
16,6,20,30.416666666666668
16,6,20,26.666666666666668
8,2,20,24.58333333333333
8,2,20,2.9166666666666665
9,2,20,3.75
9,2,20,5.416666666666667
10,2,20,7.916666666666667
10,2,20,9.166666666666666
10,2,20,11.25
11,2,20,11.041666666666666
12,2,20,9.791666666666666
12,2,20,8.958333333333334
13,2,20,8.541666666666666
13,2,20,5.416666666666667
14,2,20,6.041666666666667
14,2,20,4.583333333333333
15,2,20,3.9583333333333335
16,2,20,2.708333333333333
7,1,21,0.0
8,1,21,8.248730964467006
8,1,21,12.182741116751268
9,1,21,19.41624365482233
9,1,21,24.111675126903556
10,1,21,26.14213197969543
10,1,21,27.79187817258883
11,1,21,28.934010152284262
11,1,21,29.695431472081214
12,1,21,30.96446700507614
13,1,21,32.10659898477157
13,1,21,31.97969543147208
14,1,21,31.218274111675125
14,1,21,30.456852791878173
14,1,21,29.695431472081214
15,1,21,27.79187817258883
16,1,21,27.411167512690355
16,1,21,23.98477157360406
7,2,21,20.431472081218278
8,2,21,9.771573604060912
9,2,21,14.847715736040607
9,2,21,20.685279187817255
10,2,21,22.715736040609137
10,2,21,24.746192893401016
11,2,21,26.01522842639594
11,2,21,29.06091370558376
12,2,21,29.695431472081214
12,2,21,30.456852791878173
12,2,21,30.456852791878173
13,2,21,30.83756345177665
13,2,21,30.076142131979694
14,2,21,29.18781725888325
14,2,21,26.522842639593907
15,2,21,24.238578680203045
16,2,21,22.081218274111677
16,2,21,20.304568527918786
7,3,21,16.624365482233504
8,3,21,7.48730964467005
8,3,21,12.944162436548224
9,3,21,18.527918781725887
10,3,21,21.95431472081218
10,3,21,25.38071065989848
10,3,21,26.14213197969543
11,3,21,27.538071065989847
12,3,21,29.06091370558376
12,3,21,30.71065989847716
12,3,21,31.091370558375637
13,3,21,31.34517766497462
13,3,21,30.583756345177665
14,3,21,29.695431472081214
15,3,21,28.04568527918782
15,3,21,26.395939086294412
16,3,21,25.634517766497463
16,3,21,21.95431472081218
8,4,21,19.03553299492386
8,4,21,8.756345177664974
9,4,21,12.817258883248732
9,4,21,19.41624365482233
9,4,21,21.446700507614214
10,4,21,22.588832487309645
10,4,21,25.12690355329949
11,4,21,26.522842639593907
12,4,21,27.284263959390863
12,4,21,28.2994923857868
13,4,21,28.17258883248731
13,4,21,28.42639593908629
14,4,21,27.66497461928934
14,4,21,25.761421319796955
15,4,21,23.604060913705585
15,4,21,21.7005076142132
15,4,21,20.93908629441624
16,4,21,19.41624365482233
7,5,21,16.243654822335024
8,5,21,2.66497461928934
8,5,21,3.172588832487309
9,5,21,4.822335025380711
10,5,21,5.83756345177665
10,5,21,8.121827411167512
10,5,21,10.532994923857869
11,5,21,14.34010152284264
12,5,21,17.385786802030456
12,5,21,20.17766497461929
13,5,21,21.7005076142132
13,5,21,23.85786802030457
14,5,21,25.38071065989848
14,5,21,27.411167512690355
14,5,21,27.411167512690355
15,5,21,28.80710659898477
16,5,21,27.538071065989847
16,5,21,27.79187817258883
8,6,21,26.903553299492387
8,6,21,1.1421319796954317
9,6,21,1.269035532994924
9,6,21,1.5228426395939083
9,6,21,2.538071065989848
10,6,21,3.553299492385787
11,6,21,6.598984771573604
11,6,21,10.279187817258885
11,6,21,13.83248730964467
12,6,21,15.98984771573604
13,6,21,17.385786802030456
13,6,21,17.766497461928935
14,6,21,17.00507614213198
14,6,21,16.116751269035532
15,6,21,16.243654822335024
15,6,21,14.213197969543147
16,6,21,12.817258883248732
16,6,21,9.771573604060912
8,0,21,7.614213197969543
8,0,21,9.137055837563452
9,0,21,13.3248730964467
9,0,21,17.893401015228427
10,0,21,20.17766497461929
10,0,21,22.081218274111677
10,0,21,24.111675126903556
11,0,21,25.12690355329949
11,0,21,26.269035532994923
12,0,21,27.15736040609137
13,0,21,27.66497461928934
13,0,21,26.6497461928934
14,0,21,26.522842639593907
14,0,21,27.411167512690355
14,0,21,26.01522842639594
15,0,21,23.73096446700508
15,0,21,22.96954314720812
16,0,21,21.82741116751269
8,1,21,18.908629441624367
8,1,21,9.137055837563452
8,1,21,13.705583756345176
9,1,21,19.03553299492386
9,1,21,22.33502538071066
10,1,21,23.604060913705585
10,1,21,24.365482233502537
11,1,21,26.14213197969543
12,1,21,26.6497461928934
12,1,21,27.284263959390863
13,1,21,27.284263959390863
13,1,21,27.15736040609137
14,1,21,27.03045685279188
14,1,21,25.253807106598984
15,1,21,24.873096446700508
15,1,21,23.096446700507613
16,1,21,22.081218274111677
16,1,21,19.79695431472081
8,2,21,17.893401015228427
8,2,21,9.898477157360404
9,2,21,14.720812182741115
9,2,21,21.95431472081218
10,2,21,23.85786802030457
10,2,21,24.873096446700508
11,2,21,26.14213197969543
11,2,21,27.79187817258883
12,2,21,29.06091370558376
12,2,21,30.96446700507614
13,2,21,31.218274111675125
13,2,21,30.83756345177665
14,2,21,30.71065989847716
14,2,21,31.091370558375637
15,2,21,29.441624365482237
15,2,21,29.441624365482237
15,2,21,28.934010152284262
16,2,21,28.04568527918782
7,3,21,26.269035532994923
8,3,21,8.375634517766498
9,3,21,15.736040609137056
9,3,21,21.573604060913706
9,3,21,23.98477157360406
10,3,21,26.01522842639594
11,3,21,27.918781725888326
11,3,21,29.695431472081214
11,3,21,29.82233502538071
12,3,21,30.71065989847716
13,3,21,30.96446700507614
13,3,21,32.48730964467005
13,3,21,32.74111675126903
14,3,21,32.36040609137056
15,3,21,30.456852791878173
15,3,21,29.695431472081214
16,3,21,27.79187817258883
16,3,21,24.365482233502537
8,4,21,21.573604060913706
8,4,21,11.6751269035533
9,4,21,16.878172588832488
9,4,21,27.15736040609137
10,4,21,33.50253807106599
10,4,21,38.45177664974619
11,4,21,41.6243654822335
11,4,21,45.81218274111675
12,4,21,47.46192893401015
12,4,21,48.73096446700507
13,4,21,48.60406091370558
13,4,21,49.61928934010152
14,4,21,47.46192893401015
14,4,21,45.431472081218274
15,4,21,41.49746192893401
15,4,21,37.94416243654823
16,4,21,30.456852791878173
16,4,21,23.604060913705585
8,5,21,20.81218274111675
8,5,21,2.918781725888325
9,5,21,3.172588832487309
9,5,21,3.6802030456852792
10,5,21,4.441624365482234
10,5,21,6.091370558375634
11,5,21,9.01015228426396
11,5,21,12.309644670050762
12,5,21,14.720812182741115
12,5,21,17.385786802030456
13,5,21,18.908629441624367
13,5,21,21.95431472081218
14,5,21,24.111675126903556
14,5,21,24.746192893401016
15,5,21,24.111675126903556
15,5,21,22.96954314720812
16,5,21,20.93908629441624
16,5,21,19.67005076142132
8,6,21,17.639593908629443
8,6,21,3.934010152284264
9,6,21,6.218274111675127
9,6,21,8.248730964467006
10,6,21,13.3248730964467
10,6,21,18.65482233502538
11,6,21,20.81218274111675
11,6,21,22.96954314720812
12,6,21,25.38071065989848
12,6,21,29.56852791878173
13,6,21,30.076142131979694
13,6,21,30.71065989847716
14,6,21,28.17258883248731
14,6,21,23.85786802030457
15,6,21,20.0507614213198
15,6,21,18.02030456852792
15,6,21,15.48223350253807
16,6,21,13.3248730964467
8,0,21,9.898477157360404
8,0,21,9.771573604060912
9,0,21,13.959390862944163
9,0,21,19.923857868020303
10,0,21,21.95431472081218
10,0,21,23.98477157360406
11,0,21,25.888324873096447
11,0,21,28.80710659898477
12,0,21,31.598984771573605
12,0,21,34.263959390862944
12,0,21,36.6751269035533
13,0,21,36.92893401015228
14,0,21,37.055837563451774
14,0,21,36.80203045685279
14,0,21,36.92893401015228
15,0,21,36.42131979695432
15,0,21,36.54822335025381
16,0,21,39.59390862944162
8,1,21,40.98984771573604
8,1,21,8.629441624365482
9,1,21,12.055837563451776
9,1,21,18.781725888324875
10,1,21,22.461928934010157
10,1,21,24.365482233502537
11,1,21,26.269035532994923
11,1,21,29.18781725888325
12,1,21,32.10659898477157
12,1,21,34.263959390862944
13,1,21,35.91370558375635
13,1,21,36.6751269035533
13,1,21,37.43654822335025
14,1,21,38.07106598984772
15,1,21,37.56345177664975
15,1,21,37.18274111675127
15,1,21,36.92893401015228
16,1,21,37.18274111675127
8,2,21,38.45177664974619
8,2,21,9.263959390862944
8,2,21,12.309644670050762
9,2,21,18.781725888324875
9,2,21,22.081218274111677
10,2,21,23.98477157360406
10,2,21,25.761421319796955
11,2,21,28.553299492385783
11,2,21,31.472081218274116
12,2,21,33.12182741116752
12,2,21,33.756345177664976
13,2,21,34.39086294416244
13,2,21,34.01015228426396
14,2,21,32.994923857868024
14,2,21,32.10659898477157
15,2,21,31.85279187817259
15,2,21,30.456852791878173
16,2,21,29.314720812182745
7,5,21,27.538071065989847
8,5,21,2.030456852791878
8,5,21,2.1573604060913705
9,5,21,2.7918781725888326
9,5,21,3.807106598984772
10,5,21,5.964467005076142
10,5,21,7.868020304568528
11,5,21,10.532994923857869
11,5,21,14.34010152284264
12,5,21,17.385786802030456
12,5,21,21.065989847715738
13,5,21,23.477157360406093
13,5,21,25.38071065989848
14,5,21,26.395939086294412
14,5,21,26.14213197969543
15,5,21,26.522842639593907
15,5,21,26.6497461928934
16,5,21,27.538071065989847
7,6,21,28.68020304568528
8,6,21,1.5228426395939083
8,6,21,1.649746192893401
9,6,21,2.1573604060913705
9,6,21,3.045685279187817
10,6,21,5.32994923857868
10,6,21,8.756345177664974
11,6,21,13.578680203045684
11,6,21,15.98984771573604
12,6,21,19.543147208121827
13,6,21,21.446700507614214
13,6,21,24.365482233502537
13,6,21,23.477157360406093
14,6,21,21.31979695431472
14,6,21,20.55837563451777
15,6,21,18.274111675126903
15,6,21,16.497461928934012
16,6,21,14.720812182741115
7,0,21,12.436548223350254
8,0,21,7.48730964467005
9,0,21,13.3248730964467
9,0,21,17.385786802030456
9,0,21,18.908629441624367
10,0,21,21.19289340101523
11,0,21,24.873096446700508
11,0,21,28.553299492385783
12,0,21,31.472081218274116
12,0,21,33.756345177664976
12,0,21,35.27918781725889
13,0,21,35.53299492385787
13,0,21,34.51776649746193
14,0,21,33.756345177664976
14,0,21,31.85279187817259
15,0,21,29.06091370558376
16,0,21,25.253807106598984
16,0,21,22.081218274111677
8,1,21,18.781725888324875
8,1,21,6.598984771573604
9,1,21,12.944162436548224
9,1,21,18.02030456852792
9,1,21,20.0507614213198
10,1,21,22.33502538071066
10,1,21,27.03045685279188
11,1,21,30.32994923857868
12,1,21,35.786802030456855
12,1,21,39.9746192893401
13,1,21,41.37055837563452
13,1,21,42.38578680203046
13,1,21,42.13197969543148
14,1,21,42.63959390862944
15,1,21,41.75126903553299
15,1,21,38.578680203045685
15,1,21,37.94416243654823
16,1,21,34.51776649746193
7,2,21,35.53299492385787
8,2,21,7.614213197969543
8,2,21,13.3248730964467
9,2,21,16.751269035532996
9,2,21,18.908629441624367
10,2,21,21.19289340101523
10,2,21,24.873096446700508
11,2,21,31.34517766497462
11,2,21,35.40609137055838
12,2,21,41.75126903553299
12,2,21,50.38071065989848
13,2,21,58.756345177664976
13,2,21,65.48223350253807
14,2,21,75.63451776649747
14,2,21,77.53807106598985
15,2,21,76.6497461928934
15,2,21,76.6497461928934
16,2,21,74.36548223350253
7,3,21,69.67005076142132
8,3,21,6.979695431472082
8,3,21,16.370558375634516
9,3,21,25.12690355329949
9,3,21,32.36040609137056
10,3,21,47.46192893401015
10,3,21,62.055837563451774
11,3,21,68.02030456852792
11,3,21,72.46192893401015
12,3,21,76.01522842639594
12,3,21,86.80203045685279
13,3,21,85.40609137055837
13,3,21,81.47208121827411
14,3,21,78.1725888324873
14,3,21,78.04568527918782
15,3,21,73.09644670050761
15,3,21,69.03553299492386
16,3,21,62.56345177664975
8,4,21,57.99492385786802
8,4,21,10.532994923857869
9,4,21,21.573604060913706
10,4,21,28.553299492385783
10,4,21,44.54314720812183
10,4,21,49.61928934010152
11,4,21,54.06091370558376
12,4,21,57.74111675126903
12,4,21,62.055837563451774
13,4,21,65.60913705583756
13,4,21,54.82233502538071
14,4,21,57.74111675126903
14,4,21,65.98984771573605
15,4,21,66.49746192893402
15,4,21,61.92893401015228
16,4,21,59.01015228426396
16,4,21,54.568527918781726
7,5,21,50.38071065989848
8,5,21,1.9035532994923856
8,5,21,3.553299492385787
9,5,21,8.50253807106599
9,5,21,19.67005076142132
10,5,21,41.243654822335024
10,5,21,54.44162436548224
11,5,21,60.025380710659896
12,5,21,62.81725888324873
12,5,21,73.3502538071066
12,5,21,75.76142131979695
13,5,21,65.22842639593908
13,5,21,54.06091370558376
14,5,21,64.46700507614213
14,5,21,72.96954314720813
15,5,21,70.81218274111676
15,5,21,69.28934010152284
16,5,21,69.9238578680203
7,6,21,70.30456852791878
8,6,21,0.8883248730964467
8,6,21,1.5228426395939083
9,6,21,1.9035532994923856
9,6,21,2.1573604060913705
10,6,21,3.4263959390862944
10,6,21,6.345177664974619
11,6,21,10.0253807106599
11,6,21,13.451776649746192
12,6,21,20.93908629441624
13,6,21,24.238578680203045
13,6,21,32.74111675126903
13,6,21,38.07106598984772
14,6,21,54.568527918781726
15,6,21,63.578680203045685
15,6,21,62.69035532994924
8,0,21,60.65989847715736
8,0,21,6.472081218274112
9,0,21,10.786802030456853
9,0,21,15.98984771573604
10,0,21,18.274111675126903
10,0,21,20.431472081218278
11,0,21,22.715736040609137
11,0,21,24.873096446700508
12,0,21,26.903553299492387
12,0,21,28.42639593908629
13,0,21,28.42639593908629
13,0,21,28.04568527918782
13,0,21,28.2994923857868
14,0,21,27.15736040609137
15,0,21,24.873096446700508
15,0,21,21.82741116751269
16,0,21,20.685279187817255
16,0,21,18.527918781725887
8,1,21,15.609137055837564
8,1,21,9.51776649746193
9,1,21,13.197969543147208
9,1,21,19.41624365482233
10,1,21,23.223350253807105
10,1,21,25.761421319796955
11,1,21,26.6497461928934
11,1,21,28.04568527918782
12,1,21,28.42639593908629
12,1,21,29.9492385786802
13,1,21,30.20304568527919
13,1,21,30.96446700507614
14,1,21,30.20304568527919
14,1,21,29.314720812182745
15,1,21,28.2994923857868
15,1,21,25.253807106598984
16,1,21,23.85786802030457
16,1,21,21.573604060913706
7,2,21,19.41624365482233
8,2,21,7.48730964467005
8,2,21,13.451776649746192
9,2,21,18.274111675126903
9,2,21,22.081218274111677
10,2,21,23.85786802030457
10,2,21,25.634517766497463
11,2,21,26.395939086294412
11,2,21,27.411167512690355
12,2,21,28.42639593908629
13,2,21,29.314720812182745
13,2,21,30.96446700507614
14,2,21,30.583756345177665
14,2,21,30.71065989847716
14,2,21,30.83756345177665
15,2,21,30.583756345177665
16,2,21,29.18781725888325
16,2,21,28.553299492385783
8,3,21,26.77664974619289
8,3,21,7.3604060913705585
9,3,21,11.548223350253808
9,3,21,18.401015228426395
10,3,21,20.685279187817255
10,3,21,22.715736040609137
11,3,21,23.223350253807105
11,3,21,24.619289340101524
12,3,21,26.01522842639594
12,3,21,27.66497461928934
12,3,21,28.2994923857868
13,3,21,28.934010152284262
13,3,21,30.076142131979694
14,3,21,29.06091370558376
15,3,21,29.06091370558376
15,3,21,27.411167512690355
16,3,21,26.6497461928934
16,3,21,26.522842639593907
8,4,21,25.0
8,4,21,7.868020304568528
8,4,21,12.309644670050762
9,4,21,17.766497461928935
10,4,21,19.16243654822335
10,4,21,19.923857868020303
11,4,21,21.573604060913706
11,4,21,23.604060913705585
12,4,21,25.0
12,4,21,27.03045685279188
13,4,21,27.03045685279188
13,4,21,27.918781725888326
13,4,21,27.79187817258883
14,4,21,27.918781725888326
15,4,21,27.66497461928934
15,4,21,27.03045685279188
16,4,21,26.77664974619289
16,4,21,28.04568527918782
8,5,21,28.934010152284262
8,5,21,0.6345177664974619
8,5,21,0.5076142131979695
9,5,21,0.7614213197969543
9,5,21,0.8883248730964467
10,5,21,2.284263959390863
10,5,21,4.568527918781726
11,5,21,6.979695431472082
12,5,21,8.756345177664974
12,5,21,11.928934010152284
13,5,21,12.182741116751268
13,5,21,14.467005076142131
13,5,21,15.736040609137056
14,5,21,15.48223350253807
15,5,21,14.467005076142131
15,5,21,13.197969543147208
16,5,21,11.294416243654824
16,5,21,9.263959390862944
8,6,21,6.852791878172589
8,6,21,0.7614213197969543
9,6,21,0.7614213197969543
9,6,21,1.015228426395939
10,6,21,1.015228426395939
10,6,21,2.66497461928934
10,6,21,5.203045685279188
11,6,21,8.121827411167512
11,6,21,10.786802030456853
12,6,21,12.944162436548224
13,6,21,13.3248730964467
13,6,21,13.451776649746192
13,6,21,13.83248730964467
14,6,21,13.451776649746192
15,6,21,12.055837563451776
15,6,21,10.913705583756345
15,6,21,9.390862944162436
16,6,21,7.614213197969543
8,0,21,6.091370558375634
8,0,21,6.852791878172589
8,0,21,11.421319796954316
9,0,21,17.131979695431472
9,0,21,20.304568527918786
10,0,21,23.223350253807105
10,0,21,23.98477157360406
11,0,21,25.888324873096447
11,0,21,27.284263959390863
12,0,21,28.68020304568528
12,0,21,29.18781725888325
13,0,21,29.06091370558376
13,0,21,30.076142131979694
14,0,21,30.20304568527919
15,0,21,27.66497461928934
15,0,21,25.888324873096447
16,0,21,23.604060913705585
16,0,21,21.95431472081218
7,1,21,18.527918781725887
8,1,21,8.629441624365482
8,1,21,13.197969543147208
9,1,21,19.79695431472081
9,1,21,23.096446700507613
10,1,21,26.6497461928934
11,1,21,28.17258883248731
11,1,21,29.82233502538071
11,1,21,32.36040609137056
12,1,21,34.39086294416244
13,1,21,35.15228426395939
13,1,21,35.40609137055838
14,1,21,35.65989847715736
14,1,21,36.04060913705584
15,1,21,34.263959390862944
15,1,21,33.24873096446701
16,1,21,31.85279187817259
16,1,21,31.091370558375637
8,2,21,29.9492385786802
8,2,21,6.725888324873097
9,2,21,10.532994923857869
9,2,21,17.131979695431472
10,2,21,20.55837563451777
10,2,21,22.588832487309645
11,2,21,23.98477157360406
11,2,21,25.761421319796955
12,2,21,27.66497461928934
12,2,21,28.68020304568528
13,2,21,28.553299492385783
13,2,21,29.56852791878173
14,2,21,29.18781725888325
14,2,21,28.2994923857868
15,2,21,27.15736040609137
15,2,21,25.12690355329949
16,2,21,24.365482233502537
16,2,21,22.84263959390863
8,3,21,17.893401015228427
8,3,21,7.48730964467005
9,3,21,14.467005076142131
9,3,21,20.0507614213198
10,3,21,22.96954314720812
10,3,21,24.873096446700508
11,3,21,26.77664974619289
11,3,21,28.934010152284262
12,3,21,30.20304568527919
12,3,21,32.36040609137056
13,3,21,31.472081218274116
13,3,21,30.83756345177665
14,3,21,30.583756345177665
14,3,21,30.20304568527919
15,3,21,28.553299492385783
15,3,21,26.903553299492387
16,3,21,25.507614213197968
16,3,21,23.3502538071066
8,4,21,19.923857868020303
8,4,21,6.725888324873097
9,4,21,10.913705583756345
9,4,21,16.624365482233504
10,4,21,18.781725888324875
10,4,21,20.431472081218278
11,4,21,21.446700507614214
11,4,21,23.73096446700508
12,4,21,26.14213197969543
12,4,21,27.538071065989847
13,4,21,28.68020304568528
13,4,21,28.553299492385783
14,4,21,27.79187817258883
14,4,21,27.411167512690355
15,4,21,24.492385786802032
15,4,21,22.96954314720812
16,4,21,21.065989847715738
16,4,21,20.0507614213198
8,5,21,17.385786802030456
8,5,21,1.269035532994924
9,5,21,1.5228426395939083
9,5,21,1.649746192893401
10,5,21,2.284263959390863
10,5,21,3.934010152284264
11,5,21,6.725888324873097
11,5,21,11.040609137055837
12,5,21,13.197969543147208
12,5,21,15.98984771573604
13,5,21,17.385786802030456
13,5,21,19.41624365482233
14,5,21,19.79695431472081
14,5,21,21.446700507614214
15,5,21,21.446700507614214
15,5,21,20.0507614213198
16,5,21,18.02030456852792
16,5,21,13.197969543147208
8,6,21,11.294416243654824
8,6,21,1.015228426395939
9,6,21,1.5228426395939083
9,6,21,1.649746192893401
10,6,21,2.7918781725888326
10,6,21,5.583756345177665
11,6,21,8.629441624365482
11,6,21,11.6751269035533
12,6,21,13.578680203045684
12,6,21,15.609137055837564
13,6,21,17.131979695431472
13,6,21,17.385786802030456
14,6,21,16.370558375634516
14,6,21,16.116751269035532
15,6,21,16.370558375634516
15,6,21,14.213197969543147
16,6,21,12.182741116751268
16,6,21,8.50253807106599
8,0,21,6.218274111675127
8,0,21,8.756345177664974
9,0,21,14.720812182741115
9,0,21,19.543147208121827
10,0,21,21.446700507614214
10,0,21,23.3502538071066
11,0,21,24.492385786802032
11,0,21,26.269035532994923
12,0,21,27.538071065989847
12,0,21,28.934010152284262
13,0,21,29.06091370558376
13,0,21,29.18781725888325
14,0,21,29.18781725888325
14,0,21,28.80710659898477
15,0,21,28.2994923857868
15,0,21,27.66497461928934
16,0,21,25.888324873096447
16,0,21,22.461928934010157
7,1,21,20.0507614213198
8,1,21,9.137055837563452
8,1,21,16.624365482233504
9,1,21,22.20812182741117
9,1,21,26.522842639593907
10,1,21,29.314720812182745
11,1,21,32.868020304568525
11,1,21,35.025380710659896
11,1,21,35.786802030456855
12,1,21,36.42131979695432
12,1,21,36.16751269035533
13,1,21,35.91370558375635
14,1,21,35.91370558375635
14,1,21,35.786802030456855
15,1,21,34.51776649746193
15,1,21,32.233502538071065
15,1,21,29.82233502538071
16,1,21,28.68020304568528
8,2,21,23.85786802030457
8,2,21,11.040609137055837
9,2,21,16.243654822335024
9,2,21,23.85786802030457
10,2,21,26.01522842639594
10,2,21,27.918781725888326
11,2,21,29.82233502538071
11,2,21,31.472081218274116
12,2,21,33.3756345177665
12,2,21,34.263959390862944
13,2,21,35.025380710659896
13,2,21,35.40609137055838
14,2,21,34.64467005076142
14,2,21,34.13705583756345
15,2,21,32.74111675126903
15,2,21,31.091370558375637
16,2,21,29.18781725888325
16,2,21,26.903553299492387
8,3,21,21.31979695431472
8,3,21,11.294416243654824
9,3,21,15.228426395939088
9,3,21,22.20812182741117
9,3,21,24.619289340101524
10,3,21,26.77664974619289
11,3,21,28.934010152284262
11,3,21,31.472081218274116
12,3,21,33.12182741116752
12,3,21,33.756345177664976
13,3,21,34.263959390862944
13,3,21,33.88324873096447
14,3,21,32.61421319796954
14,3,21,30.456852791878173
14,3,21,26.395939086294412
15,3,21,23.98477157360406
15,3,21,22.081218274111677
16,3,21,19.289340101522843
8,4,21,16.116751269035532
8,4,21,6.852791878172589
9,4,21,11.294416243654824
10,4,21,18.401015228426395
10,4,21,20.55837563451777
11,4,21,22.715736040609137
11,4,21,25.634517766497463
12,4,21,28.2994923857868
12,4,21,29.18781725888325
13,4,21,30.583756345177665
13,4,21,30.456852791878173
14,4,21,31.85279187817259
14,4,21,30.96446700507614
15,4,21,30.32994923857868
15,4,21,28.17258883248731
16,4,21,26.77664974619289
16,4,21,25.761421319796955
7,5,21,23.3502538071066
8,5,21,0.1269035532994923
8,5,21,0.1269035532994923
9,5,21,0.8883248730964467
10,5,21,1.5228426395939083
10,5,21,3.299492385786802
10,5,21,6.345177664974619
11,5,21,8.248730964467006
12,5,21,12.436548223350254
12,5,21,16.751269035532996
13,5,21,18.02030456852792
13,5,21,18.274111675126903
14,5,21,18.401015228426395
14,5,21,19.03553299492386
15,5,21,18.65482233502538
15,5,21,20.304568527918786
16,5,21,22.715736040609137
16,5,21,23.604060913705585
8,6,21,23.477157360406093
8,6,21,1.649746192893401
9,6,21,1.7766497461928934
9,6,21,2.411167512690356
10,6,21,3.4263959390862944
10,6,21,6.852791878172589
11,6,21,10.406091370558377
11,6,21,14.34010152284264
12,6,21,19.16243654822335
12,6,21,26.77664974619289
13,6,21,35.27918781725889
13,6,21,45.431472081218274
14,6,21,51.26903553299493
14,6,21,66.11675126903553
15,6,21,76.39593908629442
15,6,21,88.3248730964467
16,6,21,87.81725888324873
16,6,21,84.51776649746193
8,0,21,82.36040609137056
8,0,21,8.121827411167512
9,0,21,12.436548223350254
9,0,21,17.512690355329948
10,0,21,20.0507614213198
10,0,21,22.588832487309645
11,0,21,24.111675126903556
11,0,21,26.14213197969543
11,0,21,27.79187817258883
12,0,21,29.56852791878173
12,0,21,30.583756345177665
13,0,21,31.598984771573605
14,0,21,31.34517766497462
14,0,21,31.725888324873097
14,0,21,31.218274111675125
15,0,21,29.56852791878173
15,0,21,27.411167512690355
16,0,21,26.269035532994923
7,1,21,22.461928934010157
8,1,21,7.741116751269035
9,1,21,13.83248730964467
9,1,21,20.685279187817255
10,1,21,23.73096446700508
10,1,21,26.395939086294412
11,1,21,26.77664974619289
11,1,21,29.441624365482237
12,1,21,30.96446700507614
12,1,21,32.233502538071065
12,1,21,31.85279187817259
13,1,21,32.10659898477157
13,1,21,31.218274111675125
14,1,21,29.695431472081214
14,1,21,28.2994923857868
15,1,21,26.14213197969543
15,1,21,23.096446700507613
16,1,21,21.19289340101523
8,2,21,15.609137055837564
8,2,21,8.50253807106599
8,2,21,12.690355329949238
9,2,21,18.527918781725887
10,2,21,21.7005076142132
10,2,21,23.98477157360406
11,2,21,25.38071065989848
11,2,21,26.6497461928934
11,2,21,26.903553299492387
12,2,21,27.66497461928934
13,2,21,28.04568527918782
13,2,21,27.66497461928934
13,2,21,28.2994923857868
14,2,21,29.18781725888325
15,2,21,27.79187817258883
15,2,21,25.761421319796955
16,2,21,24.746192893401016
16,2,21,22.461928934010157
8,3,21,19.543147208121827
8,3,21,8.375634517766498
9,3,21,12.436548223350254
9,3,21,19.543147208121827
10,3,21,22.20812182741117
10,3,21,23.223350253807105
11,3,21,23.73096446700508
11,3,21,25.0
12,3,21,25.761421319796955
12,3,21,26.6497461928934
13,3,21,26.522842639593907
13,3,21,26.522842639593907
13,3,21,26.14213197969543
14,3,21,25.761421319796955
14,3,21,24.238578680203045
15,3,21,23.604060913705585
15,3,21,22.461928934010157
16,3,21,20.93908629441624
8,4,21,17.00507614213198
9,4,21,7.741116751269035
9,4,21,16.624365482233504
10,4,21,18.14720812182741
10,4,21,19.41624365482233
11,4,21,21.31979695431472
11,4,21,25.0
12,4,21,26.01522842639594
12,4,21,27.03045685279188
13,4,21,26.395939086294412
13,4,21,26.14213197969543
14,4,21,26.01522842639594
14,4,21,26.395939086294412
15,4,21,25.253807106598984
15,4,21,23.223350253807105
16,4,21,23.604060913705585
16,4,21,22.20812182741117
8,5,21,18.781725888324875
8,5,21,3.045685279187817
9,5,21,3.934010152284264
9,5,21,4.314720812182741
10,5,21,5.076142131979696
10,5,21,6.598984771573604
11,5,21,9.771573604060912
11,5,21,11.928934010152284
12,5,21,14.213197969543147
12,5,21,18.02030456852792
13,5,21,19.79695431472081
13,5,21,21.7005076142132
14,5,21,22.33502538071066
14,5,21,24.492385786802032
15,5,21,27.15736040609137
15,5,21,28.17258883248731
16,5,21,29.9492385786802
16,5,21,32.868020304568525
8,6,21,35.786802030456855
8,6,21,1.269035532994924
9,6,21,1.5228426395939083
9,6,21,2.030456852791878
10,6,21,3.299492385786802
10,6,21,5.964467005076142
11,6,21,9.771573604060912
11,6,21,16.624365482233504
12,6,21,24.365482233502537
12,6,21,30.71065989847716
13,6,21,39.08629441624365
13,6,21,52.28426395939086
14,6,21,59.8984771573604
14,6,21,63.3248730964467
15,6,21,62.81725888324873
15,6,21,61.42131979695432
16,6,21,60.15228426395939
16,6,21,57.74111675126903
8,0,21,54.568527918781726
8,0,21,8.50253807106599
9,0,21,13.83248730964467
9,0,21,19.41624365482233
10,0,21,21.446700507614214
10,0,21,23.604060913705585
11,0,21,25.38071065989848
11,0,21,26.77664974619289
12,0,21,28.68020304568528
12,0,21,29.695431472081214
13,0,21,30.076142131979694
13,0,21,30.20304568527919
14,0,21,29.441624365482237
14,0,21,28.68020304568528
15,0,21,27.918781725888326
15,0,21,25.888324873096447
16,0,21,23.3502538071066
16,0,21,20.685279187817255
7,1,21,17.258883248730964
8,1,21,6.091370558375634
9,1,21,12.309644670050762
9,1,21,18.527918781725887
10,1,21,21.95431472081218
10,1,21,25.507614213197968
11,1,21,26.6497461928934
11,1,21,28.2994923857868
11,1,21,29.441624365482237
12,1,21,30.32994923857868
13,1,21,30.71065989847716
13,1,21,30.076142131979694
14,1,21,30.32994923857868
14,1,21,30.20304568527919
14,1,21,29.18781725888325
15,1,21,27.284263959390863
16,1,21,25.634517766497463
16,1,21,22.96954314720812
8,2,21,20.431472081218278
8,2,21,9.263959390862944
9,2,21,13.451776649746192
9,2,21,19.79695431472081
10,2,21,22.588832487309645
10,2,21,24.238578680203045
10,2,21,26.01522842639594
11,2,21,27.411167512690355
12,2,21,28.42639593908629
12,2,21,29.441624365482237
13,2,21,29.314720812182745
13,2,21,30.20304568527919
14,2,21,30.583756345177665
14,2,21,30.20304568527919
15,2,21,29.82233502538071
15,2,21,28.553299492385783
16,2,21,27.15736040609137
16,2,21,26.14213197969543
8,3,21,25.634517766497463
8,3,21,8.50253807106599
8,3,21,11.548223350253808
9,3,21,17.385786802030456
9,3,21,19.67005076142132
10,3,21,23.98477157360406
10,3,21,26.01522842639594
11,3,21,28.80710659898477
11,3,21,30.32994923857868
12,3,21,32.233502538071065
12,3,21,32.10659898477157
13,3,21,32.10659898477157
13,3,21,31.34517766497462
14,3,21,29.82233502538071
14,3,21,28.68020304568528
15,3,21,26.522842639593907
15,3,21,24.619289340101524
16,3,21,21.82741116751269
7,4,21,18.781725888324875
8,4,21,8.756345177664974
9,4,21,13.578680203045684
9,4,21,18.781725888324875
10,4,21,20.431472081218278
10,4,21,22.461928934010157
11,4,21,23.85786802030457
11,4,21,26.01522842639594
12,4,21,28.2994923857868
12,4,21,30.20304568527919
12,4,21,30.32994923857868
13,4,21,31.218274111675125
13,4,21,31.34517766497462
14,4,21,32.10659898477157
14,4,21,31.218274111675125
15,4,21,31.34517766497462
15,4,21,30.96446700507614
16,4,21,30.583756345177665
8,0,21,32.61421319796954
8,0,21,6.345177664974619
9,0,21,10.152284263959393
9,0,21,15.35532994923858
10,0,21,18.908629441624367
10,0,21,21.573604060913706
11,0,21,23.096446700507613
11,0,21,25.0
11,0,21,26.522842639593907
12,0,21,28.04568527918782
13,0,21,28.80710659898477
13,0,21,28.2994923857868
14,0,21,28.2994923857868
14,0,21,27.411167512690355
15,0,21,26.77664974619289
15,0,21,24.746192893401016
16,0,21,21.573604060913706
16,0,21,19.79695431472081
7,1,21,17.512690355329948
8,1,21,8.248730964467006
8,1,21,13.578680203045684
9,1,21,18.781725888324875
10,1,21,22.84263959390863
10,1,21,26.269035532994923
11,1,21,27.538071065989847
11,1,21,28.2994923857868
11,1,21,29.695431472081214
12,1,21,30.96446700507614
12,1,21,31.472081218274116
13,1,21,31.725888324873097
14,1,21,31.218274111675125
14,1,21,29.9492385786802
15,1,21,29.314720812182745
15,1,21,27.284263959390863
16,1,21,26.269035532994923
16,1,21,22.84263959390863
7,2,21,20.304568527918786
8,2,21,9.64467005076142
8,2,21,13.83248730964467
9,2,21,18.908629441624367
9,2,21,22.715736040609137
10,2,21,25.761421319796955
10,2,21,27.15736040609137
11,2,21,29.18781725888325
11,2,21,31.34517766497462
12,2,21,32.61421319796954
12,2,21,33.3756345177665
13,2,21,33.629441624365484
13,2,21,33.24873096446701
14,2,21,31.97969543147208
14,2,21,32.10659898477157
15,2,21,30.71065989847716
15,2,21,30.71065989847716
16,2,21,29.9492385786802
7,3,21,31.598984771573605
8,3,21,7.99492385786802
8,3,21,11.928934010152284
9,3,21,16.751269035532996
9,3,21,18.274111675126903
10,3,21,20.304568527918786
10,3,21,22.081218274111677
11,3,21,23.98477157360406
11,3,21,26.14213197969543
12,3,21,27.66497461928934
12,3,21,28.04568527918782
13,3,21,29.18781725888325
13,3,21,29.314720812182745
14,3,21,28.2994923857868
14,3,21,28.68020304568528
15,3,21,28.934010152284262
15,3,21,28.17258883248731
16,3,21,27.03045685279188
8,0,21,26.269035532994923
8,0,21,7.614213197969543
9,0,21,11.548223350253808
9,0,21,17.131979695431472
10,0,21,18.781725888324875
10,0,21,21.065989847715738
11,0,21,23.096446700507613
11,0,21,24.492385786802032
11,0,21,25.38071065989848
12,0,21,26.903553299492387
12,0,21,27.284263959390863
13,0,21,27.15736040609137
14,0,21,27.03045685279188
14,0,21,27.15736040609137
14,0,21,25.38071065989848
15,0,21,23.85786802030457
15,0,21,21.82741116751269
16,0,21,19.543147208121827
7,1,22,0.0
8,1,22,35.29118964659035
8,1,22,38.8252862120458
9,1,22,43.00647088103534
9,1,22,49.97511199601792
10,1,22,56.84420109507217
10,1,22,61.97112991538079
11,1,22,67.89447486311597
11,1,22,70.88103534096565
12,1,22,73.17073170731707
13,1,22,73.86759581881533
13,1,22,72.72274763563962
14,1,22,72.6231956197113
14,1,22,72.27476356396217
14,1,22,70.681931309109
15,1,22,66.99850671976108
16,1,22,64.11149825783973
16,1,22,58.4868093578895
7,2,22,54.20607267297163
8,2,22,36.58536585365854
9,2,22,40.66699850671976
9,2,22,47.23743155798905
10,2,22,54.25584868093579
10,2,22,62.02090592334495
11,2,22,66.65007466401195
11,2,22,70.23394723743156
12,2,22,71.47834743653559
12,2,22,72.6231956197113
12,2,22,73.2702837232454
13,2,22,74.1662518666003
13,2,22,72.77252364360378
14,2,22,72.32453957192634
14,2,22,70.38327526132404
15,2,22,67.44649079143852
16,2,22,62.86709805873569
16,2,22,59.63165754106521
7,3,22,54.60428073668492
8,3,22,37.829766052762565
8,3,22,42.45893479342957
9,3,22,46.7894474863116
10,3,22,52.51368840219014
10,3,22,58.23792931806869
10,3,22,62.76754604280737
11,3,22,65.45545047287207
12,3,22,67.84469885515182
12,3,22,69.93529118964659
12,3,22,71.47834743653559
13,3,22,68.93977103036336
13,3,22,67.89447486311597
14,3,22,67.84469885515182
15,3,22,65.00746640119462
15,3,22,63.115978098556496
16,3,22,60.477849676455946
16,3,22,57.59084121453459
8,4,22,54.80338476854156
8,4,22,40.46789447486312
9,4,22,43.35490293678447
9,4,22,49.27824788451967
9,4,22,52.86212045793928
10,4,22,57.09308113489298
10,4,22,60.87605774016924
11,4,22,62.96665007466401
12,4,22,64.70881035340966
12,4,22,67.54604280736685
13,4,22,67.7451468392235
13,4,22,67.9940268790443
14,4,22,66.55052264808363
14,4,22,65.25634644101542
15,4,22,63.91239422598308
15,4,22,60.82628173220508
15,4,22,58.93479342956695
16,4,22,55.05226480836237
7,5,22,53.06122448979592
8,5,22,34.39522150323544
8,5,22,35.390741662518664
9,5,22,37.680438028870086
10,5,22,40.91587854654057
10,5,22,44.35042309606769
10,5,22,46.29168740666999
11,5,22,47.536087605774014
12,5,22,49.12891986062718
12,5,22,52.11548033847686
13,5,22,54.95271279243405
13,5,22,59.78098556495769
14,5,22,62.56844201095072
14,5,22,66.55052264808363
14,5,22,69.08909905425585
15,5,22,69.03932304629168
16,5,22,70.73170731707317
16,5,22,69.33797909407666
8,6,22,66.55052264808363
8,6,22,31.806869089099056
9,6,22,31.906421105027377
9,6,22,32.55350920856147
9,6,22,33.49925335988054
10,6,22,33.30014932802389
11,6,22,34.84320557491289
11,6,22,37.58088601294176
11,6,22,40.41811846689895
12,6,22,42.1602787456446
13,6,22,44.94773519163763
13,6,22,47.08810353409657
14,6,22,48.680935788949725
14,6,22,51.4186162269786
15,6,22,51.56794425087108
15,6,22,52.065704330512695
16,6,22,50.62220009955202
16,6,22,48.18317570930812
8,0,22,45.34594325535092
8,0,22,27.3768043802887
9,0,22,31.30910900945744
9,0,22,37.38178198108512
10,0,22,42.85714285714285
10,0,22,48.92981582877053
10,0,22,53.31010452961672
11,0,22,55.35092085614734
11,0,22,57.34196117471379
12,0,22,58.63613738178198
13,0,22,59.930313588850176
13,0,22,61.62269785963166
14,0,22,61.52314584370333
14,0,22,60.42807366849178
14,0,22,59.18367346938776
15,0,22,57.44151319064211
15,0,22,54.25584868093579
16,0,22,52.11548033847686
8,1,22,48.48183175709308
8,1,22,37.63066202090592
8,1,22,40.66699850671976
9,1,22,44.599303135888505
9,1,22,51.96615231458437
10,1,22,58.68591338974614
10,1,22,64.85813837730214
11,1,22,68.14335490293678
12,1,22,70.08461921353907
12,1,22,72.32453957192634
13,1,22,72.6231956197113
13,1,22,73.36983573917372
14,1,22,73.1209556993529
14,1,22,72.77252364360378
15,1,22,70.53260328521652
15,1,22,68.69089099054256
16,1,22,64.50970632155301
16,1,22,60.77650572424091
8,2,22,56.545545047287206
8,2,22,38.8252862120458
9,2,22,41.612742658038826
9,2,22,46.34146341463415
10,2,22,50.970632155301146
10,2,22,57.292185166749626
11,2,22,62.22000995520159
11,2,22,64.36037829766053
12,2,22,66.60029865604778
12,2,22,68.4917869586859
13,2,22,69.88551518168244
13,2,22,71.22946739671478
14,2,22,69.83573917371827
14,2,22,68.14335490293678
15,2,22,66.4509706321553
15,2,22,64.41015430562469
15,2,22,61.27426580388253
16,2,22,58.93479342956695
7,3,22,53.50920856147337
8,3,22,35.68939771030363
9,3,22,38.924838227974114
9,3,22,43.35490293678447
9,3,22,46.39123942259831
10,3,22,52.36436037829766
11,3,22,57.98904927824788
11,3,22,61.572921851667495
11,3,22,64.36037829766053
12,3,22,66.40119462419113
13,3,22,67.44649079143852
13,3,22,68.4917869586859
13,3,22,68.29268292682927
14,3,22,68.2429069188651
15,3,22,67.34693877551021
15,3,22,64.11149825783973
16,3,22,62.31956197112992
16,3,22,59.98008959681434
8,4,22,56.396217023394726
8,4,22,34.79342956694873
9,4,22,37.87954206072673
9,4,22,42.70781483325037
10,4,22,47.536087605774014
10,4,22,52.36436037829766
11,4,22,54.853160776505725
11,4,22,57.24240915878546
12,4,22,59.3827775012444
12,4,22,60.97560975609756
13,4,22,61.37381781981085
13,4,22,62.12045793927327
14,4,22,62.717770034843205
14,4,22,62.07068193130911
15,4,22,60.6769537083126
15,4,22,58.93479342956695
16,4,22,56.0477849676456
16,4,22,52.16525634644101
8,5,22,49.079143852663016
8,5,22,30.164260826281733
9,5,22,31.408661025385765
9,5,22,33.99701343952215
10,5,22,37.829766052762565
10,5,22,43.55400696864111
11,5,22,45.74415131906421
11,5,22,47.4365355898457
12,5,22,49.77600796416127
12,5,22,52.86212045793928
13,5,22,55.89845694375311
13,5,22,59.28322548531608
14,5,22,63.96217023394724
14,5,22,67.59581881533101
15,5,22,69.73618715778994
15,5,22,70.33349925335988
16,5,22,70.33349925335988
16,5,22,69.78596316575411
8,6,22,67.84469885515182
8,6,22,34.29566948730712
9,6,22,37.13290194126431
9,6,22,46.88899950223992
10,6,22,55.30114484818318
10,6,22,59.23344947735192
11,6,22,60.079641612742655
11,6,22,60.6769537083126
12,6,22,64.75858636137382
12,6,22,68.34245893479343
13,6,22,70.08461921353907
13,6,22,72.12543554006969
14,6,22,69.88551518168244
14,6,22,67.19761075161772
15,6,22,63.96217023394724
15,6,22,60.87605774016924
15,6,22,56.2966650074664
16,6,22,53.01144848183176
8,0,22,47.58586361373818
8,0,22,30.11448481831757
9,0,22,33.001493280238925
9,0,22,37.2822299651568
10,0,22,42.45893479342957
10,0,22,48.83026381284221
11,0,22,53.31010452961672
11,0,22,57.04330512692882
12,0,22,59.23344947735192
12,0,22,60.12941762070682
12,0,22,60.72672971627676
13,0,22,62.07068193130911
14,0,22,62.66799402687904
14,0,22,63.16575410652066
14,0,22,61.62269785963166
15,0,22,60.17919362867098
15,0,22,58.4868093578895
16,0,22,55.94823295171727
8,1,22,52.41413638626182
8,1,22,37.97909407665505
9,1,22,41.31408661025386
9,1,22,45.94325535092086
10,1,22,51.36884021901444
10,1,22,58.88501742160279
11,1,22,63.812842210054754
11,1,22,67.29716276754604
12,1,22,68.09357889497262
12,1,22,69.13887506222001
13,1,22,69.5370831259333
13,1,22,70.38327526132404
13,1,22,70.33349925335988
14,1,22,69.28820308611249
15,1,22,67.59581881533101
15,1,22,64.75858636137382
15,1,22,62.76754604280737
16,1,22,61.27426580388253
8,2,22,55.15181682429069
8,2,22,38.67595818815331
8,2,22,40.66699850671976
9,2,22,45.29616724738676
9,2,22,52.21503235440517
10,2,22,58.53658536585366
10,2,22,63.31508213041314
11,2,22,67.14783474365356
11,2,22,68.14335490293678
12,2,22,69.18865107018416
12,2,22,70.4330512692882
13,2,22,71.97610751617721
13,2,22,72.12543554006969
14,2,22,71.92633150821304
14,2,22,69.28820308611249
15,2,22,67.49626679940269
15,2,22,62.26978596316575
16,2,22,59.3827775012444
7,5,22,55.94823295171727
8,5,22,27.078148332503734
8,5,22,27.72523643603783
9,5,22,29.965156794425088
9,5,22,32.80238924838228
10,5,22,35.83872573419612
10,5,22,38.07864609258338
11,5,22,41.66251866600299
11,5,22,45.59482329517173
12,5,22,48.73071179691389
12,5,22,54.30562468889995
13,5,22,58.88501742160279
13,5,22,63.51418616226979
14,5,22,64.70881035340966
14,5,22,67.39671478347437
15,5,22,67.54604280736685
15,5,22,67.84469885515182
16,5,22,67.69537083125934
7,6,22,65.00746640119462
8,6,22,31.806869089099056
8,6,22,32.055749128919864
9,6,22,33.30014932802389
9,6,22,33.69835739173718
10,6,22,35.3409656545545
10,6,22,36.884021901443504
11,6,22,41.16475858636137
11,6,22,42.906918865107016
12,6,22,46.29168740666999
13,6,22,49.42757590841215
13,6,22,55.69935291189647
13,6,22,59.3827775012444
14,6,22,63.812842210054754
14,6,22,65.85365853658537
15,6,22,67.69537083125934
15,6,22,65.40567446490792
16,6,22,60.62717770034843
7,0,22,54.65405674464908
8,0,22,28.47187655550025
9,0,22,32.9019412643106
9,0,22,38.576406172224985
9,0,22,40.76655052264808
10,0,22,44.250871080139376
11,0,22,47.6854156296665
11,0,22,50.82130413140866
12,0,22,52.46391239422599
12,0,22,55.64957690393231
12,0,22,57.1926331508213
13,0,22,59.930313588850176
13,0,22,60.0298656047785
14,0,22,60.2787456445993
14,0,22,58.88501742160279
15,0,22,58.78546540567447
16,0,22,55.89845694375311
16,0,22,53.210552513688405
8,1,22,47.934295669487305
8,1,22,33.69835739173718
9,1,22,36.43603782976605
9,1,22,41.81184668989547
9,1,22,45.893479342956695
10,1,22,51.866600298656046
10,1,22,54.95271279243405
11,1,22,57.69039323046292
12,1,22,62.17023394723744
12,1,22,65.45545047287207
13,1,22,66.50074664011946
13,1,22,67.89447486311597
13,1,22,68.6411149825784
14,1,22,68.93977103036336
15,1,22,69.18865107018416
15,1,22,68.04380288700847
15,1,22,64.70881035340966
16,1,22,61.62269785963166
7,2,22,56.19711299153808
8,2,22,34.79342956694873
8,2,22,39.27327028372324
9,2,22,44.400199104031856
9,2,22,49.72623195619711
10,2,22,55.35092085614734
10,2,22,59.33300149328024
11,2,22,62.51866600298656
11,2,22,63.96217023394724
12,2,22,64.85813837730214
12,2,22,66.55052264808363
13,2,22,69.43753111000498
13,2,22,71.57789945246391
14,2,22,71.37879542060726
14,2,22,70.5823792931807
15,2,22,70.28372324539572
15,2,22,68.2429069188651
16,2,22,63.76306620209059
7,3,22,58.18815331010453
8,3,22,36.83424589347934
8,3,22,41.762070681931306
9,3,22,45.84370333499253
9,3,22,49.42757590841215
10,3,22,53.359880537580885
10,3,22,55.55002488800398
11,3,22,61.12493777999004
11,3,22,63.71329019412643
12,3,22,66.74962667994026
12,3,22,68.69089099054256
13,3,22,72.22498755599801
13,3,22,73.22050771528123
14,3,22,73.71826779492285
14,3,22,73.07117969138875
15,3,22,72.07565953210552
15,3,22,69.73618715778994
16,3,22,64.60925833748134
8,4,22,60.57740169238427
8,4,22,36.03782976605276
9,4,22,40.866102538576406
10,4,22,45.44549527127924
10,4,22,49.32802389248382
10,4,22,52.26480836236934
11,4,22,55.45047287207566
12,4,22,58.63613738178198
12,4,22,60.72672971627676
13,4,22,63.265306122448976
13,4,22,66.89895470383276
14,4,22,68.44201095072175
14,4,22,68.4917869586859
15,4,22,68.59133897461423
15,4,22,67.94425087108014
16,4,22,63.66351418616227
16,4,22,59.73120955699353
7,5,22,55.400696864111495
8,5,22,33.20059731209557
8,5,22,33.549029367844696
9,5,22,35.93827775012444
9,5,22,38.52663016426083
10,5,22,42.65803882528621
10,5,22,47.58586361373818
11,5,22,51.91637630662021
12,5,22,53.95719263315082
12,5,22,59.43255350920856
12,5,22,60.2787456445993
13,5,22,63.01642608262817
13,5,22,64.75858636137382
14,5,22,68.19313091090095
14,5,22,71.87655550024888
15,5,22,74.56445993031359
15,5,22,73.91737182677949
16,5,22,71.77700348432056
7,6,22,71.27924340467895
8,6,22,36.03782976605276
8,6,22,36.187157789945246
9,6,22,36.33648581383773
9,6,22,36.884021901443504
10,6,22,37.13290194126431
10,6,22,37.77999004479841
11,6,22,38.8252862120458
11,6,22,42.1602787456446
12,6,22,45.19661523145844
13,6,22,47.187655550024886
13,6,22,51.02040816326531
13,6,22,51.91637630662021
14,6,22,53.60876057740169
15,6,22,55.10204081632653
15,6,22,55.35092085614734
8,0,22,52.86212045793928
8,0,22,32.055749128919864
9,0,22,35.0920856147337
9,0,22,41.06520657043305
10,0,22,45.84370333499253
10,0,22,51.31906421105028
11,0,22,54.106520657043305
11,0,22,55.89845694375311
12,0,22,57.34196117471379
12,0,22,60.0298656047785
13,0,22,60.57740169238427
13,0,22,62.4688899950224
13,0,22,62.717770034843205
14,0,22,62.12045793927327
15,0,22,61.67247386759582
15,0,22,59.73120955699353
16,0,22,55.94823295171727
16,0,22,52.51368840219014
8,1,22,48.63115978098556
8,1,22,30.612244897959183
9,1,22,33.20059731209557
9,1,22,38.37730214036834
10,1,22,43.25535092085615
10,1,22,50.7715281234445
11,1,22,55.15181682429069
11,1,22,59.63165754106521
12,1,22,61.37381781981085
12,1,22,63.71329019412643
13,1,22,64.11149825783973
13,1,22,65.40567446490792
14,1,22,64.75858636137382
14,1,22,64.36037829766053
15,1,22,62.07068193130911
15,1,22,59.930313588850176
16,1,22,57.8397212543554
16,1,22,54.70383275261324
7,2,22,49.72623195619711
8,2,22,32.35440517670483
8,2,22,35.58984569437531
9,2,22,38.87506222000996
9,2,22,46.54056744649079
10,2,22,51.717272274763566
10,2,22,56.99352911896466
11,2,22,59.78098556495769
11,2,22,63.3648581383773
12,2,22,64.06172224987556
13,2,22,64.85813837730214
13,2,22,67.44649079143852
14,2,22,66.89895470383276
14,2,22,68.44201095072175
14,2,22,67.69537083125934
15,2,22,65.60477849676455
16,2,22,61.32404181184669
16,2,22,56.34644101543056
8,3,22,52.66301642608263
8,3,22,36.83424589347934
9,3,22,40.81632653061224
9,3,22,46.64011946241912
10,3,22,50.52264808362369
10,3,22,57.292185166749626
11,3,22,60.57740169238427
11,3,22,65.10701841712294
12,3,22,66.4509706321553
12,3,22,68.34245893479343
12,3,22,69.88551518168244
13,3,22,62.61821801891488
13,3,22,64.26082628173221
14,3,22,64.21105027376804
15,3,22,62.02090592334495
15,3,22,59.930313588850176
16,3,22,56.396217023394726
16,3,22,51.96615231458437
8,4,22,50.07466401194624
8,4,22,32.055749128919864
8,4,22,34.4449975111996
9,4,22,39.173718267794925
10,4,22,43.7033349925336
10,4,22,48.48183175709308
11,4,22,51.46839223494276
11,4,22,54.45495271279243
12,4,22,56.744649079143855
12,4,22,58.038825286212045
13,4,22,58.038825286212045
13,4,22,59.28322548531608
13,4,22,59.532105525136885
14,4,22,60.87605774016924
15,4,22,58.038825286212045
15,4,22,54.30562468889995
16,4,22,49.92533598805376
16,4,22,46.59034345445495
8,5,22,43.90243902439025
8,5,22,23.79293180686909
8,5,22,24.58934793429567
9,5,22,26.879044300647088
9,5,22,29.31806869089099
10,5,22,33.001493280238925
10,5,22,36.03782976605276
11,5,22,38.07864609258338
12,5,22,41.5131906421105
12,5,22,48.531607765057245
13,5,22,50.92085614733698
13,5,22,54.60428073668492
13,5,22,60.87605774016924
14,5,22,64.0119462419114
15,5,22,65.10701841712294
15,5,22,66.00298656047785
16,5,22,66.84917869586859
16,5,22,65.90343454454953
8,6,22,62.26978596316575
8,6,22,29.36784469885515
9,6,22,29.61672473867596
9,6,22,29.66650074664012
10,6,22,30.164260826281733
10,6,22,31.110004977600795
10,6,22,32.75261324041812
11,6,22,35.88850174216028
11,6,22,38.924838227974114
12,6,22,42.1602787456446
13,6,22,43.35490293678447
13,6,22,50.67197610751618
13,6,22,52.26480836236934
14,6,22,55.400696864111495
15,6,22,57.59084121453459
15,6,22,58.08860129417621
15,6,22,56.24688899950224
16,6,22,53.01144848183176
8,0,22,48.23295171727227
8,0,22,27.02837232453957
8,0,22,29.965156794425088
9,0,22,35.988053758088604
9,0,22,41.56296665007466
10,0,22,46.44101543056247
10,0,22,52.9616724738676
11,0,22,56.34644101543056
11,0,22,58.18815331010453
12,0,22,60.2787456445993
12,0,22,60.87605774016924
13,0,22,60.62717770034843
13,0,22,61.37381781981085
14,0,22,61.72224987555998
15,0,22,59.63165754106521
15,0,22,57.640617222498754
16,0,22,55.05226480836237
16,0,22,52.16525634644101
7,1,22,48.282727725236434
8,1,22,36.535589845694375
8,1,22,39.22349427575909
9,1,22,43.50423096067696
9,1,22,48.78048780487805
10,1,22,56.69487307117969
11,1,22,62.76754604280737
11,1,22,66.74962667994026
11,1,22,68.69089099054256
12,1,22,70.4330512692882
13,1,22,70.98058735689398
13,1,22,73.46938775510205
14,1,22,73.61871577899453
14,1,22,73.61871577899453
15,1,22,71.37879542060726
15,1,22,70.03484320557492
16,1,22,65.05724240915879
16,1,22,61.423593827775015
8,2,22,54.45495271279243
8,2,22,37.680438028870086
9,2,22,40.26879044300647
9,2,22,44.250871080139376
10,2,22,51.02040816326531
10,2,22,55.79890492782479
11,2,22,60.42807366849178
11,2,22,64.85813837730214
12,2,22,67.69537083125934
12,2,22,70.13439522150324
13,2,22,72.32453957192634
13,2,22,73.81781981085118
14,2,22,74.06669985067198
14,2,22,73.2702837232454
15,2,22,72.8720756595321
15,2,22,71.67745146839223
16,2,22,68.04380288700847
16,2,22,64.45993031358886
8,3,22,59.03434544549527
8,3,22,37.680438028870086
9,3,22,42.11050273768044
9,3,22,45.59482329517173
10,3,22,49.6266799402688
10,3,22,56.64509706321553
11,3,22,60.62717770034843
11,3,22,64.31060228969636
12,3,22,66.79940268790443
12,3,22,69.38775510204081
13,3,22,72.32453957192634
13,3,22,64.11149825783973
14,3,22,65.90343454454953
14,3,22,64.65903434544549
15,3,22,62.91687406669985
15,3,22,60.2787456445993
16,3,22,57.292185166749626
16,3,22,53.26032852165256
8,4,22,49.32802389248382
8,4,22,34.14634146341464
9,4,22,37.48133399701344
9,4,22,41.612742658038826
10,4,22,38.924838227974114
10,4,22,43.25535092085615
11,4,22,47.13787954206072
11,4,22,50.32354405176705
12,4,22,52.76256844201095
12,4,22,54.80338476854156
13,4,22,57.49128919860628
13,4,22,58.63613738178198
14,4,22,58.53658536585366
14,4,22,58.33748133399701
15,4,22,57.78994524639124
15,4,22,55.30114484818318
16,4,22,51.866600298656046
16,4,22,49.27824788451967
8,5,22,46.68989547038328
8,5,22,29.26829268292683
9,5,22,30.413140866102538
9,5,22,32.35440517670483
10,5,22,35.639621702339475
10,5,22,39.0741662518666
11,5,22,41.2643106022897
11,5,22,45.59482329517173
12,5,22,49.47735191637631
12,5,22,51.4186162269786
13,5,22,55.30114484818318
13,5,22,59.58188153310105
14,5,22,63.21553011448482
14,5,22,67.04828272772524
15,5,22,70.78148332503733
15,5,22,73.22050771528123
16,5,22,74.76356396217024
16,5,22,73.66849178695868
8,6,22,70.88103534096565
8,6,22,26.779492284718767
9,6,22,27.227476356396217
9,6,22,27.924340467894478
10,6,22,29.26829268292683
10,6,22,32.055749128919864
11,6,22,35.29118964659035
11,6,22,38.62618218018915
12,6,22,40.76655052264808
12,6,22,42.85714285714285
13,6,22,43.35490293678447
13,6,22,49.12891986062718
14,6,22,51.56794425087108
14,6,22,52.01592832254853
15,6,22,52.76256844201095
15,6,22,52.065704330512695
16,6,22,49.42757590841215
16,6,22,43.75311100049776
8,0,22,38.87506222000996
8,0,22,22.49875559980089
9,0,22,26.82926829268293
9,0,22,30.413140866102538
10,0,22,35.49029367844699
10,0,22,41.31408661025386
11,0,22,45.69437531110005
11,0,22,50.47287207565953
12,0,22,52.66301642608263
12,0,22,55.15181682429069
13,0,22,56.24688899950224
13,0,22,57.49128919860628
14,0,22,58.08860129417621
14,0,22,57.49128919860628
15,0,22,54.70383275261324
15,0,22,52.41413638626182
16,0,22,48.88003982080637
16,0,22,44.94773519163763
7,1,22,41.214534594325535
8,1,22,28.9198606271777
8,1,22,32.15530114484818
9,1,22,35.88850174216028
9,1,22,42.65803882528621
10,1,22,50.22399203583873
11,1,22,57.1926331508213
11,1,22,61.17471378795421
11,1,22,61.772025883524144
12,1,22,63.31508213041314
12,1,22,64.55948232951717
13,1,22,65.40567446490792
14,1,22,65.70433051269288
14,1,22,65.10701841712294
15,1,22,63.76306620209059
15,1,22,60.32852165256347
15,1,22,56.545545047287206
16,1,22,53.65853658536585
8,2,22,48.23295171727227
8,2,22,33.69835739173718
9,2,22,36.83424589347934
9,2,22,43.30512692882031
10,2,22,48.03384768541563
10,2,22,55.251368840219016
11,2,22,59.78098556495769
11,2,22,62.76754604280737
12,2,22,64.95769039323046
12,2,22,67.14783474365356
13,2,22,68.34245893479343
13,2,22,69.48730711796914
14,2,22,69.93529118964659
14,2,22,68.84021901443504
15,2,22,66.84917869586859
15,2,22,64.11149825783973
16,2,22,59.88053758088601
16,2,22,56.84420109507217
8,3,22,51.717272274763566
8,3,22,32.0059731209557
9,3,22,35.3409656545545
9,3,22,41.41363862618218
9,3,22,45.79392732702837
10,3,22,55.15181682429069
11,3,22,61.72224987555998
11,3,22,66.052762568442
12,3,22,68.29268292682927
12,3,22,70.23394723743156
13,3,22,71.17969138875063
13,3,22,74.76356396217024
14,3,22,74.86311597809856
14,3,22,74.36535589845694
14,3,22,73.66849178695868
15,3,22,71.17969138875063
15,3,22,67.64559482329517
16,3,22,64.60925833748134
8,4,22,60.0298656047785
8,4,22,27.426580388252862
9,4,22,30.662020905923345
10,4,22,38.97461423593828
10,4,22,43.60378297660528
11,4,22,47.63563962170234
11,4,22,51.51816824290692
12,4,22,53.95719263315082
12,4,22,55.749128919860624
13,4,22,58.4868093578895
13,4,22,58.68591338974614
14,4,22,59.18367346938776
14,4,22,58.63613738178198
15,4,22,57.74016923842708
15,4,22,56.0477849676456
16,4,22,53.16077650572424
16,4,22,50.87108013937282
7,5,22,48.92981582877053
8,5,22,24.9377799900448
8,5,22,26.729716276754605
9,5,22,29.965156794425088
10,5,22,34.1961174713788
10,5,22,39.92035838725735
10,5,22,43.60378297660528
11,5,22,47.28720756595321
12,5,22,53.31010452961672
12,5,22,58.83524141363863
13,5,22,62.36933797909408
13,5,22,65.85365853658537
14,5,22,70.53260328521652
14,5,22,75.0622200099552
15,5,22,77.75012444001992
15,5,22,78.54654056744648
16,5,22,78.54654056744648
16,5,22,77.65057242409159
8,6,22,74.51468392234943
8,6,22,28.42210054753609
9,6,22,28.372324539571927
9,6,22,28.9198606271777
10,6,22,31.15978098556496
10,6,22,34.69387755102041
11,6,22,36.884021901443504
11,6,22,42.25983076157292
12,6,22,46.88899950223992
12,6,22,51.91637630662021
13,6,22,56.49576903932304
13,6,22,61.52314584370333
14,6,22,63.812842210054754
14,6,22,66.89895470383276
15,6,22,68.3922349427576
15,6,22,69.73618715778994
16,6,22,67.49626679940269
16,6,22,65.25634644101542
8,0,22,59.98008959681434
8,0,22,26.4808362369338
9,0,22,29.965156794425088
9,0,22,35.3409656545545
10,0,22,39.42259830761573
10,0,22,46.73967147834744
11,0,22,51.46839223494276
11,0,22,56.84420109507217
11,0,22,59.78098556495769
12,0,22,61.62269785963166
12,0,22,63.21553011448482
13,0,22,65.70433051269288
14,0,22,66.25186660029865
14,0,22,65.35589845694375
14,0,22,63.31508213041314
15,0,22,61.32404181184669
15,0,22,56.99352911896466
16,0,22,53.90741662518666
7,1,22,46.98855151816824
8,1,22,30.761572921851663
9,1,22,35.042309606769535
9,1,22,40.81632653061224
10,1,22,45.19661523145844
10,1,22,50.52264808362369
11,1,22,56.19711299153808
11,1,22,60.32852165256347
12,1,22,63.3648581383773
12,1,22,65.20657043305127
12,1,22,65.5550024888004
13,1,22,67.7451468392235
13,1,22,67.9940268790443
14,1,22,68.8899950223992
14,1,22,67.14783474365356
15,1,22,64.9079143852663
15,1,22,61.572921851667495
16,1,22,57.98904927824788
8,2,22,52.01592832254853
8,2,22,33.349925335988054
8,2,22,37.23245395719263
9,2,22,41.2643106022897
10,2,22,48.73071179691389
10,2,22,56.99352911896466
11,2,22,62.22000995520159
11,2,22,65.65455450472872
11,2,22,68.4917869586859
12,2,22,70.13439522150324
13,2,22,72.02588352414136
13,2,22,73.71826779492285
13,2,22,74.71378795420607
14,2,22,74.21602787456446
15,2,22,72.12543554006969
15,2,22,68.34245893479343
16,2,22,64.31060228969636
16,2,22,59.1338974614236
8,3,22,55.05226480836237
8,3,22,31.60776505724241
9,3,22,33.748133399701345
9,3,22,38.427078148332505
10,3,22,43.4544549527128
10,3,22,48.23295171727227
11,3,22,53.558984569437534
11,3,22,58.38725734196117
12,3,22,61.12493777999004
12,3,22,64.11149825783973
13,3,22,67.69537083125934
13,3,22,70.8312593330015
13,3,22,71.62767546042808
14,3,22,70.88103534096565
14,3,22,69.38775510204081
15,3,22,67.09805873568939
15,3,22,63.41463414634146
16,3,22,58.93479342956695
8,4,22,54.15629666500747
9,4,22,31.50821304131409
9,4,22,40.069686411149824
10,4,22,45.19661523145844
10,4,22,51.02040816326531
11,4,22,55.599800895968144
11,4,22,60.72672971627676
12,4,22,64.36037829766053
12,4,22,67.9940268790443
13,4,22,70.38327526132404
13,4,22,70.98058735689398
14,4,22,71.82677949228471
14,4,22,71.42857142857143
15,4,22,69.58685913389746
15,4,22,67.24738675958189
16,4,22,63.265306122448976
16,4,22,58.83524141363863
8,5,22,54.45495271279243
8,5,22,30.96067695370831
9,5,22,32.85216525634644
9,5,22,36.884021901443504
10,5,22,42.8073668491787
10,5,22,49.32802389248382
11,5,22,56.14733698357392
11,5,22,60.42807366849178
12,5,22,62.26978596316575
12,5,22,67.34693877551021
13,5,22,72.72274763563962
13,5,22,76.85415629666501
14,5,22,80.88601294176208
14,5,22,86.80935788949726
15,5,22,92.9318068690891
15,5,22,94.22598307615728
16,5,22,95.27127924340468
16,5,22,93.87755102040816
8,6,22,90.14435042309609
8,6,22,34.24589347934295
9,6,22,34.29566948730712
9,6,22,34.74365355898457
10,6,22,35.988053758088604
10,6,22,37.58088601294176
11,6,22,41.56296665007466
11,6,22,47.23743155798905
12,6,22,51.31906421105028
12,6,22,56.2966650074664
13,6,22,61.52314584370333
13,6,22,67.94425087108014
14,6,22,70.98058735689398
14,6,22,74.86311597809856
15,6,22,77.8994524639124
15,6,22,78.44698855151817
16,6,22,75.9581881533101
16,6,22,71.87655550024888
8,0,22,68.14335490293678
8,0,22,28.62120457939273
9,0,22,32.45395719263315
9,0,22,37.33200597312096
10,0,22,42.11050273768044
10,0,22,48.78048780487805
11,0,22,56.14733698357392
11,0,22,60.6769537083126
12,0,22,64.9079143852663
12,0,22,66.94873071179691
13,0,22,68.04380288700847
13,0,22,60.62717770034843
14,0,22,61.572921851667495
14,0,22,61.075161772025886
15,0,22,59.48232951717272
15,0,22,57.93927327028372
16,0,22,52.71279243404679
16,0,22,49.52712792434047
7,1,22,47.48631159780986
8,1,22,35.639621702339475
9,1,22,39.323046291687405
9,1,22,44.35042309606769
10,1,22,48.92981582877053
10,1,22,53.16077650572424
11,1,22,58.38725734196117
11,1,22,65.00746640119462
11,1,22,68.8899950223992
12,1,22,69.98506719761075
13,1,22,70.88103534096565
13,1,22,73.1209556993529
14,1,22,72.07565953210552
14,1,22,72.8720756595321
14,1,22,72.42409158785465
15,1,22,71.3290194126431
16,1,22,65.8038825286212
16,1,22,62.31956197112992
8,2,22,56.69487307117969
8,2,22,33.94723743155799
9,2,22,37.03334992533599
9,2,22,43.852663016426085
10,2,22,49.47735191637631
10,2,22,56.69487307117969
10,2,22,61.52314584370333
11,2,22,65.50522648083624
12,2,22,68.84021901443504
12,2,22,70.48282727725237
13,2,22,70.93081134892982
13,2,22,70.8312593330015
14,2,22,71.52812344449976
14,2,22,72.92185166749627
15,2,22,72.32453957192634
15,2,22,68.98954703832753
16,2,22,65.95321055251368
16,2,22,61.075161772025886
8,3,22,57.24240915878546
8,3,22,43.9522150323544
8,3,22,46.19213539074166
9,3,22,52.9616724738676
9,3,22,57.69039323046292
10,3,22,63.91239422598308
10,3,22,70.63215530114485
11,3,22,68.29268292682927
11,3,22,71.77700348432056
12,3,22,73.71826779492285
12,3,22,75.75908412145345
13,3,22,77.84967645594823
13,3,22,79.6913887506222
14,3,22,80.53758088601295
14,3,22,78.59631657541065
15,3,22,75.55998008959682
15,3,22,72.97162767546043
16,3,22,69.48730711796914
7,4,22,66.89895470383276
8,4,22,40.41811846689895
9,4,22,44.49975111996018
9,4,22,48.531607765057245
10,4,22,52.36436037829766
10,4,22,56.79442508710802
11,4,22,60.97560975609756
11,4,22,65.50522648083624
12,4,22,64.9079143852663
12,4,22,68.79044300647088
12,4,22,71.22946739671478
13,4,22,73.86759581881533
13,4,22,74.66401194624191
14,4,22,72.32453957192634
14,4,22,71.57789945246391
15,4,22,68.69089099054256
15,4,22,64.95769039323046
16,4,22,60.82628173220508
8,0,22,57.74016923842708
8,0,22,28.47187655550025
9,0,22,31.95619711299154
9,0,22,35.83872573419612
10,0,22,40.36834245893479
10,0,22,47.13787954206072
11,0,22,51.21951219512195
11,0,22,57.49128919860628
11,0,22,61.62269785963166
12,0,22,65.20657043305127
13,0,22,67.94425087108014
13,0,22,70.1841712294674
14,0,22,69.93529118964659
14,0,22,67.89447486311597
15,0,22,65.10701841712294
15,0,22,61.47336983573917
16,0,22,58.68591338974614
16,0,22,53.558984569437534
7,1,22,49.42757590841215
8,1,22,31.806869089099056
8,1,22,35.042309606769535
9,1,22,38.227974116475856
10,1,22,43.65355898456944
10,1,22,51.56794425087108
11,1,22,56.34644101543056
11,1,22,62.86709805873569
11,1,22,65.35589845694375
12,1,22,67.69537083125934
12,1,22,67.9940268790443
13,1,22,70.53260328521652
14,1,22,72.6231956197113
14,1,22,72.67297162767547
15,1,22,69.58685913389746
15,1,22,66.99850671976108
16,1,22,62.81732205077153
16,1,22,59.68143354902936
7,2,22,54.853160776505725
8,2,22,33.69835739173718
8,2,22,36.48581383773021
9,2,22,40.76655052264808
9,2,22,45.69437531110005
10,2,22,53.31010452961672
10,2,22,58.38725734196117
11,2,22,63.71329019412643
11,2,22,66.65007466401195
12,2,22,70.08461921353907
12,2,22,71.77700348432056
13,2,22,74.66401194624191
13,2,22,76.40617222498756
14,2,22,76.05774016923843
14,2,22,74.86311597809856
15,2,22,71.92633150821304
15,2,22,67.69537083125934
16,2,22,63.56396217023395
7,3,22,59.78098556495769
8,3,22,35.639621702339475
8,3,22,37.87954206072673
9,3,22,42.359382777501246
9,3,22,47.13787954206072
10,3,22,54.05674464907914
10,3,22,62.61821801891488
11,3,22,69.03932304629168
11,3,22,73.66849178695868
12,3,22,76.25684420109508
12,3,22,75.11199601791937
13,3,22,78.1483325037332
13,3,22,78.24788451966153
14,3,22,78.54654056744648
14,3,22,78.19810851169736
15,3,22,75.0622200099552
15,3,22,74.31557989049278
16,3,22,70.13439522150324
8,4,22,66.30164260826282
8,4,22,40.6172224987556
8,4,22,43.75311100049776
9,4,22,47.73519163763066
9,4,22,52.76256844201095
10,4,22,56.545545047287206
10,4,22,61.27426580388253
11,4,22,64.60925833748134
11,4,22,68.59133897461423
12,4,22,71.12991538078646
13,4,22,75.11199601791937
13,4,22,73.41961174713788
14,4,22,74.91289198606272
14,4,22,72.67297162767547
14,4,22,70.03484320557492
15,4,22,68.29268292682927
16,4,22,65.00746640119462
16,4,22,61.97112991538079
7,5,22,58.88501742160279
8,5,22,35.988053758088604
9,5,22,37.43155798904928
9,5,22,41.2643106022897
9,5,22,44.250871080139376
10,5,22,48.5813837730214
11,5,22,52.01592832254853
11,5,22,56.14733698357392
12,5,22,58.98456943753111
12,5,22,62.76754604280737
12,5,22,65.65455450472872
13,5,22,68.8899950223992
13,5,22,72.77252364360378
14,5,22,75.85863613738178
15,5,22,75.85863613738178
15,5,22,77.40169238427079
15,5,22,78.94474863115978
16,5,22,78.99452463912394
8,6,22,76.75460428073669
8,6,22,36.43603782976605
8,6,22,36.33648581383773
9,6,22,36.884021901443504
9,6,22,37.92931806869089
10,6,22,40.96565455450473
10,6,22,44.44997511199602
11,6,22,52.51368840219014
11,6,22,59.23344947735192
12,6,22,64.21105027376804
13,6,22,68.79044300647088
13,6,22,71.77700348432056
13,6,22,74.66401194624191
14,6,22,79.09407665505226
14,6,22,80.48780487804878
15,6,22,80.48780487804878
15,6,22,79.64161274265804
16,6,22,73.81781981085118
8,0,22,69.63663514186162
8,0,22,30.164260826281733
9,0,22,34.644101543056244
9,0,22,39.62170233947237
10,0,22,44.05176704828273
10,0,22,52.46391239422599
11,0,22,57.93927327028372
11,0,22,62.4688899950224
11,0,22,67.09805873568939
12,0,22,69.88551518168244
12,0,22,72.97162767546043
13,0,22,74.21602787456446
14,0,22,74.11647585863614
14,0,22,72.42409158785465
14,0,22,70.93081134892982
15,0,22,68.04380288700847
15,0,22,65.40567446490792
16,0,22,63.31508213041314
7,1,23,0.0
8,1,23,6.956831965750981
8,1,23,8.49090260435248
9,1,23,11.52336782019265
9,1,23,14.983945772386727
10,1,23,16.98180520870496
10,1,23,18.72993221548341
11,1,23,20.478059222261862
11,1,23,20.97752408134142
12,1,23,21.58401712450945
13,1,23,21.54834106314663
13,1,23,21.262932572244026
14,1,23,20.72779165180164
14,1,23,20.549411344987515
14,1,23,19.978594363182303
15,1,23,18.872636460934714
16,1,23,18.230467356403853
16,1,23,16.446664288262575
7,2,23,14.484480913307172
8,2,23,8.776311095255084
9,2,23,11.630396004281128
9,2,23,14.948269711023904
10,2,23,17.05315733143061
10,2,23,19.51480556546557
11,2,23,20.90617195861577
11,2,23,21.5126650017838
12,2,23,21.155904388155548
12,2,23,20.763467713164463
12,2,23,20.692115590438817
13,2,23,20.90617195861577
13,2,23,20.79914377452729
14,2,23,20.65643952907599
14,2,23,19.51480556546557
15,2,23,18.58722797003211
16,2,23,17.195861576881914
16,2,23,15.875847306457366
7,3,23,13.91366393150196
8,3,23,6.207634677131645
8,3,23,8.883339279343561
9,3,23,11.559043881555477
10,3,23,13.877987870139137
10,3,23,16.446664288262575
10,3,23,18.26614341776668
11,3,23,19.265073135925796
12,3,23,20.299678915447736
12,3,23,21.120228326792724
12,3,23,21.405636817695328
13,3,23,21.58401712450945
13,3,23,21.120228326792724
14,3,23,20.72779165180164
15,3,23,19.30074919728862
15,3,23,18.1591152336782
16,3,23,17.481270067784518
16,3,23,15.483410631466286
8,4,23,14.16339636104174
8,4,23,6.742775597574028
9,4,23,8.919015340706386
9,4,23,11.630396004281128
9,4,23,13.271494826971102
10,4,23,14.41312879058152
10,4,23,15.947199429183016
11,4,23,17.017481270067783
12,4,23,17.481270067784518
12,4,23,18.1591152336782
13,4,23,17.766678558687122
13,4,23,18.230467356403853
14,4,23,18.08776311095255
14,4,23,17.62397431323582
15,4,23,16.767748840528007
15,4,23,15.483410631466286
15,4,23,14.983945772386727
16,4,23,14.09204423831609
7,5,23,12.16553692472351
8,5,23,3.068141277202997
8,5,23,3.92436674991081
9,5,23,5.315733143061006
10,5,23,6.956831965750981
10,5,23,9.13307170888334
10,5,23,10.80984659293614
11,5,23,12.450945415626116
12,5,23,13.84231180877631
12,5,23,15.269354263289332
13,5,23,16.303960042811273
13,5,23,17.909382804138424
14,5,23,19.336425258651445
14,5,23,20.33535497681056
14,5,23,20.65643952907599
15,5,23,20.692115590438817
16,5,23,20.513735283624687
16,5,23,20.44238316089904
8,6,23,19.15804495183732
8,6,23,3.60328219764538
9,6,23,3.817338565822333
9,6,23,4.6378879771673205
9,6,23,5.636817695326436
10,6,23,6.278986799857296
11,6,23,8.205494113449875
11,6,23,10.631466286122013
11,6,23,12.629325722440242
12,6,23,14.09204423831609
13,6,23,15.947199429183016
13,6,23,17.302889760970388
14,6,23,17.731002497324294
14,6,23,17.12450945415626
15,6,23,16.91045308597931
15,6,23,15.840171245094542
16,6,23,14.8055654655726
16,6,23,12.986086336068498
8,0,23,11.70174812700678
8,0,23,5.422761327149483
9,0,23,7.099536211202283
9,0,23,9.596860506600072
10,0,23,11.237959329290046
10,0,23,13.093114520156975
10,0,23,14.841241526935429
11,0,23,15.554762754191938
11,0,23,16.3396361041741
12,0,23,16.803424901890832
13,0,23,17.516946129147343
13,0,23,17.980734926864073
14,0,23,18.016410988226895
14,0,23,17.909382804138424
14,0,23,17.302889760970388
15,0,23,16.3396361041741
15,0,23,15.661790938280411
16,0,23,14.876917588298252
8,1,23,13.592579379236533
8,1,23,8.56225472707813
8,1,23,10.203353549768105
9,1,23,12.772029967891545
9,1,23,15.483410631466286
10,1,23,16.98180520870496
10,1,23,18.373171601855155
11,1,23,19.586157688191225
12,1,23,19.479129504102747
12,1,23,19.728861933642527
13,1,23,19.90724224045665
13,1,23,19.94291830181948
14,1,23,19.90724224045665
14,1,23,19.479129504102747
15,1,23,19.15804495183732
15,1,23,18.80128433820906
16,1,23,17.909382804138424
16,1,23,16.41098822689975
8,2,23,15.483410631466286
8,2,23,9.775240813414198
9,2,23,11.880128433820904
9,2,23,14.912593649661078
10,2,23,16.446664288262575
10,2,23,18.08776311095255
11,2,23,19.30074919728862
11,2,23,19.76453799500535
12,2,23,20.549411344987515
12,2,23,21.2272565108812
13,2,23,21.2272565108812
13,2,23,21.191580449518373
14,2,23,21.155904388155548
14,2,23,20.763467713164463
15,2,23,20.33535497681056
15,2,23,19.87156617909383
15,2,23,19.5504816268284
16,2,23,18.72993221548341
7,3,23,17.23153763824474
8,3,23,7.028184088476632
9,3,23,9.84659293613985
9,3,23,12.201212986086336
9,3,23,14.056368176953264
10,3,23,16.125579735997146
11,3,23,17.69532643596147
11,3,23,19.265073135925796
11,3,23,20.44238316089904
12,3,23,20.97752408134142
13,3,23,21.084552265429892
13,3,23,21.29860863360685
13,3,23,21.5126650017838
14,3,23,21.5126650017838
15,3,23,20.264002854084907
15,3,23,19.76453799500535
16,3,23,19.12236889047449
16,3,23,18.26614341776668
8,4,23,16.625044595076705
8,4,23,7.242240456653586
9,4,23,9.561184445237243
9,4,23,13.271494826971102
10,4,23,16.16125579735997
10,4,23,18.80128433820906
11,4,23,20.478059222261862
11,4,23,22.547270781305745
12,4,23,23.29646806992508
12,4,23,24.25972172672137
13,4,23,24.295397788084195
13,4,23,25.08027113806636
14,4,23,24.75918658580093
14,4,23,24.081341419907243
15,4,23,22.72565108811987
15,4,23,21.3699607563325
16,4,23,18.76560827684624
16,4,23,15.661790938280411
8,5,23,14.662861220121298
8,5,23,4.138423118087763
9,5,23,4.709240099892972
9,5,23,5.743845879414913
10,5,23,7.242240456653586
10,5,23,9.061719586157688
11,5,23,10.738494470210489
11,5,23,12.843382090617196
12,5,23,14.555833036032825
12,5,23,16.41098822689975
13,5,23,17.731002497324294
13,5,23,18.80128433820906
14,5,23,19.443453442739923
14,5,23,19.51480556546557
15,5,23,19.15804495183732
15,5,23,18.76560827684624
16,5,23,18.19479129504103
16,5,23,17.802354620049947
8,6,23,16.91045308597931
8,6,23,6.814127720299679
9,6,23,8.776311095255084
9,6,23,13.521227256510882
10,6,23,18.26614341776668
10,6,23,20.33535497681056
11,6,23,21.120228326792724
11,6,23,21.72672136996076
12,6,23,22.47591865858009
12,6,23,23.831608990367464
13,6,23,23.86728505173029
13,6,23,23.439172315376386
14,6,23,22.226186229040312
14,6,23,19.336425258651445
15,6,23,17.409917945058865
15,6,23,16.054227613271493
15,6,23,14.662861220121298
16,6,23,13.164466642882626
8,0,23,11.737424188369603
8,0,23,6.171958615768819
9,0,23,8.276846236175526
9,0,23,10.774170531573317
10,0,23,12.23688904744916
10,0,23,13.91366393150196
11,0,23,15.840171245094542
11,0,23,17.552622190510167
12,0,23,18.872636460934714
12,0,23,19.6931858722797
12,0,23,20.192650731359254
13,0,23,20.58508740635034
14,0,23,20.97752408134142
14,0,23,21.191580449518373
14,0,23,20.763467713164463
15,0,23,19.90724224045665
15,0,23,19.728861933642527
16,0,23,20.549411344987515
8,1,23,21.405636817695328
8,1,23,8.776311095255084
9,1,23,10.524438102033535
9,1,23,13.663931501962184
10,1,23,16.01855155190867
10,1,23,18.83696039957189
11,1,23,20.371031038173385
11,1,23,22.11915804495184
12,1,23,22.83267927220835
12,1,23,23.54620049946486
13,1,23,24.18836960399572
13,1,23,24.366749910809848
13,1,23,24.295397788084195
14,1,23,24.54513021762397
15,1,23,24.33107384944702
15,1,23,23.902961113093117
15,1,23,22.72565108811987
16,1,23,23.08241170174813
8,2,23,22.154834106314663
8,2,23,14.34177666785587
8,2,23,15.76881912236889
9,2,23,19.229397074562968
9,2,23,21.72672136996076
10,2,23,23.40349625401356
10,2,23,25.08027113806636
11,2,23,26.471637531216555
11,2,23,26.89975026757046
12,2,23,27.00677845165894
12,2,23,27.54191937210132
13,2,23,27.970032108455225
13,2,23,27.72029967891545
14,2,23,27.327863003924367
14,2,23,27.11380663574741
15,2,23,27.00677845165894
15,2,23,26.00784873349982
16,2,23,24.97324295397788
7,5,23,23.510524438102035
8,5,23,2.497324295397788
8,5,23,2.675704602211916
9,5,23,3.4605779521940776
9,5,23,4.495183731716018
10,5,23,6.314662861220121
10,5,23,7.52764894755619
11,5,23,10.060649304316804
11,5,23,12.593649661077418
12,5,23,14.698537281484125
12,5,23,17.802354620049947
13,5,23,19.586157688191225
13,5,23,20.33535497681056
14,5,23,19.800214056368176
14,5,23,20.228326792722083
15,5,23,20.121298608633605
15,5,23,19.76453799500535
16,5,23,19.76453799500535
7,6,23,19.12236889047449
8,6,23,2.854084909026044
8,6,23,3.1038173385658223
9,6,23,4.138423118087763
9,6,23,4.816268283981448
10,6,23,6.600071352122725
10,6,23,8.597930788440957
11,6,23,12.450945415626116
11,6,23,14.591509097395647
12,6,23,17.160185515519085
13,6,23,18.76560827684624
13,6,23,19.265073135925796
13,6,23,18.872636460934714
14,6,23,18.301819479129502
14,6,23,18.016410988226895
15,6,23,17.409917945058865
15,6,23,16.73207277916518
16,6,23,15.554762754191938
7,0,23,13.949339992864788
8,0,23,4.174099179450589
9,0,23,6.742775597574028
9,0,23,9.240099892971816
9,0,23,10.060649304316804
10,0,23,11.20228326792722
11,0,23,13.307170888333928
11,0,23,15.05529789511238
12,0,23,16.803424901890832
12,0,23,18.33749554049233
12,0,23,19.728861933642527
13,0,23,20.72779165180164
13,0,23,20.478059222261862
14,0,23,20.620763467713164
14,0,23,19.728861933642527
15,0,23,18.90831252229754
16,0,23,16.98180520870496
16,0,23,15.626114876917589
8,1,23,13.44987513378523
8,1,23,6.707099536211202
9,1,23,9.240099892971816
9,1,23,11.880128433820904
9,1,23,13.307170888333928
10,1,23,15.05529789511238
10,1,23,17.12450945415626
11,1,23,18.90831252229754
12,1,23,21.262932572244026
12,1,23,23.86728505173029
13,1,23,24.25972172672137
13,1,23,24.25972172672137
13,1,23,24.18836960399572
14,1,23,24.081341419907243
15,1,23,24.25972172672137
15,1,23,22.939707456296823
15,1,23,21.76239743132358
16,1,23,20.121298608633605
7,2,23,19.443453442739923
8,2,23,6.849803781662504
8,2,23,9.489832322511594
9,2,23,11.52336782019265
9,2,23,13.556903317873706
10,2,23,15.661790938280411
10,2,23,17.516946129147343
11,2,23,20.33535497681056
11,2,23,22.297538351765965
12,2,23,24.402425972172672
12,2,23,26.93542632893329
13,2,23,29.36139850160542
13,2,23,31.50196218337496
14,2,23,38.67285051730289
14,2,23,40.956118444523725
15,2,23,40.59935783089547
15,2,23,39.457723867285054
16,2,23,37.60256867641812
7,3,23,33.57117374241884
8,3,23,4.816268283981448
8,3,23,8.81198715661791
9,3,23,12.772029967891545
9,3,23,19.12236889047449
10,3,23,27.327863003924367
10,3,23,33.535497681056015
11,3,23,36.42525865144488
11,3,23,38.81555476275419
12,3,23,40.56368176953264
12,3,23,44.66642882625758
13,3,23,40.74206207634677
13,3,23,41.27720299678916
14,3,23,43.09668212629326
14,3,23,43.52479486264716
15,3,23,42.06207634677131
15,3,23,40.17124509454156
16,3,23,37.13877987870139
8,4,23,34.81983589011773
8,4,23,6.600071352122725
9,4,23,10.738494470210489
10,4,23,16.08990367463432
10,4,23,26.293257224402424
10,4,23,29.82518729932216
11,4,23,32.643596146985374
12,4,23,34.81983589011773
12,4,23,36.81769532643596
13,4,23,38.60149839457724
13,4,23,30.360328219764536
14,4,23,33.07170888333928
14,4,23,39.957188726364606
15,4,23,42.49018908312522
15,4,23,40.920442383160896
16,4,23,38.74420264002854
16,4,23,36.49661077417053
7,5,23,34.356047092401
8,5,23,3.496254013556903
8,5,23,3.888690688547984
9,5,23,6.100606493043168
9,5,23,11.166607206564397
10,5,23,22.190510167677488
10,5,23,28.540849090260437
11,5,23,32.71494826971102
12,5,23,34.605779521940775
12,5,23,39.5290759900107
12,5,23,40.81341419907242
13,5,23,33.28576525151623
13,5,23,30.78844095611845
14,5,23,36.96039957188727
14,5,23,41.95504816268284
15,5,23,40.920442383160896
15,5,23,40.13556903317874
16,5,23,39.74313235818766
7,6,23,39.457723867285054
8,6,23,2.889760970388869
8,6,23,3.1038173385658223
9,6,23,3.5319300749197287
9,6,23,4.067070995362112
10,6,23,4.673564038530146
10,6,23,6.171958615768819
11,6,23,8.669282911166608
11,6,23,11.84445237245808
12,6,23,16.3396361041741
13,6,23,18.80128433820906
13,6,23,25.615412058508745
13,6,23,30.43168034249019
14,6,23,39.42204780592223
15,6,23,44.23831608990368
15,6,23,43.95290759900107
8,0,23,42.311808776311096
8,0,23,4.709240099892972
9,0,23,6.635747413485551
9,0,23,8.990367463432037
10,0,23,10.48876204067071
10,0,23,12.593649661077418
11,0,23,13.91366393150196
11,0,23,15.019621833749554
12,0,23,15.733143061006064
12,0,23,16.73207277916518
13,0,23,16.91045308597931
13,0,23,17.267213699607563
13,0,23,17.338565822333216
14,0,23,17.195861576881914
15,0,23,16.3396361041741
15,0,23,14.73421334284695
16,0,23,13.521227256510882
16,0,23,12.593649661077418
8,1,23,10.738494470210489
8,1,23,6.421691045308598
9,1,23,7.813057438458794
9,1,23,10.524438102033535
10,1,23,12.522297538351769
10,1,23,14.484480913307172
11,1,23,15.590438815554762
11,1,23,17.160185515519085
12,1,23,17.83803068141277
12,1,23,18.55155190866928
13,1,23,18.444523724580808
13,1,23,19.586157688191225
14,1,23,19.30074919728862
14,1,23,18.872636460934714
15,1,23,18.08776311095255
15,1,23,16.73207277916518
16,1,23,15.982875490545844
16,1,23,14.983945772386727
7,2,23,13.342846949696751
8,2,23,5.743845879414913
8,2,23,8.348198358901177
9,2,23,10.774170531573317
9,2,23,13.699607563325008
10,2,23,15.376382447377807
10,2,23,17.017481270067783
11,2,23,17.909382804138424
11,2,23,18.90831252229754
12,2,23,19.40777738137709
13,2,23,19.479129504102747
13,2,23,19.800214056368176
14,2,23,19.15804495183732
14,2,23,19.62183374955405
14,2,23,19.728861933642527
15,2,23,19.40777738137709
16,2,23,18.052087049589726
16,2,23,17.160185515519085
8,3,23,16.054227613271493
8,3,23,7.063860149839457
9,3,23,8.919015340706386
9,3,23,12.308241170174814
10,3,23,13.91366393150196
10,3,23,16.232607920085623
11,3,23,17.23153763824474
11,3,23,18.65858009275776
12,3,23,19.265073135925796
12,3,23,19.728861933642527
12,3,23,19.835890117731
13,3,23,20.33535497681056
13,3,23,20.83481983589012
14,3,23,20.549411344987515
15,3,23,19.657509810916878
15,3,23,18.62290403139493
16,3,23,17.909382804138424
16,3,23,16.87477702461648
8,4,23,15.590438815554762
8,4,23,6.24331073849447
8,4,23,8.56225472707813
9,4,23,11.273635390652872
10,4,23,12.843382090617196
10,4,23,14.127720299678916
11,4,23,15.519086692829111
11,4,23,16.803424901890832
12,4,23,17.873706742775596
12,4,23,19.015340706386016
13,4,23,19.015340706386016
13,4,23,19.15804495183732
13,4,23,18.83696039957189
14,4,23,19.12236889047449
15,4,23,18.123439172315376
15,4,23,16.767748840528007
16,4,23,15.733143061006064
16,4,23,15.198002140563682
8,5,23,15.269354263289332
8,5,23,1.8194791295041028
8,5,23,2.176239743132358
9,5,23,3.3178737067427755
9,5,23,4.352479486264716
10,5,23,6.528719229397074
10,5,23,8.526578665715306
11,5,23,9.596860506600072
12,5,23,11.20228326792722
12,5,23,13.414199072422404
13,5,23,13.485551195148055
13,5,23,14.876917588298252
13,5,23,15.982875490545844
14,5,23,16.553692472351052
15,5,23,16.303960042811273
15,5,23,15.626114876917589
16,5,23,15.05529789511238
16,5,23,14.270424545130217
8,6,23,12.557973599714591
8,6,23,2.104887620406707
9,6,23,2.176239743132358
9,6,23,2.5330003567606134
10,6,23,2.96111309311452
10,6,23,3.995718872636461
10,6,23,5.92222618622904
11,6,23,8.847663217980735
11,6,23,10.595790224759186
12,6,23,12.522297538351769
13,6,23,13.1287905815198
13,6,23,15.126650017838031
13,6,23,15.233678201926509
14,6,23,15.840171245094542
15,6,23,15.661790938280411
15,6,23,15.376382447377807
15,6,23,14.948269711023904
16,6,23,13.91366393150196
8,0,23,12.308241170174814
8,0,23,4.994648590795576
8,0,23,7.099536211202283
9,0,23,10.274705672493758
9,0,23,12.700677845165892
10,0,23,15.340706386014984
10,0,23,17.69532643596147
11,0,23,19.15804495183732
11,0,23,19.6931858722797
12,0,23,20.156974669996437
12,0,23,20.08562254727078
13,0,23,19.62183374955405
13,0,23,20.08562254727078
14,0,23,20.40670709953621
15,0,23,19.15804495183732
15,0,23,18.40884766321798
16,0,23,16.946129147342134
16,0,23,15.05529789511238
7,1,23,13.37852301105958
8,1,23,7.20656439529076
8,1,23,9.418480199785945
9,1,23,12.665001783803069
9,1,23,14.698537281484125
10,1,23,17.83803068141277
11,1,23,19.657509810916878
11,1,23,20.58508740635034
11,1,23,21.441312879058152
12,1,23,22.26186229040314
13,1,23,21.976453799500536
13,1,23,22.190510167677488
14,1,23,22.297538351765965
14,1,23,22.440242597217267
15,1,23,21.334284694969675
15,1,23,20.65643952907599
16,1,23,19.479129504102747
16,1,23,18.230467356403853
8,2,23,17.409917945058865
8,2,23,7.349268640742062
9,2,23,9.026043524794863
9,2,23,12.201212986086336
10,2,23,15.05529789511238
10,2,23,16.41098822689975
11,2,23,17.731002497324294
11,2,23,18.72993221548341
12,2,23,19.94291830181948
12,2,23,20.870495897252944
13,2,23,20.79914377452729
13,2,23,20.692115590438817
14,2,23,20.692115590438817
14,2,23,20.192650731359254
15,2,23,19.800214056368176
15,2,23,19.37210132001427
16,2,23,18.515875847306457
16,2,23,17.873706742775596
8,3,23,15.626114876917589
8,3,23,6.742775597574028
9,3,23,10.024973242953978
9,3,23,12.914734213342848
10,3,23,15.519086692829111
10,3,23,18.55155190866928
11,3,23,19.76453799500535
11,3,23,20.870495897252944
12,3,23,21.441312879058152
12,3,23,22.58294684266857
13,3,23,22.83267927220835
13,3,23,22.11915804495184
14,3,23,21.905101676774883
14,3,23,20.941848019978597
15,3,23,19.76453799500535
15,3,23,18.65858009275776
16,3,23,17.802354620049947
16,3,23,16.446664288262575
8,4,23,14.591509097395647
8,4,23,4.887620406707099
9,4,23,6.992508027113806
9,4,23,9.45415626114877
10,4,23,10.988226899750268
10,4,23,12.73635390652872
11,4,23,14.16339636104174
11,4,23,15.840171245094542
12,4,23,17.338565822333216
12,4,23,17.909382804138424
13,4,23,19.12236889047449
13,4,23,19.479129504102747
14,4,23,19.40777738137709
14,4,23,19.443453442739923
15,4,23,18.872636460934714
15,4,23,18.444523724580808
16,4,23,17.160185515519085
16,4,23,16.41098822689975
8,5,23,15.019621833749554
8,5,23,2.675704602211916
9,5,23,3.1038173385658223
9,5,23,4.102747056724938
10,5,23,5.494113449875134
10,5,23,7.52764894755619
11,5,23,9.561184445237243
11,5,23,12.129860863360683
12,5,23,13.806635747413486
12,5,23,15.162326079200856
13,5,23,15.911523367820193
13,5,23,17.12450945415626
14,5,23,17.94505886550125
14,5,23,18.123439172315376
15,5,23,18.40884766321798
15,5,23,17.980734926864073
16,5,23,17.409917945058865
16,5,23,16.054227613271493
8,6,23,15.019621833749554
8,6,23,3.674634320371031
9,6,23,4.067070995362112
9,6,23,4.495183731716018
10,6,23,5.422761327149483
10,6,23,7.741705315733143
11,6,23,10.560114163396362
11,6,23,13.1287905815198
12,6,23,15.162326079200856
12,6,23,16.87477702461648
13,6,23,16.87477702461648
13,6,23,17.23153763824474
14,6,23,17.017481270067783
14,6,23,16.91045308597931
15,6,23,16.946129147342134
15,6,23,16.054227613271493
16,6,23,14.591509097395647
16,6,23,12.23688904744916
8,0,23,10.096325365679627
8,0,23,4.994648590795576
9,0,23,7.4206207634677135
9,0,23,9.703888690688547
10,0,23,11.20228326792722
10,0,23,13.164466642882626
11,0,23,14.698537281484125
11,0,23,16.303960042811273
12,0,23,17.017481270067783
12,0,23,18.052087049589726
13,0,23,18.72993221548341
13,0,23,19.05101676774884
14,0,23,19.51480556546557
14,0,23,19.479129504102747
15,0,23,18.76560827684624
15,0,23,17.766678558687122
16,0,23,16.268283981448448
16,0,23,14.769889404209776
7,1,23,13.735283624687836
8,1,23,7.813057438458794
8,1,23,11.095255083838744
9,1,23,13.414199072422404
9,1,23,16.232607920085623
10,1,23,18.76560827684624
11,1,23,21.79807349268641
11,1,23,23.01105957902248
11,1,23,22.440242597217267
12,1,23,22.83267927220835
12,1,23,22.72565108811987
13,1,23,22.654298965394226
14,1,23,22.72565108811987
14,1,23,22.868355333571174
15,1,23,22.226186229040312
15,1,23,21.2272565108812
15,1,23,19.479129504102747
16,1,23,18.58722797003211
8,2,23,16.375312165536926
8,2,23,10.203353549768105
9,2,23,12.665001783803069
9,2,23,16.196931858722795
10,2,23,17.62397431323582
10,2,23,19.586157688191225
11,2,23,20.870495897252944
11,2,23,21.2272565108812
12,2,23,21.76239743132358
12,2,23,22.08348198358901
13,2,23,22.33321441312879
13,2,23,22.440242597217267
14,2,23,22.154834106314663
14,2,23,22.047805922226186
15,2,23,21.29860863360685
15,2,23,20.513735283624687
16,2,23,19.193721013200143
16,2,23,18.301819479129502
8,3,23,15.875847306457366
8,3,23,7.063860149839457
9,3,23,9.240099892971816
9,3,23,12.450945415626116
9,3,23,14.662861220121298
10,3,23,18.90831252229754
11,3,23,21.191580449518373
11,3,23,22.797003210845524
12,3,23,23.581876560827684
12,3,23,23.61755262219051
13,3,23,23.79593292900464
13,3,23,23.61755262219051
14,3,23,23.439172315376386
14,3,23,22.761327149482696
14,3,23,21.54834106314663
15,3,23,21.191580449518373
15,3,23,19.657509810916878
16,3,23,18.480199785943636
8,4,23,16.66072065643953
8,4,23,7.028184088476632
9,4,23,9.13307170888334
10,4,23,13.806635747413486
10,4,23,15.69746699964324
11,4,23,16.91045308597931
11,4,23,18.943988583660364
12,4,23,20.40670709953621
12,4,23,21.54834106314663
13,4,23,23.40349625401356
13,4,23,23.01105957902248
14,4,23,23.40349625401356
14,4,23,22.797003210845524
15,4,23,22.404566535854443
15,4,23,21.58401712450945
16,4,23,20.549411344987515
16,4,23,19.76453799500535
7,5,23,18.872636460934714
8,5,23,3.92436674991081
8,5,23,4.423831608990367
9,5,23,5.815198002140564
10,5,23,7.706029254370318
10,5,23,10.346057795219409
10,5,23,12.201212986086336
11,5,23,14.270424545130217
12,5,23,17.088833392793436
12,5,23,19.265073135925796
13,5,23,19.443453442739923
13,5,23,19.479129504102747
14,5,23,19.479129504102747
14,5,23,19.835890117731
15,5,23,19.586157688191225
15,5,23,19.657509810916878
16,5,23,20.264002854084907
16,5,23,20.870495897252944
8,6,23,21.79807349268641
8,6,23,4.673564038530146
9,6,23,4.887620406707099
9,6,23,5.244381020335355
10,6,23,6.742775597574028
10,6,23,9.739564752051374
11,6,23,12.022832679272208
11,6,23,15.76881912236889
12,6,23,18.515875847306457
12,6,23,22.190510167677488
13,6,23,25.47270781305744
13,6,23,30.07491972886193
14,6,23,33.25008919015341
14,6,23,41.66963967178024
15,6,23,47.80592222618623
15,6,23,54.727078130574384
16,6,23,54.62004994648591
16,6,23,52.97895112379593
8,0,23,51.65893685337139
8,0,23,8.597930788440957
9,0,23,10.096325365679627
9,0,23,12.272565108811987
10,0,23,13.84231180877631
10,0,23,15.875847306457366
11,0,23,16.696396717802354
11,0,23,18.480199785943636
11,0,23,19.6931858722797
12,0,23,20.513735283624687
12,0,23,21.120228326792724
13,0,23,21.940777738137708
14,0,23,21.54834106314663
14,0,23,21.833749554049238
14,0,23,21.72672136996076
15,0,23,20.79914377452729
15,0,23,19.336425258651445
16,0,23,18.65858009275776
7,1,23,16.66072065643953
8,1,23,9.703888690688547
9,1,23,12.48662147698894
9,1,23,16.232607920085623
10,1,23,18.016410988226895
10,1,23,20.156974669996437
11,1,23,21.3699607563325
11,1,23,22.72565108811987
12,1,23,23.01105957902248
12,1,23,23.118087763110957
12,1,23,22.797003210845524
13,1,23,23.1894398858366
13,1,23,22.939707456296823
14,1,23,22.797003210845524
14,1,23,21.940777738137708
15,1,23,21.191580449518373
15,1,23,20.121298608633605
16,1,23,19.05101676774884
8,2,23,16.3396361041741
8,2,23,10.41740991794506
8,2,23,12.807706029254373
9,2,23,15.554762754191938
10,2,23,18.33749554049233
10,2,23,20.33535497681056
11,2,23,21.58401712450945
11,2,23,21.79807349268641
11,2,23,21.905101676774883
12,2,23,21.905101676774883
13,2,23,22.190510167677488
13,2,23,22.26186229040314
13,2,23,22.547270781305745
14,2,23,22.72565108811987
15,2,23,22.404566535854443
15,2,23,21.405636817695328
16,2,23,20.65643952907599
16,2,23,19.193721013200143
8,3,23,17.659650374598645
8,3,23,8.027113806635747
9,3,23,9.84659293613985
9,3,23,12.950410274705671
10,3,23,15.69746699964324
10,3,23,16.98180520870496
11,3,23,18.052087049589726
11,3,23,19.479129504102747
12,3,23,20.192650731359254
12,3,23,21.334284694969675
13,3,23,21.940777738137708
13,3,23,21.976453799500536
13,3,23,21.905101676774883
14,3,23,21.655369247235104
14,3,23,21.2272565108812
15,3,23,20.763467713164463
15,3,23,19.62183374955405
16,3,23,18.83696039957189
8,4,23,17.017481270067783
9,4,23,8.312522297538353
9,4,23,12.950410274705671
10,4,23,15.126650017838031
10,4,23,17.516946129147343
11,4,23,19.6931858722797
11,4,23,21.76239743132358
12,4,23,22.618622904031398
12,4,23,22.904031394934
13,4,23,22.297538351765965
13,4,23,22.08348198358901
14,4,23,21.905101676774883
14,4,23,21.940777738137708
15,4,23,21.3699607563325
15,4,23,20.58508740635034
16,4,23,19.76453799500535
16,4,23,18.943988583660364
8,5,23,17.659650374598645
8,5,23,6.100606493043168
9,5,23,7.777381377095969
9,5,23,9.775240813414198
10,5,23,12.16553692472351
10,5,23,14.16339636104174
11,5,23,17.588298251872992
11,5,23,20.156974669996437
12,5,23,21.01320014270425
12,5,23,22.226186229040312
13,5,23,22.761327149482696
13,5,23,23.26079200856225
14,5,23,22.97538351765965
14,5,23,23.581876560827684
15,5,23,24.04566535854441
15,5,23,24.47377809489832
16,5,23,24.83053870852658
16,5,23,26.00784873349982
8,6,23,26.86407420620764
8,6,23,5.52978951123796
9,6,23,5.672493756689262
9,6,23,6.24331073849447
10,6,23,7.491972886193363
10,6,23,9.382804138423118
11,6,23,12.986086336068498
11,6,23,18.40884766321798
12,6,23,22.618622904031398
12,6,23,25.758116303960044
13,6,23,29.4684266856939
13,6,23,35.569033178737065
14,6,23,39.3863717445594
14,6,23,41.17017481270068
15,6,23,40.920442383160896
15,6,23,40.27827327863004
16,6,23,39.70745629682483
16,6,23,38.20906171958616
8,0,23,37.31716018551552
8,0,23,7.813057438458794
9,0,23,10.096325365679627
9,0,23,12.665001783803069
10,0,23,14.34177666785587
10,0,23,16.767748840528007
11,0,23,19.193721013200143
11,0,23,20.620763467713164
12,0,23,21.940777738137708
12,0,23,22.26186229040314
13,0,23,22.58294684266857
13,0,23,22.797003210845524
14,0,23,22.761327149482696
14,0,23,22.33321441312879
15,0,23,21.58401712450945
15,0,23,20.83481983589012
16,0,23,19.728861933642527
16,0,23,18.694256154120584
7,1,23,17.409917945058865
8,1,23,9.668212629325724
9,1,23,12.48662147698894
9,1,23,15.305030324652158
10,1,23,18.08776311095255
10,1,23,18.62290403139493
11,1,23,20.65643952907599
11,1,23,23.01105957902248
11,1,23,23.724580806278983
12,1,23,24.04566535854441
13,1,23,23.79593292900464
13,1,23,23.29646806992508
14,1,23,22.618622904031398
14,1,23,22.868355333571174
14,1,23,22.72565108811987
15,1,23,21.976453799500536
16,1,23,20.83481983589012
16,1,23,19.6931858722797
8,2,23,17.766678558687122
8,2,23,10.524438102033535
9,2,23,12.41526935426329
9,2,23,16.08990367463432
10,2,23,18.65858009275776
10,2,23,21.01320014270425
10,2,23,23.01105957902248
11,2,23,23.22511594719943
12,2,23,23.97431323581877
12,2,23,24.224045665358545
13,2,23,24.04566535854441
13,2,23,23.653228683553337
14,2,23,24.081341419907243
14,2,23,23.61755262219051
15,2,23,23.29646806992508
15,2,23,22.618622904031398
16,2,23,21.2272565108812
16,2,23,20.513735283624687
8,3,23,19.94291830181948
8,3,23,9.84659293613985
8,3,23,11.309311452015695
9,3,23,14.484480913307172
9,3,23,16.767748840528007
10,3,23,19.800214056368176
10,3,23,21.01320014270425
11,3,23,22.297538351765965
11,3,23,23.0467356403853
12,3,23,23.439172315376386
12,3,23,23.367820192650733
13,3,23,23.54620049946486
13,3,23,23.367820192650733
14,3,23,22.97538351765965
14,3,23,22.47591865858009
15,3,23,21.655369247235104
15,3,23,20.97752408134142
16,3,23,19.265073135925796
7,4,23,18.19479129504103
8,4,23,7.920085622547271
9,4,23,10.239029611130931
9,4,23,12.522297538351769
10,4,23,13.91366393150196
10,4,23,15.661790938280411
11,4,23,16.66072065643953
11,4,23,18.76560827684624
12,4,23,20.371031038173385
12,4,23,22.047805922226186
12,4,23,22.939707456296823
13,4,23,23.26079200856225
13,4,23,23.26079200856225
14,4,23,23.474848376739207
14,4,23,23.08241170174813
15,4,23,22.72565108811987
15,4,23,22.33321441312879
16,4,23,21.655369247235104
8,0,23,22.440242597217267
8,0,23,7.135212272565108
9,0,23,8.669282911166608
9,0,23,11.166607206564397
10,0,23,13.699607563325008
10,0,23,16.08990367463432
11,0,23,18.123439172315376
11,0,23,20.156974669996437
11,0,23,21.5126650017838
12,0,23,22.97538351765965
13,0,23,23.0467356403853
13,0,23,22.83267927220835
14,0,23,22.51159471994292
14,0,23,21.86942561541206
15,0,23,21.04887620406707
15,0,23,19.62183374955405
16,0,23,18.58722797003211
16,0,23,16.91045308597931
7,1,23,15.733143061006064
8,1,23,9.668212629325724
8,1,23,11.416339636104174
9,1,23,13.628255440599355
10,1,23,16.054227613271493
10,1,23,18.62290403139493
11,1,23,19.978594363182303
11,1,23,22.047805922226186
11,1,23,22.797003210845524
12,1,23,22.97538351765965
12,1,23,22.297538351765965
13,1,23,23.153763824473774
14,1,23,23.0467356403853
14,1,23,22.689975026757047
15,1,23,22.190510167677488
15,1,23,21.01320014270425
16,1,23,19.90724224045665
16,1,23,18.58722797003211
7,2,23,17.516946129147343
8,2,23,10.667142347484836
8,2,23,12.48662147698894
9,2,23,15.198002140563682
9,2,23,17.302889760970388
10,2,23,20.192650731359254
10,2,23,21.69104530859793
11,2,23,22.761327149482696
11,2,23,23.1894398858366
12,2,23,23.831608990367464
12,2,23,23.86728505173029
13,2,23,24.366749910809848
13,2,23,24.402425972172672
14,2,23,24.00998929718159
14,2,23,24.00998929718159
15,2,23,23.68890474491616
15,2,23,23.0467356403853
16,2,23,22.618622904031398
7,3,23,23.01105957902248
8,3,23,8.633606849803781
8,3,23,10.274705672493758
9,3,23,12.557973599714591
9,3,23,14.448804851944343
10,3,23,16.196931858722795
10,3,23,18.872636460934714
11,3,23,21.01320014270425
11,3,23,22.36889047449161
12,3,23,22.689975026757047
12,3,23,22.547270781305745
13,3,23,22.904031394934
13,3,23,22.904031394934
14,3,23,22.58294684266857
14,3,23,22.440242597217267
15,3,23,22.33321441312879
15,3,23,22.08348198358901
16,3,23,21.04887620406707
8,4,23,20.513735283624687
8,4,23,13.235818765608276
8,4,23,13.985016054227613
9,4,23,15.233678201926509
9,4,23,16.625044595076705
10,4,23,18.016410988226895
10,4,23,19.443453442739923
11,4,23,20.33535497681056
11,4,23,21.476988940420977
12,4,23,21.79807349268641
13,4,23,21.79807349268641
13,4,23,21.905101676774883
14,4,23,21.905101676774883
14,4,23,21.86942561541206
14,4,23,21.833749554049238
15,4,23,21.72672136996076
16,4,23,21.334284694969675
16,4,23,20.941848019978597
7,5,23,20.58508740635034
8,5,23,13.057438458794149
9,5,23,13.628255440599355
9,5,23,15.44773457010346
9,5,23,16.553692472351052
10,5,23,18.40884766321798
11,5,23,19.87156617909383
11,5,23,21.476988940420977
12,5,23,21.76239743132358
12,5,23,21.940777738137708
12,5,23,21.905101676774883
13,5,23,21.940777738137708
13,5,23,21.905101676774883
14,5,23,21.905101676774883
15,5,23,21.86942561541206
15,5,23,21.905101676774883
15,5,23,21.86942561541206
16,5,23,21.86942561541206
8,6,23,21.940777738137708
8,6,23,11.987156617909385
8,6,23,11.951480556546556
9,6,23,12.343917231537638
9,6,23,12.950410274705671
10,6,23,14.983945772386727
10,6,23,17.088833392793436
11,6,23,20.79914377452729
11,6,23,21.905101676774883
12,6,23,21.905101676774883
13,6,23,21.940777738137708
13,6,23,21.905101676774883
13,6,23,21.86942561541206
14,6,23,21.940777738137708
14,6,23,21.905101676774883
15,6,23,21.940777738137708
15,6,23,21.905101676774883
16,6,23,21.69104530859793
8,0,23,21.86942561541206
8,0,23,7.813057438458794
9,0,23,9.810916874777025
9,0,23,12.48662147698894
10,0,23,13.663931501962184
10,0,23,16.518016410988228
11,0,23,18.301819479129502
11,0,23,20.04994648590796
11,0,23,21.3699607563325
12,0,23,21.905101676774883
12,0,23,21.833749554049238
13,0,23,21.940777738137708
14,0,23,21.905101676774883
14,0,23,21.76239743132358
14,0,23,21.61969318587228
15,0,23,20.870495897252944
15,0,23,20.192650731359254
16,0,23,18.872636460934714
7,1,24,0.0
8,1,24,17.197860962566846
8,1,24,19.486631016042782
9,1,24,22.780748663101605
9,1,24,26.43850267379679
10,1,24,32.149732620320854
10,1,24,37.45454545454545
11,1,24,44.02139037433155
11,1,24,47.850267379679146
12,1,24,48.66310160427808
13,1,24,55.52941176470589
13,1,24,57.2192513368984
14,1,24,57.36898395721925
14,1,24,56.919786096256686
14,1,24,53.94652406417112
15,1,24,50.5668449197861
16,1,24,46.75935828877005
16,1,24,42.26737967914438
7,2,24,39.46524064171123
8,2,24,16.577540106951872
9,2,24,18.13903743315508
9,2,24,20.06417112299465
10,2,24,22.11764705882353
10,2,24,24.299465240641712
11,2,24,25.711229946524064
11,2,24,27.20855614973262
12,2,24,27.72192513368984
12,2,24,28.27807486631016
12,2,24,28.577540106951872
13,2,24,28.81283422459893
13,2,24,28.171122994652407
14,2,24,27.97860962566845
14,2,24,27.336898395721924
15,2,24,26.288770053475936
16,2,24,24.74866310160428
16,2,24,23.828877005347596
7,3,24,22.16042780748663
8,3,24,18.43850267379679
8,3,24,19.67914438502674
9,3,24,21.02673796791444
10,3,24,22.737967914438503
10,3,24,24.427807486631018
10,3,24,25.518716577540108
11,3,24,26.267379679144383
12,3,24,27.016042780748663
12,3,24,27.657754010695182
12,3,24,28.106951871657756
13,3,24,26.844919786096256
13,3,24,26.502673796791445
14,3,24,26.41711229946524
15,3,24,25.647058823529413
15,3,24,25.06951871657754
16,3,24,24.128342245989305
16,3,24,23.46524064171123
8,4,24,22.545454545454547
8,4,24,19.422459893048128
9,4,24,20.21390374331551
9,4,24,22.05347593582888
9,4,24,23.08021390374332
10,4,24,24.55614973262032
10,4,24,25.647058823529413
11,4,24,26.074866310160427
12,4,24,26.6524064171123
12,4,24,27.40106951871658
13,4,24,27.529411764705884
13,4,24,27.379679144385022
14,4,24,26.75935828877005
14,4,24,26.203208556149733
15,4,24,25.75401069518717
15,4,24,24.855614973262032
15,4,24,24.19251336898396
16,4,24,22.802139037433157
7,5,24,22.459893048128343
8,5,24,17.86096256684492
8,5,24,17.989304812834224
9,5,24,18.502673796791445
10,5,24,19.122994652406412
10,5,24,19.700534759358288
10,5,24,19.93582887700535
11,5,24,20.085561497326204
12,5,24,20.406417112299465
12,5,24,21.262032085561497
13,5,24,22.11764705882353
13,5,24,23.529411764705884
14,5,24,24.106951871657756
14,5,24,25.58288770053476
14,5,24,26.58823529411765
15,5,24,26.737967914438503
16,5,24,27.31550802139037
16,5,24,26.844919786096256
8,0,24,26.545454545454547
8,0,24,14.45989304812834
9,0,24,15.72192513368984
9,0,24,17.711229946524064
10,0,24,19.422459893048128
10,0,24,21.32620320855615
10,0,24,22.48128342245989
11,0,24,23.037433155080212
11,0,24,23.63636363636364
12,0,24,24.02139037433155
13,0,24,24.235294117647054
13,0,24,24.49197860962567
14,0,24,24.449197860962567
14,0,24,24.171122994652407
14,0,24,23.78609625668449
15,0,24,23.22994652406417
15,0,24,22.09625668449198
16,0,24,21.433155080213904
8,1,24,20.14973262032085
8,1,24,17.176470588235293
8,1,24,18.074866310160427
9,1,24,19.31550802139037
9,1,24,21.47593582887701
10,1,24,23.59358288770053
10,1,24,25.47593582887701
11,1,24,26.41711229946524
12,1,24,27.379679144385022
12,1,24,28.235294117647054
13,1,24,28.25668449197861
13,1,24,28.513368983957218
14,1,24,28.38502673796792
14,1,24,28.21390374331551
15,1,24,27.379679144385022
15,1,24,26.48128342245989
16,1,24,25.048128342245988
16,1,24,23.9144385026738
8,2,24,22.33155080213904
8,2,24,22.737967914438503
9,2,24,24.32085561497326
9,2,24,27.529411764705884
10,2,24,30.93048128342246
10,2,24,36.919786096256686
11,2,24,43.037433155080215
11,2,24,47.82887700534759
12,2,24,51.05882352941177
12,2,24,54.43850267379679
13,2,24,56.64171122994652
13,2,24,58.45989304812834
14,2,24,57.96791443850268
14,2,24,57.81818181818182
15,2,24,55.70053475935829
15,2,24,53.19786096256684
15,2,24,50.11764705882353
16,2,24,48.17112299465241
7,3,24,44.27807486631016
8,3,24,21.818181818181817
9,3,24,23.97860962566845
9,3,24,27.20855614973262
9,3,24,30.566844919786096
10,3,24,35.850267379679146
11,3,24,42.39572192513369
11,3,24,47.46524064171123
11,3,24,50.7379679144385
12,3,24,54.39572192513369
13,3,24,57.668449197860966
13,3,24,59.89304812834224
13,3,24,60.44919786096256
14,3,24,59.401069518716575
15,3,24,58.7379679144385
15,3,24,56.17112299465241
16,3,24,53.711229946524064
16,3,24,52.17112299465241
8,4,24,49.2620320855615
8,4,24,21.433155080213904
9,4,24,23.422459893048128
9,4,24,26.459893048128343
10,4,24,31.272727272727277
10,4,24,38.37433155080214
11,4,24,43.080213903743314
11,4,24,47.70053475935829
12,4,24,51.61497326203209
12,4,24,55.294117647058826
13,4,24,57.09090909090909
13,4,24,58.844919786096256
14,4,24,58.63101604278075
14,4,24,57.3475935828877
15,4,24,55.05882352941177
15,4,24,52.919786096256686
16,4,24,49.75401069518717
16,4,24,47.46524064171123
8,5,24,44.898395721925134
8,5,24,18.13903743315508
9,5,24,19.272727272727277
9,5,24,21.94652406417112
10,5,24,26.844919786096256
10,5,24,33.94652406417112
11,5,24,39.294117647058826
11,5,24,46.99465240641711
12,5,24,51.93582887700535
12,5,24,58.224598930481285
13,5,24,62.6524064171123
13,5,24,69.00534759358288
14,5,24,74.07486631016043
14,5,24,77.11229946524064
15,5,24,79.48663101604278
15,5,24,79.89304812834224
16,5,24,79.52941176470588
16,5,24,77.3048128342246
8,6,24,73.98930481283422
8,6,24,18.71657754010695
9,6,24,20.128342245989305
9,6,24,24.77005347593583
10,6,24,28.21390374331551
10,6,24,33.04812834224599
11,6,24,35.20855614973262
11,6,24,39.080213903743314
12,6,24,44.70588235294117
12,6,24,50.35294117647059
13,6,24,56.66310160427808
13,6,24,62.973262032085564
14,6,24,64.36363636363636
14,6,24,65.56149732620321
15,6,24,65.2620320855615
15,6,24,64.40641711229947
15,6,24,60.29946524064171
16,6,24,55.46524064171123
8,0,24,47.57219251336898
8,0,24,18.90909090909091
9,0,24,20.727272727272727
9,0,24,23.657754010695182
10,0,24,27.25133689839572
10,0,24,33.283422459893046
11,0,24,38.481283422459896
11,0,24,43.63636363636363
12,0,24,47.48663101604278
12,0,24,50.7379679144385
12,0,24,53.02673796791444
13,0,24,54.86631016042781
14,0,24,56.32085561497326
14,0,24,56.57754010695187
14,0,24,54.67379679144385
15,0,24,51.593582887700535
15,0,24,49.1764705882353
16,0,24,47.16577540106952
8,1,24,43.63636363636363
8,1,24,21.240641711229948
9,1,24,23.058823529411764
9,1,24,26.37433155080214
10,1,24,30.41711229946524
10,1,24,36.94117647058823
11,1,24,42.35294117647059
11,1,24,48.59893048128343
12,1,24,52.77005347593583
12,1,24,58.07486631016043
13,1,24,60.0427807486631
13,1,24,62.39572192513369
13,1,24,62.973262032085564
14,1,24,61.5187165775401
15,1,24,57.75401069518717
15,1,24,53.98930481283423
15,1,24,50.99465240641711
16,1,24,48.29946524064171
8,2,24,43.76470588235294
8,2,24,21.3048128342246
8,2,24,22.48128342245989
9,2,24,25.240641711229948
9,2,24,29.90374331550802
10,2,24,35.57219251336898
10,2,24,40.898395721925134
11,2,24,46.95187165775401
11,2,24,51.05882352941177
12,2,24,55.27272727272727
12,2,24,57.475935828877006
13,2,24,59.70053475935829
13,2,24,60.0
14,2,24,59.82887700534759
14,2,24,56.919786096256686
15,2,24,54.11764705882353
15,2,24,50.20320855614973
16,2,24,47.401069518716575
7,5,24,44.23529411764706
8,5,24,18.33155080213904
8,5,24,19.16577540106952
9,5,24,21.88235294117647
9,5,24,27.31550802139037
10,5,24,33.283422459893046
10,5,24,39.16577540106952
11,5,24,46.37433155080214
11,5,24,54.5668449197861
12,5,24,58.43850267379679
12,5,24,63.82887700534759
13,5,24,68.34224598930481
13,5,24,74.26737967914438
14,5,24,77.06951871657753
14,5,24,78.11764705882354
15,5,24,78.33155080213903
15,5,24,78.07486631016043
16,5,24,76.1283422459893
7,6,24,72.47058823529412
8,6,24,18.71657754010695
8,6,24,19.037433155080212
9,6,24,20.02139037433155
9,6,24,20.38502673796792
10,6,24,22.22459893048128
10,6,24,25.36898395721925
11,6,24,33.64705882352941
11,6,24,42.288770053475936
12,6,24,51.55080213903744
13,6,24,56.55614973262032
13,6,24,64.85561497326204
13,6,24,68.19251336898395
14,6,24,72.21390374331551
14,6,24,73.71122994652407
15,6,24,73.5187165775401
15,6,24,70.71657754010695
16,6,24,63.12299465240642
7,0,24,53.56149732620321
8,0,24,19.144385026737968
9,0,24,22.13903743315508
9,0,24,25.647058823529413
9,0,24,28.25668449197861
10,0,24,32.23529411764706
11,0,24,37.5187165775401
11,0,24,44.0
12,0,24,48.85561497326204
12,0,24,55.48663101604278
12,0,24,59.05882352941177
13,0,24,61.54010695187166
13,0,24,62.88770053475936
14,0,24,63.48663101604278
14,0,24,63.31550802139037
15,0,24,62.54545454545455
16,0,24,58.11764705882353
16,0,24,54.24598930481283
8,1,24,49.19786096256684
8,1,24,20.21390374331551
9,1,24,22.181818181818183
9,1,24,26.245989304812834
9,1,24,28.898395721925134
10,1,24,35.20855614973262
10,1,24,41.668449197860966
11,1,24,47.080213903743314
12,1,24,54.16042780748664
12,1,24,59.401069518716575
13,1,24,63.22994652406417
13,1,24,65.62566844919786
13,1,24,67.40106951871658
14,1,24,68.36363636363636
15,1,24,67.70053475935829
15,1,24,67.33689839572193
15,1,24,63.63636363636363
16,1,24,59.05882352941177
7,2,24,52.64171122994652
8,2,24,16.192513368983956
8,2,24,18.63101604278075
9,2,24,21.732620320855617
9,2,24,25.66844919786096
10,2,24,31.59358288770053
10,2,24,36.77005347593583
11,2,24,42.588235294117645
11,2,24,48.47058823529412
12,2,24,54.524064171122994
12,2,24,58.90909090909091
13,2,24,66.31016042780749
13,2,24,68.42780748663101
14,2,24,68.1283422459893
14,2,24,67.35828877005348
15,2,24,66.43850267379679
15,2,24,63.89304812834224
16,2,24,59.42245989304813
7,3,24,52.59893048128343
8,3,24,22.95187165775401
8,3,24,25.58288770053476
9,3,24,28.406417112299465
9,3,24,31.97860962566845
10,3,24,36.06417112299465
10,3,24,40.98395721925134
11,3,24,49.58288770053476
11,3,24,55.82887700534759
12,3,24,61.04812834224599
12,3,24,64.68449197860963
13,3,24,68.77005347593582
13,3,24,70.88770053475936
14,3,24,71.7433155080214
14,3,24,71.05882352941177
15,3,24,70.01069518716578
15,3,24,67.08021390374331
16,3,24,62.86631016042781
8,4,24,58.096256684491976
8,4,24,24.0
9,4,24,27.764705882352946
10,4,24,31.93582887700535
10,4,24,38.80213903743316
10,4,24,44.94117647058823
11,4,24,50.20320855614973
12,4,24,57.2192513368984
12,4,24,62.844919786096256
13,4,24,66.67379679144385
13,4,24,70.4812834224599
14,4,24,71.9144385026738
14,4,24,73.43315508021391
15,4,24,73.73262032085562
15,4,24,71.80748663101605
16,4,24,68.89839572192513
16,4,24,64.21390374331551
7,5,24,59.93582887700535
8,5,24,20.19251336898396
8,5,24,21.13368983957219
9,5,24,24.171122994652407
9,5,24,29.689839572192515
10,5,24,36.919786096256686
10,5,24,43.57219251336898
11,5,24,50.7379679144385
12,5,24,55.80748663101604
12,5,24,63.76470588235294
12,5,24,66.54545454545455
13,5,24,71.80748663101605
13,5,24,75.20855614973262
14,5,24,77.3048128342246
14,5,24,80.0855614973262
15,5,24,81.24064171122994
15,5,24,80.40641711229947
16,5,24,78.20320855614973
7,6,24,74.93048128342247
8,6,24,20.49197860962567
8,6,24,20.855614973262032
9,6,24,21.711229946524064
9,6,24,22.63101604278075
10,6,24,24.62032085561497
10,6,24,28.06417112299465
11,6,24,37.2192513368984
11,6,24,45.81818181818182
12,6,24,53.92513368983957
13,6,24,57.11229946524064
13,6,24,61.77540106951872
13,6,24,62.780748663101605
14,6,24,64.0
15,6,24,64.34224598930481
15,6,24,62.88770053475936
8,0,24,58.33155080213904
8,0,24,20.513368983957218
9,0,24,22.737967914438503
9,0,24,26.16042780748663
10,0,24,29.967914438502675
10,0,24,35.101604278074866
11,0,24,39.850267379679146
11,0,24,44.919786096256686
12,0,24,48.962566844919785
12,0,24,53.155080213903744
13,0,24,54.86631016042781
13,0,24,57.155080213903744
13,0,24,57.45454545454545
14,0,24,56.62032085561497
15,0,24,54.75935828877005
15,0,24,51.76470588235294
16,0,24,48.64171122994652
16,0,24,45.19786096256684
8,1,24,42.93048128342246
8,1,24,20.02139037433155
9,1,24,21.56149732620321
9,1,24,25.155080213903744
10,1,24,29.32620320855615
10,1,24,36.53475935828877
11,1,24,41.88235294117647
11,1,24,48.23529411764706
12,1,24,51.33689839572192
12,1,24,55.55080213903744
13,1,24,57.81818181818182
13,1,24,59.20855614973262
14,1,24,59.74331550802139
14,1,24,58.8235294117647
15,1,24,56.55614973262032
15,1,24,52.27807486631016
16,1,24,49.06951871657754
16,1,24,45.81818181818182
7,2,24,41.90374331550802
8,2,24,20.77005347593583
8,2,24,22.6524064171123
9,2,24,24.727272727272727
9,2,24,30.245989304812834
10,2,24,35.82887700534759
10,2,24,42.31016042780749
11,2,24,47.080213903743314
11,2,24,52.38502673796791
12,2,24,54.88770053475936
13,2,24,57.77540106951872
13,2,24,59.850267379679146
14,2,24,60.14973262032085
14,2,24,60.32085561497326
14,2,24,58.6096256684492
15,2,24,55.9144385026738
16,2,24,51.850267379679146
16,2,24,47.294117647058826
8,3,24,44.17112299465241
8,3,24,21.41176470588235
9,3,24,23.850267379679146
9,3,24,27.63636363636364
10,3,24,31.657754010695182
10,3,24,39.12299465240642
11,3,24,44.10695187165776
11,3,24,51.55080213903744
12,3,24,54.99465240641711
12,3,24,59.01604278074866
12,3,24,61.96791443850268
13,3,24,60.342245989304814
13,3,24,60.77005347593583
14,3,24,60.44919786096256
15,3,24,57.839572192513366
15,3,24,54.13903743315508
16,3,24,50.6951871657754
16,3,24,46.6096256684492
8,4,24,45.1764705882353
8,4,24,19.72192513368984
8,4,24,21.02673796791444
9,4,24,24.299465240641712
10,4,24,29.647058823529413
10,4,24,35.57219251336898
11,4,24,41.06951871657754
11,4,24,47.76470588235294
12,4,24,52.0855614973262
12,4,24,55.080213903743314
13,4,24,57.41176470588236
13,4,24,58.973262032085564
13,4,24,59.93582887700535
14,4,24,59.76470588235294
15,4,24,57.60427807486631
15,4,24,54.032085561497325
16,4,24,50.71657754010696
16,4,24,46.93048128342246
8,5,24,44.25668449197861
8,5,24,16.470588235294116
8,5,24,17.28342245989305
9,5,24,20.81283422459893
9,5,24,26.737967914438503
10,5,24,32.81283422459893
10,5,24,41.668449197860966
11,5,24,46.33155080213904
12,5,24,52.87700534759358
12,5,24,61.2192513368984
13,5,24,65.04812834224599
13,5,24,69.3475935828877
13,5,24,74.11764705882354
14,5,24,76.47058823529412
15,5,24,76.89839572192513
15,5,24,78.56684491978609
16,5,24,78.43850267379679
16,5,24,75.31550802139037
8,6,24,71.22994652406418
8,6,24,17.390374331550802
9,6,24,17.732620320855617
9,6,24,18.33155080213904
10,6,24,19.18716577540107
10,6,24,21.09090909090909
10,6,24,24.21390374331551
11,6,24,34.588235294117645
11,6,24,45.77540106951872
12,6,24,54.032085561497325
13,6,24,58.6951871657754
13,6,24,65.58288770053476
13,6,24,68.06417112299465
14,6,24,71.16577540106952
15,6,24,71.08021390374331
15,6,24,69.81818181818181
15,6,24,66.6096256684492
16,6,24,58.45989304812834
8,0,24,50.26737967914438
8,0,24,18.63101604278075
8,0,24,20.55614973262032
9,0,24,24.363636363636363
9,0,24,27.700534759358288
10,0,24,33.24064171122995
10,0,24,39.89304812834224
11,0,24,45.36898395721925
11,0,24,49.92513368983957
12,0,24,54.288770053475936
12,0,24,56.94117647058823
13,0,24,58.43850267379679
13,0,24,58.99465240641711
14,0,24,58.39572192513369
15,0,24,55.593582887700535
15,0,24,52.21390374331551
16,0,24,48.70588235294117
16,0,24,46.41711229946524
7,1,24,42.6951871657754
8,1,24,21.58288770053476
8,1,24,23.037433155080212
9,1,24,25.94652406417112
9,1,24,30.010695187165776
10,1,24,36.53475935828877
11,1,24,44.21390374331551
11,1,24,49.90374331550802
11,1,24,56.53475935828877
12,1,24,59.401069518716575
13,1,24,60.83422459893048
13,1,24,63.401069518716575
14,1,24,63.76470588235294
14,1,24,63.20855614973262
15,1,24,60.66310160427808
15,1,24,56.77005347593583
16,1,24,52.77005347593583
16,1,24,48.83422459893048
8,2,24,44.38502673796791
8,2,24,22.352941176470587
9,2,24,24.0427807486631
9,2,24,26.823529411764707
10,2,24,31.50802139037433
10,2,24,37.49732620320856
11,2,24,43.37967914438503
11,2,24,49.45454545454545
12,2,24,53.668449197860966
12,2,24,57.58288770053476
13,2,24,60.70588235294117
13,2,24,62.80213903743316
14,2,24,63.144385026737964
14,2,24,62.6524064171123
15,2,24,60.98395721925134
15,2,24,56.919786096256686
16,2,24,53.92513368983957
16,2,24,51.35828877005348
8,3,24,46.88770053475936
8,3,24,18.33155080213904
9,3,24,21.02673796791444
9,3,24,23.016042780748663
10,3,24,26.566844919786096
10,3,24,33.62566844919786
11,3,24,39.10160427807487
11,3,24,45.3903743315508
12,3,24,49.86096256684492
12,3,24,54.50267379679144
13,3,24,57.60427807486631
13,3,24,56.29946524064171
14,3,24,57.711229946524064
14,3,24,57.06951871657754
15,3,24,54.31016042780749
15,3,24,49.41176470588236
16,3,24,46.37433155080214
16,3,24,42.20320855614973
8,4,24,39.294117647058826
8,4,24,17.36898395721925
9,4,24,19.336898395721924
9,4,24,22.524064171122998
10,4,24,23.50802139037433
10,4,24,29.925133689839573
11,4,24,36.0855614973262
11,4,24,42.41711229946524
12,4,24,47.18716577540107
12,4,24,51.786096256684495
13,4,24,54.224598930481285
13,4,24,56.72727272727273
14,4,24,57.668449197860966
14,4,24,56.898395721925134
15,4,24,55.44385026737968
15,4,24,51.144385026737964
16,4,24,46.6951871657754
16,4,24,44.32085561497326
8,5,24,40.98395721925134
8,5,24,14.352941176470589
9,5,24,15.657754010695188
9,5,24,19.67914438502674
10,5,24,26.22459893048128
10,5,24,34.45989304812834
11,5,24,41.2620320855615
11,5,24,50.54545454545455
12,5,24,58.588235294117645
12,5,24,63.37967914438503
13,5,24,68.66310160427807
13,5,24,74.43850267379679
14,5,24,77.83957219251337
14,5,24,80.62032085561498
15,5,24,82.54545454545455
15,5,24,83.27272727272727
16,5,24,83.35828877005348
16,5,24,81.43315508021391
8,6,24,75.93582887700535
8,6,24,11.893048128342246
9,6,24,12.106951871657754
9,6,24,13.04812834224599
10,6,24,14.245989304812834
10,6,24,16.74866310160428
11,6,24,22.75935828877005
11,6,24,32.0
12,6,24,41.41176470588236
12,6,24,51.55080213903744
13,6,24,57.711229946524064
13,6,24,64.02139037433155
14,6,24,67.40106951871658
14,6,24,69.17647058823529
15,6,24,69.41176470588235
15,6,24,67.93582887700535
16,6,24,63.8716577540107
16,6,24,55.31550802139037
8,0,24,45.86096256684492
8,0,24,12.235294117647058
9,0,24,14.95187165775401
9,0,24,17.155080213903744
10,0,24,21.19786096256685
10,0,24,27.850267379679146
11,0,24,33.24064171122995
11,0,24,40.10695187165776
12,0,24,44.42780748663102
12,0,24,48.81283422459893
13,0,24,50.6096256684492
13,0,24,52.342245989304814
14,0,24,53.19786096256684
14,0,24,51.82887700534759
15,0,24,49.41176470588236
15,0,24,46.88770053475936
16,0,24,43.70053475935829
16,0,24,40.342245989304814
7,1,24,36.44919786096256
8,1,24,13.262032085561495
8,1,24,15.572192513368984
9,1,24,18.010695187165776
9,1,24,23.44385026737968
10,1,24,29.28342245989305
11,1,24,36.49197860962567
11,1,24,42.93048128342246
11,1,24,47.18716577540107
12,1,24,50.67379679144385
12,1,24,53.155080213903744
13,1,24,53.839572192513366
14,1,24,54.31016042780749
14,1,24,53.06951871657754
15,1,24,51.12299465240642
15,1,24,47.294117647058826
15,1,24,43.20855614973262
16,1,24,40.342245989304814
8,2,24,35.46524064171123
8,2,24,14.780748663101605
9,2,24,16.705882352941178
9,2,24,20.55614973262032
10,2,24,24.34224598930481
10,2,24,31.78609625668449
11,2,24,39.35828877005348
11,2,24,44.64171122994652
12,2,24,49.58288770053476
12,2,24,53.73262032085562
13,2,24,55.52941176470589
13,2,24,57.54010695187166
14,2,24,58.39572192513369
14,2,24,57.86096256684492
15,2,24,54.26737967914438
15,2,24,50.096256684491976
16,2,24,45.86096256684492
16,2,24,43.33689839572192
8,3,24,39.080213903743314
8,3,24,15.679144385026738
9,3,24,17.732620320855617
9,3,24,21.048128342245988
9,3,24,25.262032085561497
10,3,24,31.550802139037437
11,3,24,39.46524064171123
11,3,24,46.43850267379679
12,3,24,51.35828877005348
12,3,24,56.51336898395722
13,3,24,59.401069518716575
13,3,24,63.35828877005348
14,3,24,63.786096256684495
14,3,24,61.41176470588236
14,3,24,58.481283422459896
15,3,24,54.95187165775401
15,3,24,50.524064171122994
16,3,24,46.6524064171123
8,4,24,42.88770053475936
8,4,24,13.903743315508022
9,4,24,15.935828877005347
10,4,24,23.122994652406412
10,4,24,31.31550802139037
11,4,24,39.31550802139037
11,4,24,47.35828877005348
12,4,24,54.288770053475936
12,4,24,57.56149732620321
13,4,24,60.68449197860963
13,4,24,63.294117647058826
14,4,24,64.47058823529412
14,4,24,64.19251336898395
15,4,24,61.64705882352941
15,4,24,57.24064171122995
16,4,24,54.032085561497325
16,4,24,49.32620320855615
7,5,24,46.096256684491976
8,5,24,11.20855614973262
8,5,24,13.04812834224599
9,5,24,16.684491978609625
10,5,24,25.433155080213904
10,5,24,35.893048128342244
10,5,24,45.02673796791444
11,5,24,52.59893048128343
12,5,24,60.98395721925134
12,5,24,68.2566844919786
13,5,24,74.524064171123
13,5,24,77.92513368983957
14,5,24,80.47058823529412
14,5,24,82.33155080213903
15,5,24,83.57219251336899
15,5,24,84.47058823529412
16,5,24,84.1283422459893
16,5,24,82.71657754010695
8,6,24,79.25133689839572
8,6,24,11.44385026737968
9,6,24,11.48663101604278
9,6,24,12.727272727272728
10,6,24,13.668449197860962
10,6,24,17.58288770053476
11,6,24,23.22994652406417
11,6,24,36.70588235294117
12,6,24,49.1764705882353
12,6,24,61.839572192513366
13,6,24,69.58288770053476
13,6,24,72.55614973262033
14,6,24,74.24598930481284
14,6,24,75.7433155080214
15,6,24,76.34224598930481
15,6,24,76.0427807486631
16,6,24,73.2192513368984
16,6,24,66.11764705882354
8,0,24,57.45454545454545
8,0,24,12.106951871657754
9,0,24,14.37433155080214
9,0,24,17.83957219251337
10,0,24,21.47593582887701
10,0,24,29.176470588235293
11,0,24,36.62032085561497
11,0,24,45.3048128342246
11,0,24,51.97860962566845
12,0,24,56.55614973262032
12,0,24,59.72192513368984
13,0,24,61.60427807486631
14,0,24,61.88235294117647
14,0,24,60.17112299465241
14,0,24,56.919786096256686
15,0,24,53.09090909090909
15,0,24,47.61497326203209
16,0,24,43.57219251336898
7,1,24,36.29946524064171
8,1,24,11.935828877005347
9,1,24,14.010695187165776
9,1,24,17.925133689839573
10,1,24,21.60427807486631
10,1,24,28.363636363636363
11,1,24,35.16577540106952
11,1,24,42.13903743315508
12,1,24,47.294117647058826
12,1,24,52.44919786096256
12,1,24,54.05347593582888
13,1,24,55.9572192513369
13,1,24,55.50802139037433
14,1,24,54.11764705882353
14,1,24,50.88770053475936
15,1,24,46.54545454545455
15,1,24,42.5668449197861
16,1,24,39.72192513368984
8,2,24,35.76470588235294
8,2,24,12.983957219251336
8,2,24,14.6951871657754
9,2,24,17.09090909090909
10,2,24,21.989304812834224
10,2,24,30.352941176470587
11,2,24,37.3903743315508
11,2,24,46.224598930481285
11,2,24,52.21390374331551
12,2,24,56.898395721925134
13,2,24,60.49197860962567
13,2,24,62.95187165775401
13,2,24,63.57219251336898
14,2,24,62.24598930481283
15,2,24,57.73262032085562
15,2,24,52.27807486631016
16,2,24,47.01604278074866
16,2,24,41.36898395721925
8,3,24,37.2192513368984
8,3,24,14.6951871657754
9,3,24,16.406417112299465
9,3,24,19.72192513368984
10,3,24,25.28342245989305
10,3,24,31.614973262032084
11,3,24,40.21390374331551
11,3,24,49.04812834224599
12,3,24,54.5668449197861
12,3,24,60.02139037433155
13,3,24,64.57754010695187
13,3,24,67.65775401069519
13,3,24,68.62032085561498
14,3,24,68.36363636363636
14,3,24,64.38502673796792
15,3,24,60.0
15,3,24,54.780748663101605
16,3,24,50.11764705882353
8,4,24,45.3903743315508
9,4,24,18.71657754010695
9,4,24,26.032085561497325
10,4,24,33.45454545454545
10,4,24,44.53475935828877
11,4,24,55.593582887700535
11,4,24,66.54545454545455
12,4,24,72.38502673796792
12,4,24,77.6470588235294
13,4,24,79.01604278074866
13,4,24,79.31550802139037
14,4,24,79.57219251336899
14,4,24,78.82352941176471
15,4,24,75.22994652406418
15,4,24,72.1283422459893
16,4,24,67.9144385026738
16,4,24,62.93048128342246
8,5,24,58.481283422459896
8,5,24,15.957219251336898
9,5,24,17.83957219251337
9,5,24,23.63636363636364
10,5,24,35.25133689839572
10,5,24,45.1764705882353
11,5,24,57.09090909090909
11,5,24,64.53475935828877
12,5,24,69.92513368983957
12,5,24,77.17647058823529
13,5,24,81.45454545454545
13,5,24,83.7433155080214
14,5,24,85.92513368983957
14,5,24,88.83422459893048
15,5,24,91.33689839572192
15,5,24,91.7433155080214
16,5,24,92.55614973262033
16,5,24,91.37967914438502
8,6,24,88.53475935828877
8,6,24,15.122994652406415
9,6,24,15.593582887700537
9,6,24,16.79144385026738
10,6,24,18.16042780748663
10,6,24,22.09625668449198
11,6,24,30.97326203208556
11,6,24,45.06951871657754
12,6,24,59.35828877005348
12,6,24,68.06417112299465
13,6,24,72.87700534759358
13,6,24,76.42780748663101
14,6,24,78.31016042780749
14,6,24,80.47058823529412
15,6,24,81.86096256684492
15,6,24,81.68983957219251
16,6,24,79.37967914438502
16,6,24,73.62566844919786
8,0,24,63.593582887700535
8,0,24,14.010695187165776
9,0,24,16.192513368983956
9,0,24,19.379679144385022
10,0,24,23.572192513368982
10,0,24,31.40106951871658
11,0,24,41.64705882352941
11,0,24,50.01069518716577
12,0,24,58.973262032085564
12,0,24,64.1283422459893
13,0,24,67.48663101604278
13,0,24,65.75401069518716
14,0,24,67.08021390374331
14,0,24,65.98930481283422
15,0,24,62.39572192513369
15,0,24,58.33155080213904
16,0,24,50.20320855614973
16,0,24,46.50267379679144
7,1,24,43.46524064171123
8,1,24,15.657754010695188
9,1,24,18.22459893048128
9,1,24,21.711229946524064
10,1,24,25.497326203208555
10,1,24,32.85561497326204
11,1,24,40.53475935828877
11,1,24,49.96791443850268
11,1,24,57.3048128342246
12,1,24,61.2620320855615
13,1,24,64.68449197860963
13,1,24,66.7379679144385
14,1,24,67.35828877005348
14,1,24,68.19251336898395
14,1,24,65.00534759358288
15,1,24,60.85561497326204
16,1,24,55.27272727272727
16,1,24,51.48663101604278
8,2,24,47.42245989304813
8,2,24,16.919786096256683
9,2,24,18.780748663101605
9,2,24,22.524064171122998
10,2,24,27.122994652406412
10,2,24,34.90909090909091
10,2,24,42.93048128342246
11,2,24,50.224598930481285
12,2,24,57.155080213903744
12,2,24,62.07486631016043
13,2,24,64.98395721925134
13,2,24,66.99465240641712
14,2,24,68.27807486631016
14,2,24,68.36363636363636
15,2,24,66.58823529411765
15,2,24,61.90374331550802
16,2,24,57.2192513368984
16,2,24,53.56149732620321
8,3,24,50.288770053475936
8,3,24,19.272727272727277
8,3,24,20.59893048128342
9,3,24,24.171122994652407
9,3,24,27.828877005347596
10,3,24,35.70053475935829
10,3,24,45.58288770053476
11,3,24,52.0855614973262
11,3,24,58.973262032085564
12,3,24,63.294117647058826
12,3,24,67.05882352941177
13,3,24,71.03743315508021
13,3,24,72.81283422459893
14,3,24,72.62032085561498
14,3,24,69.5187165775401
15,3,24,64.44919786096257
15,3,24,59.97860962566845
16,3,24,54.90909090909091
7,4,24,51.294117647058826
8,4,24,19.550802139037437
9,4,24,22.310160427807485
9,4,24,25.711229946524064
10,4,24,31.572192513368982
10,4,24,41.3048128342246
11,4,24,50.18181818181818
11,4,24,59.31550802139037
12,4,24,63.786096256684495
12,4,24,68.79144385026738
12,4,24,70.95187165775401
13,4,24,74.26737967914438
13,4,24,75.7433155080214
14,4,24,74.45989304812834
14,4,24,72.1711229946524
15,4,24,67.61497326203208
15,4,24,61.11229946524064
16,4,24,56.10695187165776
8,0,24,51.44385026737968
8,0,24,13.262032085561495
9,0,24,15.572192513368984
9,0,24,18.566844919786096
10,0,24,22.63101604278075
10,0,24,31.63636363636364
11,0,24,40.25668449197861
11,0,24,51.63636363636363
11,0,24,59.9572192513369
12,0,24,64.40641711229947
13,0,24,69.32620320855615
13,0,24,72.74866310160428
14,0,24,73.94652406417113
14,0,24,72.53475935828877
15,0,24,68.62032085561498
15,0,24,62.780748663101605
16,0,24,57.73262032085562
16,0,24,51.080213903743314
7,1,24,46.18181818181818
8,1,24,13.946524064171124
8,1,24,16.385026737967916
9,1,24,19.16577540106952
10,1,24,24.14973262032085
10,1,24,31.9144385026738
11,1,24,39.82887700534759
11,1,24,50.24598930481283
11,1,24,55.67914438502674
12,1,24,60.87700534759358
12,1,24,65.66844919786097
13,1,24,67.46524064171123
14,1,24,69.92513368983957
14,1,24,68.44919786096257
15,1,24,64.47058823529412
15,1,24,59.080213903743314
16,1,24,54.6524064171123
16,1,24,50.973262032085564
7,2,24,46.37433155080214
8,2,24,14.331550802139038
8,2,24,16.49197860962567
9,2,24,18.90909090909091
9,2,24,23.486631016042782
10,2,24,31.25133689839572
10,2,24,39.48663101604278
11,2,24,50.31016042780749
11,2,24,57.32620320855615
12,2,24,63.42245989304813
12,2,24,67.44385026737967
13,2,24,70.97326203208556
13,2,24,71.89304812834224
14,2,24,71.42245989304813
14,2,24,69.0909090909091
15,2,24,64.0
15,2,24,59.22994652406417
16,2,24,54.13903743315508
7,3,24,49.19786096256684
8,3,24,16.27807486631016
8,3,24,18.09625668449198
9,3,24,21.3475935828877
9,3,24,25.36898395721925
10,3,24,33.98930481283423
10,3,24,45.60427807486631
11,3,24,54.80213903743316
11,3,24,64.21390374331551
12,3,24,69.15508021390374
12,3,24,71.05882352941177
13,3,24,73.90374331550802
13,3,24,74.63101604278074
14,3,24,74.7379679144385
14,3,24,72.66310160427807
15,3,24,66.43850267379679
15,3,24,62.6951871657754
16,3,24,58.032085561497325
8,4,24,53.668449197860966
8,4,24,19.101604278074863
8,4,24,21.262032085561497
9,4,24,24.14973262032085
9,4,24,30.267379679144383
10,4,24,37.2620320855615
10,4,24,47.9144385026738
11,4,24,55.72192513368984
11,4,24,63.10160427807487
12,4,24,68.32085561497327
13,4,24,73.43315508021391
13,4,24,74.88770053475936
14,4,24,76.49197860962566
14,4,24,73.92513368983957
14,4,24,70.84491978609626
15,4,24,67.16577540106952
16,4,24,62.54545454545455
16,4,24,57.2192513368984
7,5,24,51.80748663101604
8,5,24,16.27807486631016
9,5,24,18.37433155080214
9,5,24,25.60427807486631
9,5,24,35.42245989304813
10,5,24,44.62032085561497
11,5,24,55.27272727272727
11,5,24,62.6951871657754
12,5,24,68.02139037433155
12,5,24,73.66844919786097
12,5,24,76.96256684491979
13,5,24,78.80213903743315
13,5,24,81.00534759358288
14,5,24,82.31016042780749
15,5,24,82.80213903743315
15,5,24,83.65775401069519
15,5,24,84.40641711229947
16,5,24,83.18716577540107
8,6,24,80.89839572192513
8,6,24,15.16577540106952
8,6,24,15.336898395721924
9,6,24,16.385026737967916
9,6,24,17.689839572192515
10,6,24,21.32620320855615
10,6,24,29.112299465240643
11,6,24,45.54010695187166
11,6,24,60.10695187165776
12,6,24,70.524064171123
13,6,24,75.61497326203208
13,6,24,77.68983957219251
13,6,24,79.44385026737967
14,6,24,81.88235294117646
14,6,24,82.54545454545455
15,6,24,82.58823529411765
15,6,24,80.70588235294117
16,6,24,73.45454545454545
8,0,24,66.43850267379679
8,0,24,14.181818181818182
9,0,24,16.77005347593583
9,0,24,20.128342245989305
10,0,24,24.77005347593583
10,0,24,35.294117647058826
11,0,24,45.36898395721925
11,0,24,55.25133689839572
11,0,24,63.31550802139037
12,0,24,67.97860962566845
12,0,24,72.38502673796792
13,0,24,74.71657754010695
14,0,24,76.57754010695187
14,0,24,75.57219251336899
14,0,24,72.2566844919786
15,0,24,67.65775401069519
15,0,24,61.668449197860966
16,0,24,56.81283422459893
7,1,25,0.0
8,1,25,27.839299510687614
8,1,25,37.78006695853721
9,1,25,51.68684007210919
9,1,25,64.43471542621684
10,1,25,72.16070048931239
10,1,25,78.16121555498326
11,1,25,81.61215554983261
11,1,25,82.9513262941025
12,1,25,83.6466649497811
13,1,25,83.72392480041205
13,1,25,83.23461241308267
14,1,25,81.99845480298738
14,1,25,80.99407674478496
14,1,25,80.1699716713881
15,1,25,77.54313674993561
16,1,25,73.11357198042751
16,1,25,68.40072109193922
7,2,25,60.75199587947464
8,2,25,28.431625032191604
9,2,25,41.17950038629925
9,2,25,55.16353335050219
10,2,25,65.72237960339943
10,2,25,76.15245943857842
11,2,25,80.27298480556271
11,2,25,81.81818181818181
12,2,25,82.2559876384239
12,2,25,82.74530002575328
12,2,25,82.15297450424929
13,2,25,80.99407674478496
13,2,25,81.01983002832861
14,2,25,80.8653103270667
14,2,25,79.11408704609838
15,2,25,76.30697913984032
16,2,25,71.64563481843935
16,2,25,66.21169199072882
7,3,25,58.64022662889519
8,3,25,28.76641771825908
8,3,25,40.20087561164048
9,3,25,50.83698171516868
10,3,25,62.24568632500644
10,3,25,69.5853721349472
10,3,25,73.39685809940768
11,3,25,76.15245943857842
12,3,25,78.36724182333248
12,3,25,80.27298480556271
12,3,25,80.50476435745557
13,3,25,80.78805047643574
13,3,25,80.60777749163019
14,3,25,80.71079062580479
15,3,25,78.6762812258563
15,3,25,75.22534123100695
16,3,25,70.7700231779552
16,3,25,65.46484676796291
8,4,25,57.86762812258563
8,4,25,26.78341488539789
9,4,25,36.28637651300541
9,4,25,48.44192634560906
9,4,25,55.34380633530776
10,4,25,61.06103528199846
10,4,25,64.79526139582796
11,4,25,66.72675766160185
12,4,25,67.93716198815349
12,4,25,68.47798094257018
13,4,25,68.73551377800669
13,4,25,68.91578676281226
14,4,25,67.55086273499872
14,4,25,66.49497810970898
15,4,25,64.33170229204224
15,4,25,60.648982745300025
15,4,25,58.04790110739119
16,4,25,54.67422096317281
7,5,25,47.12850888488282
8,5,25,13.49472057687355
8,5,25,14.859644604687098
9,5,25,17.048673705897503
10,5,25,19.649755343806337
10,5,25,23.3582281740922
10,5,25,25.77903682719547
11,5,25,27.53026010816379
12,5,25,30.64640741694566
12,5,25,33.814061292814834
13,5,25,35.951583826937934
13,5,25,38.08910636106104
14,5,25,38.65567859902138
14,5,25,39.94334277620396
14,5,25,40.66443471542622
15,5,25,41.2052536698429
16,5,25,40.61292814833892
16,5,25,37.70280710790626
8,6,25,34.0458408447077
8,6,25,14.44759206798867
9,6,25,13.649240278135462
9,6,25,13.984032964202935
9,6,25,14.808138037599797
10,6,25,15.32320370847283
11,6,25,16.121555498326035
11,6,25,17.33195982487767
11,6,25,18.72263713623487
12,6,25,20.26783414885398
13,6,25,21.890291012104043
13,6,25,22.53412310069534
14,6,25,22.740149369044552
14,6,25,23.383981457635848
15,6,25,23.950553695596188
15,6,25,22.894669070306463
16,6,25,21.452485191861964
16,6,25,19.598248776719032
8,0,25,17.409219675508627
8,0,25,27.581766675251096
9,0,25,36.67267576616018
9,0,25,50.65670873036312
10,0,25,60.72624259593098
10,0,25,69.37934586659799
10,0,25,72.26371362348699
11,0,25,74.76178212722122
11,0,25,75.92067988668555
12,0,25,77.05382436260624
13,0,25,77.62039660056658
13,0,25,77.87792943600309
14,0,25,76.95081122843162
14,0,25,76.40999227401494
14,0,25,74.6587689930466
15,0,25,72.85603914499099
15,0,25,69.14756631470513
16,0,25,65.92840587174865
8,1,25,57.635848570692765
8,1,25,29.590522791655932
8,1,25,39.248004120525366
9,1,25,49.75534380633531
9,1,25,63.99690960597477
10,1,25,72.57275302601082
10,1,25,78.13546227143961
11,1,25,79.75791913468967
12,1,25,81.25160958022148
12,1,25,81.99845480298738
13,1,25,82.61653360803503
13,1,25,82.33324748905486
14,1,25,81.40612928148339
14,1,25,80.58202420808654
15,1,25,78.10970898789596
15,1,25,74.96780839557043
16,1,25,70.64125676023693
16,1,25,66.23744527427247
8,2,25,59.07803244913727
8,2,25,31.47051249034252
9,2,25,41.514293072366726
9,2,25,55.34380633530776
10,2,25,63.97115632243111
10,2,25,72.93329899562194
11,2,25,77.13108421323719
11,2,25,79.62915271697142
12,2,25,80.63353077517384
12,2,25,80.8653103270667
13,2,25,80.89106361061036
13,2,25,80.58202420808654
14,2,25,80.1184651043008
14,2,25,79.4231264486222
15,2,25,76.89930466134432
15,2,25,73.7058975019315
15,2,25,70.1776976564512
16,2,25,65.902652588205
7,3,25,57.89338140612928
8,3,25,27.32423383981457
9,3,25,40.97347411795004
9,3,25,53.95312902395055
9,3,25,64.12567602369302
10,3,25,72.34097347411794
11,3,25,77.69765645119753
11,3,25,80.94257017769766
11,3,25,81.92119495235643
12,3,25,82.66804017512233
13,3,25,82.97707957764615
13,3,25,82.3074942055112
13,3,25,82.10146793716198
14,3,25,80.94257017769766
15,3,25,78.6762812258563
15,3,25,75.8434200360546
16,3,25,72.67576616018542
16,3,25,67.80839557043522
8,4,25,59.747617821272215
8,4,25,27.55601339170744
9,4,25,36.234869945918106
9,4,25,48.1586402266289
10,4,25,56.7602369302086
10,4,25,63.84238990471285
11,4,25,66.57223796033995
11,4,25,68.29770795776462
12,4,25,69.25057944887973
12,4,25,68.89003347926861
13,4,25,68.24620139067731
13,4,25,67.70538243626062
14,4,25,66.52073139325265
14,4,25,65.2073139325264
15,4,25,63.79088333762554
15,4,25,61.34432140097862
16,4,25,56.96626319855782
16,4,25,52.97450424929178
8,5,25,45.91810455833119
8,5,25,13.571980427504506
9,5,25,15.503476693278394
9,5,25,17.02292042235385
10,5,25,18.980169971671387
10,5,25,22.096317280453256
11,5,25,24.28534638166366
11,5,25,26.680401751223283
12,5,25,27.993819211949525
12,5,25,30.311614730878187
13,5,25,32.16585114602112
13,5,25,35.15323203708473
14,5,25,37.110481586402265
14,5,25,37.54828740664435
15,5,25,37.90883337625547
15,5,25,38.86170486737059
16,5,25,38.06335307751738
16,5,25,36.02884367756889
8,6,25,33.63378830800927
8,6,25,14.087046098377543
9,6,25,15.657996394540303
9,6,25,21.813031161473088
10,6,25,28.431625032191604
10,6,25,35.51377800669585
11,6,25,38.57841874839042
11,6,25,40.458408447077005
12,6,25,42.41565799639454
12,6,25,46.0726242595931
13,6,25,47.23152201905743
13,6,25,45.866597991243886
14,6,25,43.44578933814061
14,6,25,39.22225083698172
15,6,25,34.48364666494978
15,6,25,30.878186968838527
15,6,25,27.22122070563997
16,6,25,24.62013906773113
8,0,25,20.03605459696111
8,0,25,26.294102498068504
9,0,25,35.15323203708473
9,0,25,47.64357455575586
10,0,25,55.52407932011332
10,0,25,65.46484676796291
11,0,25,70.07468452227658
11,0,25,73.29384496523306
12,0,25,74.27246973989183
12,0,25,75.58588720061807
12,0,25,75.56013391707442
13,0,25,75.9464331702292
14,0,25,75.12232809683235
14,0,25,74.19520988926088
14,0,25,72.85603914499099
15,0,25,70.8215297450425
15,0,25,66.95853721349472
16,0,25,62.63198557816121
8,1,25,55.06052021632758
8,1,25,29.46175637393768
9,1,25,38.78444501673963
9,1,25,52.56245171259336
10,1,25,62.73499871233582
10,1,25,71.20782899819727
11,1,25,75.81766675251095
11,1,25,79.3716198815349
12,1,25,79.24285346381663
12,1,25,79.80942570177697
13,1,25,80.24723152201906
13,1,25,80.63353077517384
13,1,25,80.32449137265002
14,1,25,79.86093226886427
15,1,25,78.36724182333248
15,1,25,75.92067988668555
15,1,25,71.77440123615762
16,1,25,68.24620139067731
8,2,25,62.657738861704864
8,2,25,30.929693535925832
8,2,25,37.78006695853721
9,2,25,52.20190574298223
9,2,25,63.50759721864538
10,2,25,69.63687870203451
10,2,25,74.32397630697913
11,2,25,77.87792943600309
11,2,25,78.34148853978883
12,2,25,79.78367241823332
12,2,25,79.39737316507855
13,2,25,78.80504764357455
13,2,25,78.28998197270153
14,2,25,76.61601854236415
14,2,25,75.48287406644347
15,2,25,73.01055884625289
15,2,25,68.89003347926861
16,2,25,64.46046870976049
7,5,25,57.22379603399433
8,5,25,12.155549832603658
8,5,25,13.288694308524336
9,5,25,15.451970126191087
9,5,25,17.30620654133402
10,5,25,20.03605459696111
10,5,25,21.813031161473088
11,5,25,24.903425186711303
11,5,25,27.143960855009013
12,5,25,29.152716971413856
12,5,25,31.212979654906
13,5,25,33.58228174092197
13,5,25,34.68967293329899
14,5,25,34.20036054596961
14,5,25,35.075972186453775
15,5,25,34.869945918104555
15,5,25,34.17460726242596
16,5,25,32.50064383208859
7,6,25,30.23435488024723
8,6,25,13.365954159155292
8,6,25,13.700746845222763
9,6,25,14.31882565027041
9,6,25,15.03991758949266
10,6,25,15.838269379345869
10,6,25,16.482101467937163
11,6,25,17.512232809683233
11,6,25,18.69688385269122
12,6,25,20.757146536183363
13,6,25,21.99330414627865
13,6,25,23.12644862219933
13,6,25,23.590007725985064
14,6,25,24.13082668040175
14,6,25,24.053566829770794
15,6,25,23.66726757661602
15,6,25,23.177955189286635
16,6,25,21.220705639969097
7,0,25,19.237702807107905
8,0,25,25.90780324491373
9,0,25,37.21349472057688
9,0,25,49.008498583569406
9,0,25,56.21941797579191
10,0,25,59.41282513520474
11,0,25,62.52897244398661
11,0,25,64.25444244141129
12,0,25,65.51635333505021
12,0,25,66.7525109451455
12,0,25,67.55086273499872
13,0,25,68.27195467422096
13,0,25,68.06592840587174
14,0,25,67.70538243626062
14,0,25,67.52510945145507
15,0,25,66.82977079577645
16,0,25,63.40458408447077
16,0,25,59.5930981200103
8,1,25,52.3821787277878
8,1,25,26.2425959309812
9,1,25,35.30775173834664
9,1,25,47.875354107648725
9,1,25,53.412310069533866
10,1,25,61.6276075199588
10,1,25,65.67087303631213
11,1,25,67.60236930208602
12,1,25,68.89003347926861
12,1,25,70.35797064125676
13,1,25,71.0275560133917
13,1,25,71.80015451970127
13,1,25,71.5168684007211
14,1,25,71.05330929693535
15,1,25,70.2807107906258
15,1,25,68.14318825650271
15,1,25,64.79526139582796
16,1,25,61.44733453515323
7,2,25,53.386556785990216
8,2,25,27.11820757146536
8,2,25,38.60417203193407
9,2,25,48.132886943085246
9,2,25,55.52407932011332
10,2,25,61.55034766932784
10,2,25,64.61498841102241
11,2,25,66.98429049703837
11,2,25,68.0401751223281
12,2,25,69.04455318053051
12,2,25,69.63687870203451
13,2,25,69.97167138810198
13,2,25,70.3837239248004
14,2,25,70.8730363121298
14,2,25,70.2807107906258
15,2,25,68.68400721091939
15,2,25,65.87689930466135
16,2,25,61.31856811743497
7,3,25,54.00463559103786
8,3,25,27.50450682462014
8,3,25,38.55266546484677
9,3,25,48.23590007725985
9,3,25,55.73010558846253
10,3,25,60.15967035797064
10,3,25,63.37883080092712
11,3,25,65.92840587174865
11,3,25,67.60236930208602
12,3,25,69.01879989698686
12,3,25,69.61112541849086
13,3,25,70.43523049188772
13,3,25,69.86865825392738
14,3,25,70.15194437290755
14,3,25,69.17331959824878
15,3,25,68.40072109193922
15,3,25,66.0056657223796
16,3,25,61.78212722122071
8,4,25,55.78161215554983
8,4,25,30.02832861189802
9,4,25,41.28251352047386
10,4,25,47.901107391192376
10,4,25,52.61395827968066
10,4,25,54.88024723152202
11,4,25,56.99201648210147
12,4,25,57.558588720061806
12,4,25,58.71748647952614
13,4,25,59.20679886685552
13,4,25,60.41720319340716
14,4,25,59.773371104815865
14,4,25,60.41720319340716
15,4,25,59.85063095544682
15,4,25,57.89338140612928
16,4,25,54.77723409734741
16,4,25,50.52794231264486
7,5,25,45.11975276847798
8,5,25,13.056914756631471
8,5,25,14.009786247746588
9,5,25,16.533608035024464
9,5,25,18.078805047643574
10,5,25,21.452485191861964
10,5,25,24.1050733968581
11,5,25,27.607519958794747
12,5,25,29.023950553695595
12,5,25,31.77955189286634
12,5,25,33.06721607004893
13,5,25,34.58665979912439
13,5,25,35.66829770795776
14,5,25,36.56966263198558
14,5,25,36.90445531805305
15,5,25,37.85732680916817
15,5,25,37.36801442183879
16,5,25,35.46227143960855
7,6,25,32.577903682719544
8,6,25,13.546227143960856
8,6,25,13.726500128766418
9,6,25,14.1643059490085
9,6,25,14.9111511717744
10,6,25,16.095802214782385
10,6,25,16.919907288179242
11,6,25,18.027298480556272
11,6,25,19.95879474633016
12,6,25,21.452485191861964
13,6,25,22.61138295132629
13,6,25,23.48699459181045
13,6,25,23.383981457635848
14,6,25,23.177955189286635
15,6,25,21.99330414627865
15,6,25,21.246458923512748
8,0,25,19.392222508369816
8,0,25,27.22122070563997
9,0,25,37.29075457120783
9,0,25,51.81560648982745
10,0,25,60.9322688642802
10,0,25,68.52948750965749
11,0,25,71.00180272984805
11,0,25,73.68014421838784
12,0,25,74.78753541076487
12,0,25,74.47849600824105
13,0,25,74.11795003862993
13,0,25,74.6072624259593
13,0,25,74.99356167911408
14,0,25,74.91630182848313
15,0,25,73.26809168168941
15,0,25,70.9245428792171
16,0,25,67.31908318310585
16,0,25,62.99253154777234
8,1,25,55.93613185681174
8,1,25,29.92531547772341
9,1,25,38.217872778779295
9,1,25,51.76409992274015
10,1,25,60.39144990986351
10,1,25,71.15632243110997
11,1,25,75.1995879474633
11,1,25,78.90806077774916
12,1,25,79.93819211949524
12,1,25,80.45325779036827
13,1,25,80.91681689415401
13,1,25,81.48338913211434
14,1,25,81.07133659541591
14,1,25,80.55627092454289
15,1,25,79.75791913468967
15,1,25,77.05382436260624
16,1,25,73.68014421838784
16,1,25,68.29770795776462
7,2,25,58.94926603141901
8,2,25,27.91655936131857
8,2,25,39.45403038887458
9,2,25,50.06438320885913
9,2,25,63.30157095029616
10,2,25,71.5683749678084
10,2,25,76.5902652588205
11,2,25,78.8823074942055
11,2,25,79.80942570177697
12,2,25,80.27298480556271
13,2,25,79.62915271697142
13,2,25,79.2686067473603
14,2,25,77.9809425701777
14,2,25,78.00669585372135
14,2,25,76.46149884110224
15,2,25,74.89054854493948
16,2,25,70.46098377543137
16,2,25,64.46046870976049
8,3,25,56.96626319855782
8,3,25,31.856811743497296
9,3,25,41.1022405356683
9,3,25,54.59696111254185
10,3,25,64.48622199330414
10,3,25,72.93329899562194
11,3,25,76.69327839299511
11,3,25,79.91243883595159
12,3,25,80.91681689415401
12,3,25,81.92119495235643
12,3,25,81.97270151944373
13,3,25,82.48776719031676
13,3,25,82.2559876384239
14,3,25,82.28174092196755
15,3,25,80.24723152201906
15,3,25,76.97656451197528
16,3,25,73.37110481586403
16,3,25,67.67962915271697
8,4,25,60.72624259593098
8,4,25,29.35874323976307
8,4,25,38.114859644604685
9,4,25,50.11588977594644
10,4,25,60.44295647695081
10,4,25,64.82101467937161
11,4,25,66.95853721349472
11,4,25,69.40509915014164
12,4,25,70.20345093999485
12,4,25,70.89878959567345
13,4,25,70.56399690960598
13,4,25,70.04893123873293
13,4,25,68.52948750965749
14,4,25,67.01004378058202
15,4,25,65.87689930466135
15,4,25,62.52897244398661
16,4,25,58.537213494720575
16,4,25,54.21066185938707
8,5,25,47.54056142158125
8,5,25,14.705124903425189
8,5,25,15.761009528714911
9,5,25,17.847025495750707
9,5,25,19.649755343806337
10,5,25,21.71001802729848
10,5,25,23.873293844965232
11,5,25,25.5472572753026
12,5,25,27.169714138552667
12,5,25,29.590522791655932
13,5,25,31.573525624517124
13,5,25,33.50502189029101
13,5,25,34.58665979912439
14,5,25,35.12747875354108
15,5,25,35.53953129023951
15,5,25,34.818439351017254
16,5,25,33.865567859902136
16,5,25,31.34174607262426
8,6,25,29.307236672675767
8,6,25,14.293072366726758
9,6,25,14.679371619881534
9,6,25,15.451970126191087
10,6,25,16.58511460211177
10,6,25,17.30620654133402
10,6,25,18.207571465361838
11,6,25,19.57249549317538
11,6,25,21.761524594385783
12,6,25,23.461241308266803
13,6,25,24.723152201905744
13,6,25,25.65027040947721
13,6,25,25.495750708215297
14,6,25,25.598763842389904
15,6,25,24.92917847025496
15,6,25,24.053566829770794
15,6,25,22.55987638423899
16,6,25,20.29358743239763
8,0,25,18.13031161473088
8,0,25,27.78779294360031
8,0,25,36.90445531805305
9,0,25,51.068761267061554
9,0,25,61.06103528199846
10,0,25,70.9245428792171
10,0,25,75.74040690188
11,0,25,78.65052794231265
11,0,25,79.3201133144476
12,0,25,81.40612928148339
12,0,25,81.97270151944373
13,0,25,82.10146793716198
13,0,25,81.45763584857069
14,0,25,81.76667525109451
15,0,25,79.98969868658254
15,0,25,78.13546227143961
16,0,25,73.83466391964976
16,0,25,68.32346124130827
7,1,25,59.36131856811743
8,1,25,30.02832861189802
8,1,25,40.79320113314448
9,1,25,54.67422096317281
9,1,25,64.46046870976049
10,1,25,75.56013391707442
11,1,25,81.35462271439609
11,1,25,84.36775688900335
11,1,25,85.91295390162246
12,1,25,86.86582539273758
13,1,25,87.2263713623487
13,1,25,86.71130569147566
14,1,25,85.39788823074942
14,1,25,85.21761524594386
15,1,25,83.1573525624517
15,1,25,81.01983002832861
16,1,25,75.8434200360546
16,1,25,70.3322173577131
8,2,25,60.85500901364924
8,2,25,30.67216070048931
9,2,25,40.84470770023178
9,2,25,54.77723409734741
10,2,25,67.26757661601854
10,2,25,74.91630182848313
11,2,25,79.44887973216585
11,2,25,82.56502704094773
12,2,25,83.0028328611898
12,2,25,84.21323718774144
13,2,25,83.92995106876127
13,2,25,84.08447077002317
14,2,25,83.6466649497811
14,2,25,83.5436518156065
15,2,25,82.10146793716198
15,2,25,79.24285346381663
16,2,25,74.06644347154263
16,2,25,69.40509915014164
8,3,25,59.644604687097605
8,3,25,30.697913984032965
9,3,25,43.96085500901365
9,3,25,54.107648725212464
10,3,25,64.30594900849859
10,3,25,74.06644347154263
11,3,25,78.85655421066186
11,3,25,82.33324748905486
12,3,25,83.5951583826938
12,3,25,84.90857584342004
13,3,25,85.39788823074942
13,3,25,85.0888488282256
14,3,25,84.83131599278909
14,3,25,84.83131599278909
15,3,25,82.97707957764615
15,3,25,79.34586659799125
16,3,25,74.91630182848313
16,3,25,69.37934586659799
8,4,25,61.60185423641514
8,4,25,29.48750965748133
9,4,25,39.351017254699975
9,4,25,51.0945145506052
10,4,25,58.45995364408962
10,4,25,66.16018542364151
11,4,25,69.97167138810198
11,4,25,72.18645377285604
12,4,25,72.80453257790369
12,4,25,74.42698944115375
13,4,25,74.16945660571723
13,4,25,73.62863765130054
14,4,25,72.65001287664177
14,4,25,72.34097347411794
15,4,25,71.43960855009014
15,4,25,68.37496780839557
16,4,25,63.19855781612156
16,4,25,59.20679886685552
8,5,25,51.40355395312903
8,5,25,14.087046098377543
9,5,25,14.9111511717744
9,5,25,17.357713108421322
10,5,25,19.804275045068245
10,5,25,23.97630697913984
11,5,25,26.603141900592327
11,5,25,29.51326294102498
12,5,25,32.29461756373938
12,5,25,35.12747875354108
13,5,25,37.78006695853721
13,5,25,40.381148596446046
14,5,25,41.97785217615246
14,5,25,43.2912696368787
15,5,25,43.39428277105331
15,5,25,43.93510172547
16,5,25,43.42003605459696
16,5,25,40.484161730620656
8,6,25,36.56966263198558
8,6,25,14.73087818696884
9,6,25,14.885397888230749
9,6,25,15.297450424929178
10,6,25,16.224568632500645
10,6,25,17.12593355652846
11,6,25,18.59387071851661
11,6,25,20.39660056657224
12,6,25,23.229461756373937
12,6,25,25.444244141127992
13,6,25,27.890806077774915
13,6,25,29.770795776461497
14,6,25,30.33736801442184
14,6,25,30.723667267576616
15,6,25,29.873808910636107
15,6,25,28.302858614473344
16,6,25,27.169714138552667
16,6,25,24.43986608292557
8,0,25,21.684264743754827
8,0,25,28.07107906258048
9,0,25,41.514293072366726
9,0,25,53.61833633788308
10,0,25,64.61498841102241
10,0,25,73.93767705382436
11,0,25,77.38861704867371
11,0,25,80.53051764099922
12,0,25,81.35462271439609
12,0,25,82.79680659284058
13,0,25,82.8483131599279
13,0,25,83.87844450167397
14,0,25,84.00721091939222
14,0,25,83.7496780839557
15,0,25,82.48776719031676
15,0,25,80.32449137265002
16,0,25,76.33273242338399
16,0,25,71.54262168426474
7,1,25,63.99690960597477
8,1,25,29.7192892093742
8,1,25,43.57455575585888
9,1,25,55.652845737831576
9,1,25,68.99304661344321
10,1,25,78.36724182333248
11,1,25,84.08447077002317
11,1,25,87.02034509399948
11,1,25,87.48390419778522
12,1,25,88.30800927118207
12,1,25,87.30363121297965
13,1,25,87.02034509399948
14,1,25,85.88720061807881
14,1,25,85.91295390162246
15,1,25,84.08447077002317
15,1,25,81.07133659541591
15,1,25,76.71903167653876
16,1,25,72.28946690703064
8,2,25,62.06541334020088
8,2,25,32.11434457893382
9,2,25,43.16250321916044
9,2,25,56.502704094772085
10,2,25,66.36621169199073
10,2,25,77.02807107906258
11,2,25,82.79680659284058
11,2,25,84.62528972443987
12,2,25,84.85706927633274
12,2,25,85.65542106618594
13,2,25,85.34638166366211
13,2,25,85.75843420036054
14,2,25,85.0888488282256
14,2,25,83.51789853206284
15,2,25,81.61215554983261
15,2,25,77.92943600309039
16,2,25,73.62863765130054
16,2,25,69.76564511975276
8,3,25,59.23255215039918
8,3,25,34.40638681431883
9,3,25,44.52742724697399
9,3,25,57.91913468967293
9,3,25,67.37058975019315
10,3,25,75.32835436518157
11,3,25,80.73654390934844
11,3,25,84.11022405356682
12,3,25,84.98583569405099
12,3,25,86.22199330414628
13,3,25,86.45377285603915
13,3,25,85.91295390162246
14,3,25,85.14035539531291
14,3,25,84.41926345609065
14,3,25,83.26036569662632
15,3,25,80.47901107391192
15,3,25,75.76616018542364
16,3,25,71.64563481843935
8,4,25,62.786505279423125
8,4,25,32.34612413082668
9,4,25,41.92634560906516
10,4,25,60.90651558073655
10,4,25,69.07030646407416
11,4,25,72.67576616018542
11,4,25,75.66314705124904
12,4,25,76.5902652588205
12,4,25,77.15683749678084
13,4,25,76.97656451197528
13,4,25,76.20396600566572
14,4,25,75.27684779809425
14,4,25,75.12232809683235
15,4,25,73.55137780066958
15,4,25,69.89441153747103
16,4,25,66.85552407932012
16,4,25,61.78212722122071
7,5,25,56.476950811228434
8,5,25,17.409219675508627
8,5,25,18.980169971671387
9,5,25,21.813031161473088
10,5,25,25.469997424671647
10,5,25,29.61627607519959
10,5,25,33.092969353592586
11,5,25,36.69842904970384
12,5,25,39.78882307494206
12,5,25,43.57455575585888
13,5,25,47.25727530260108
13,5,25,51.274787535410766
14,5,25,52.87149111511718
14,5,25,54.67422096317281
15,5,25,55.00901364924028
15,5,25,55.292299768220445
16,5,25,54.85449394797837
16,5,25,51.867113056914754
8,6,25,47.92686067473603
8,6,25,16.507854751480814
9,6,25,16.997167138810198
9,6,25,17.71825907803245
10,6,25,18.46510430079835
10,6,25,20.13906773113572
11,6,25,21.40097862477466
11,6,25,24.1050733968581
12,6,25,26.96368787020345
12,6,25,30.07983517898532
13,6,25,32.62941024980685
13,6,25,36.28637651300541
14,6,25,37.187741437033225
14,6,25,38.75869173319598
15,6,25,40.92196755086273
15,6,25,39.78882307494206
16,6,25,37.41952098892609
16,6,25,33.942827710533095
8,0,25,29.951068761267063
8,0,25,35.101725469997426
9,0,25,45.19701261910894
9,0,25,59.72186453772856
10,0,25,70.1261910893639
10,0,25,79.19134689672933
11,0,25,83.51789853206284
11,0,25,85.78418748390419
11,0,25,86.55678599021375
12,0,25,87.09760494463045
12,0,25,87.277877929436
13,0,25,86.55678599021375
14,0,25,85.57816121555499
14,0,25,84.67679629152717
14,0,25,82.92557301055885
15,0,25,80.63353077517384
15,0,25,76.48725212464589
16,0,25,71.671388101983
7,1,25,62.3744527427247
8,1,25,30.929693535925832
9,1,25,43.75482874066444
9,1,25,57.61009528714912
10,1,25,67.70538243626062
10,1,25,78.26422868915786
11,1,25,83.26036569662632
11,1,25,86.42801957249549
12,1,25,87.43239763069792
12,1,25,87.74143703322173
12,1,25,87.99896986865825
13,1,25,88.0247231522019
13,1,25,87.2263713623487
14,1,25,86.86582539273758
14,1,25,85.39788823074942
15,1,25,83.28611898016997
15,1,25,78.18696883852691
16,1,25,73.91192377028071
8,2,25,65.05279423126449
8,2,25,35.33350502189029
8,2,25,44.99098635075972
9,2,25,56.86325006438321
10,2,25,68.96729332989956
10,2,25,79.60339943342777
11,2,25,84.2904970383724
11,2,25,86.5825392737574
11,2,25,86.4795261395828
12,2,25,87.25212464589235
13,2,25,86.96883852691218
13,2,25,87.40664434715426
13,2,25,86.86582539273758
14,2,25,86.09322688642801
15,2,25,84.75405614215812
15,2,25,82.56502704094773
16,2,25,79.44887973216585
16,2,25,72.77877929436004
8,3,25,65.2588204996137
8,3,25,33.11872263713624
9,3,25,43.65181560648983
9,3,25,57.04352304918877
10,3,25,69.89441153747103
10,3,25,76.43574555755859
11,3,25,80.60777749163019
11,3,25,84.08447077002317
12,3,25,85.24336852948751
12,3,25,86.4795261395828
13,3,25,85.88720061807881
13,3,25,86.27349987123358
13,3,25,85.68117434972959
14,3,25,85.39788823074942
14,3,25,83.5951583826938
15,3,25,81.30311614730878
15,3,25,77.15683749678084
16,3,25,73.47411795003863
8,4,25,64.48622199330414
9,4,25,33.17022920422354
9,4,25,54.5712078289982
10,4,25,63.27581766675251
10,4,25,72.05768735513777
11,4,25,76.48725212464589
11,4,25,78.624774658769
12,4,25,80.68503734226114
12,4,25,81.86968838526913
13,4,25,81.89544166881278
13,4,25,79.24285346381663
14,4,25,79.08833376255473
14,4,25,78.57326809168168
15,4,25,75.53438063353077
15,4,25,72.13494720576874
16,4,25,68.60674736028844
16,4,25,63.61061035281998
8,5,25,56.7087303631213
8,5,25,19.8300283286119
9,5,25,20.78289981972701
9,5,25,24.62013906773113
10,5,25,28.97244398660829
10,5,25,32.783929951068764
11,5,25,36.67267576616018
11,5,25,39.84032964202936
12,5,25,42.389904712850885
12,5,25,47.84960082410508
13,5,25,52.51094514550605
13,5,25,57.22379603399433
14,5,25,59.644604687097605
14,5,25,62.09116662374453
15,5,25,64.51197527684779
15,5,25,64.76950811228431
16,5,25,64.97553438063353
16,5,25,61.679114087046095
8,6,25,59.05227916559361
8,6,25,19.46948235900077
9,6,25,19.95879474633016
9,6,25,20.190574298223023
10,6,25,21.2722122070564
10,6,25,22.791655936131857
11,6,25,25.057944887973218
11,6,25,28.45737831573525
12,6,25,34.14885397888231
12,6,25,38.57841874839042
13,6,25,43.93510172547
13,6,25,49.008498583569406
14,6,25,50.24465619366469
14,6,25,52.07313932526397
15,6,25,52.92299768220448
15,6,25,51.60958022147824
16,6,25,48.41617306206541
16,6,25,44.01236157610095
8,0,25,38.34663919649756
8,0,25,34.48364666494978
9,0,25,45.96961112541849
9,0,25,57.24954931753798
10,0,25,66.5464846767963
10,0,25,77.38861704867371
11,0,25,82.64228689157868
11,0,25,85.70692763327324
12,0,25,87.7671903167654
12,0,25,88.5655421066186
13,0,25,88.95184135977337
13,0,25,88.79732165851146
14,0,25,87.9732165851146
14,0,25,88.77156837496781
15,0,25,87.2263713623487
15,0,25,84.03296420293587
16,0,25,78.36724182333248
16,0,25,73.34535153232036
7,1,25,65.72237960339943
8,1,25,30.67216070048931
9,1,25,41.28251352047386
9,1,25,54.287921710018026
10,1,25,65.28457378315736
10,1,25,76.64177182590781
11,1,25,83.87844450167397
11,1,25,88.0247231522019
11,1,25,89.02910121040432
12,1,25,89.95621941797579
13,1,25,90.08498583569406
13,1,25,90.03347926860675
14,1,25,89.75019314962658
14,1,25,89.64718001545197
14,1,25,88.0247231522019
15,1,25,84.72830285861447
16,1,25,79.60339943342777
16,1,25,73.16507854751481
8,2,25,65.28457378315736
8,2,25,34.071594128251355
9,2,25,44.29564769508112
9,2,25,57.61009528714912
10,2,25,68.01442183878444
10,2,25,78.05820242080866
10,2,25,83.77543136749935
11,2,25,87.14911151171775
12,2,25,88.10198300283287
12,2,25,89.44115374710276
13,2,25,89.77594643317023
13,2,25,89.80169971671388
14,2,25,90.00772598506309
14,2,25,89.13211434457894
15,2,25,87.277877929436
15,2,25,83.5436518156065
16,2,25,79.62915271697142
16,2,25,73.93767705382436
8,3,25,65.64511975276848
8,3,25,34.40638681431883
8,3,25,41.07648725212464
9,3,25,54.98326036569662
9,3,25,66.03141900592325
10,3,25,75.48287406644347
10,3,25,80.96832346124131
11,3,25,85.42364151429307
11,3,25,86.4795261395828
12,3,25,87.3808910636106
12,3,25,87.63842389904713
13,3,25,88.25650270409477
13,3,25,88.25650270409477
14,3,25,88.0247231522019
14,3,25,86.01596703579706
15,3,25,83.62091166623745
15,3,25,80.2214782384754
16,3,25,75.56013391707442
7,4,25,68.01442183878444
8,4,25,30.85243368529488
9,4,25,42.41565799639454
9,4,25,54.75148081380376
10,4,25,62.27143960855009
10,4,25,69.89441153747103
11,4,25,72.98480556270924
11,4,25,76.30697913984032
12,4,25,77.05382436260624
12,4,25,78.28998197270153
12,4,25,78.18696883852691
13,4,25,78.36724182333248
13,4,25,77.49163018284831
14,4,25,77.28560391449909
14,4,25,75.97218645377285
15,4,25,72.93329899562194
15,4,25,67.78264228689157
16,4,25,62.55472572753026
8,0,25,55.18928663404584
8,0,25,45.660571722894666
9,0,25,54.67422096317281
9,0,25,65.64511975276848
10,0,25,72.23796033994334
10,0,25,77.31135719804276
11,0,25,80.19572495493175
11,0,25,84.98583569405099
11,0,25,86.24774658768993
12,0,25,88.53978882307494
13,0,25,88.90033479268607
13,0,25,88.87458150914242
14,0,25,88.84882822559877
14,0,25,87.56116404841617
15,0,25,86.99459181045583
15,0,25,85.16610867885656
16,0,25,81.32886943085244
16,0,25,77.49163018284831
7,1,25,71.13056914756632
8,1,25,45.480298738089104
8,1,25,54.88024723152202
9,1,25,63.61061035281998
10,1,25,72.34097347411794
10,1,25,77.77491630182848
11,1,25,80.99407674478496
11,1,25,86.35075972186453
11,1,25,87.53541076487252
12,1,25,88.41102240535669
12,1,25,88.15348956992017
13,1,25,88.33376255472572
14,1,25,87.40664434715426
14,1,25,87.66417718259078
15,1,25,86.27349987123358
15,1,25,82.69379345866598
16,1,25,78.90806077774916
16,1,25,72.88179242853464
7,2,25,65.36183363378831
8,2,25,34.58665979912439
8,2,25,43.57455575585888
9,2,25,54.365181560648985
9,2,25,64.28019572495494
10,2,25,73.24233839814576
10,2,25,79.39737316507855
11,2,25,84.62528972443987
11,2,25,85.75843420036054
12,2,25,87.40664434715426
12,2,25,88.28225598763842
13,2,25,87.84445016739635
13,2,25,87.63842389904713
14,2,25,86.84007210919393
14,2,25,85.29487509657481
15,2,25,81.99845480298738
15,2,25,78.21272212207056
16,2,25,74.24671645634818
7,3,25,65.38758691733196
8,3,25,33.55652845737831
8,3,25,42.85346381663662
9,3,25,55.60133917074427
9,3,25,65.15580736543909
10,3,25,75.3026010816379
10,3,25,82.64228689157868
11,3,25,86.45377285603915
11,3,25,87.84445016739635
12,3,25,89.00334792686067
12,3,25,88.97759464331702
13,3,25,88.35951583826937
13,3,25,88.79732165851146
14,3,25,88.05047643574555
14,3,25,87.25212464589235
15,3,25,83.67241823332475
15,3,25,79.62915271697142
16,3,25,74.22096317280453
8,4,25,66.46922482616533
8,4,25,36.54390934844193
8,4,25,45.06824620139068
9,4,25,54.93175379860932
9,4,25,64.89827453000258
10,4,25,71.13056914756632
10,4,25,74.63301570950296
11,4,25,76.28122585629667
11,4,25,77.46587689930466
12,4,25,78.44450167396343
13,4,25,79.2686067473603
13,4,25,79.06258047901107
14,4,25,77.54313674993561
14,4,25,76.56451197527684
14,4,25,74.76178212722122
15,4,25,72.41823332474891
16,4,25,68.42647437548287
16,4,25,62.889518413597735
7,5,25,56.7602369302086
8,5,25,19.98454802987381
9,5,25,21.42673190831831
9,5,25,23.770280710790622
9,5,25,26.42286891578676
10,5,25,29.89956219417976
11,5,25,34.12310069533866
11,5,25,37.44527427246974
12,5,25,40.61292814833892
12,5,25,43.72907545712079
12,5,25,46.43317022920422
13,5,25,49.08575843420036
13,5,25,51.71259335565284
14,5,25,52.51094514550605
15,5,25,53.25779036827196
15,5,25,53.412310069533866
15,5,25,52.94875096574813
16,5,25,50.93999484934329
8,6,25,48.02987380891064
8,6,25,19.778521761524598
8,6,25,19.90728817924285
9,6,25,20.26783414885398
9,6,25,20.98892608807623
10,6,25,23.074942055112025
10,6,25,25.5472572753026
11,6,25,30.23435488024723
11,6,25,34.947205768735515
12,6,25,40.66443471542622
13,6,25,45.3772856039145
13,6,25,49.39479783672418
13,6,25,51.37780066958537
14,6,25,53.46381663662117
14,6,25,54.33942827710533
15,6,25,53.07751738346639
15,6,25,51.043007983517896
16,6,25,46.45892351274787
8,0,25,41.56579963945403
8,0,25,32.577903682719544
9,0,25,43.08524336852949
9,0,25,56.19366469224826
10,0,25,65.74813288694308
10,0,25,74.83904197785218
11,0,25,78.65052794231265
11,0,25,81.89544166881278
11,0,25,83.85269121813032
12,0,25,85.03734226113829
12,0,25,85.78418748390419
13,0,25,86.4795261395828
14,0,25,85.24336852948751
14,0,25,85.42364151429307
14,0,25,83.5436518156065
15,0,25,81.04558331187226
15,0,25,76.61601854236415
16,0,25,71.07906258047902
7,1,26,0.0
8,1,26,18.624446714334358
8,1,26,22.642151855635003
9,1,26,28.872999659516516
9,1,26,35.27408920667347
10,1,26,39.598229485869936
10,1,26,42.798774259448415
11,1,26,46.101464078992166
11,1,26,46.61218930881852
12,1,26,47.327204630575416
13,1,26,47.56554307116105
13,1,26,46.54409261150834
14,1,26,46.30575417092271
14,1,26,46.03336738168199
14,1,26,44.87572352740892
15,1,26,43.13925774599932
16,1,26,41.300646918624444
16,1,26,38.16819884235615
7,2,26,34.55907388491658
8,2,26,20.2247191011236
9,2,26,25.05958461014641
9,2,26,31.596867551923733
10,2,26,36.87436159346272
10,2,26,41.57303370786517
11,2,26,43.85427306775621
11,2,26,45.284303711270006
12,2,26,45.62478719782091
12,2,26,46.27170582226762
12,2,26,46.6802860061287
13,2,26,47.020769492679605
13,2,26,47.19101123595506
14,2,26,46.81647940074907
14,2,26,45.96527068437181
15,2,26,44.73953013278856
16,2,26,41.64113040517535
16,2,26,39.22369765066394
7,3,26,35.8869594824651
8,3,26,18.556350017024176
8,3,26,23.93598910452843
9,3,26,29.21348314606741
10,3,26,33.46952672795369
10,3,26,38.100102145045966
10,3,26,41.607082056520255
11,3,26,43.30949948927477
12,3,26,44.36499829758257
12,3,26,45.284303711270006
12,3,26,45.89717398706163
13,3,26,45.760980592441264
13,3,26,45.62478719782091
14,3,26,45.52264215185564
15,3,26,43.27545114061968
15,3,26,42.42424242424242
16,3,26,40.55158324821246
16,3,26,38.23629553966633
8,4,26,34.89955737146748
8,4,26,17.637044603336737
9,4,26,22.301668369084098
9,4,26,28.2260810350698
9,4,26,31.22233571671774
10,4,26,33.333333333333336
10,4,26,35.44433094994893
11,4,26,36.87436159346272
12,4,26,37.11270003404835
12,4,26,38.6789240721825
13,4,26,38.3043922369765
13,4,26,38.27034388832141
14,4,26,37.86176370446034
14,4,26,37.86176370446034
15,4,26,37.04460333673817
15,4,26,35.47837929860402
15,4,26,34.184542049710586
16,4,26,32.652366360231525
7,5,26,30.16683690840994
8,5,26,11.678583588695949
8,5,26,12.495743956418114
9,5,26,13.687436159346271
10,5,26,14.742934967654069
10,5,26,16.3772557030984
10,5,26,17.637044603336737
11,5,26,18.488253319713998
12,5,26,18.998978549540347
12,5,26,19.918283963227783
13,5,26,20.803541028260128
13,5,26,22.71024855294518
14,5,26,24.51481103166497
14,5,26,25.808648280558398
14,5,26,26.72795369424583
15,5,26,27.20463057541709
16,5,26,27.306775621382364
16,5,26,27.579162410623084
8,6,26,26.69390534559074
8,6,26,13.142662580864828
9,6,26,13.17671092951992
9,6,26,13.585291113381
9,6,26,14.061967994552264
10,6,26,14.640789921688798
11,6,26,16.070820565202588
11,6,26,17.60299625468165
11,6,26,18.828736806264896
12,6,26,19.47565543071161
13,6,26,20.190670752468503
13,6,26,21.75689479060265
14,6,26,22.40381341504937
14,6,26,23.323118828736806
15,6,26,23.255022131426625
15,6,26,23.6976506639428
16,6,26,22.982635342185905
16,6,26,22.23357167177392
8,0,26,21.75689479060265
8,0,26,15.491998638066054
9,0,26,20.463057541709222
9,0,26,26.76200204290092
10,0,26,30.949948927477017
10,0,26,34.89955737146748
10,0,26,37.21484508001362
11,0,26,38.13415049370106
11,0,26,39.42798774259448
12,0,26,40.61967994552264
13,0,26,41.57303370786517
13,0,26,42.35614572693224
14,0,26,41.50493701055499
14,0,26,41.334695267279535
14,0,26,40.0749063670412
15,0,26,38.95131086142322
15,0,26,37.48723186925434
16,0,26,35.8869594824651
8,1,26,33.06094654409261
8,1,26,20.190670752468503
8,1,26,24.65100442628533
9,1,26,29.14538644875724
9,1,26,35.989104528430374
10,1,26,39.836567926455565
10,1,26,44.19475655430712
11,1,26,46.13551242764726
12,1,26,46.714334354783794
12,1,26,47.76983316309159
13,1,26,48.11031664964249
13,1,26,48.280558392917946
14,1,26,48.14436499829758
14,1,26,47.599591419816136
15,1,26,46.3398025195778
15,1,26,45.18215866530473
16,1,26,42.62853251617297
16,1,26,40.143003064351376
8,2,26,37.75961865849506
8,2,26,20.93973442288049
9,2,26,25.33197139938713
9,2,26,31.52877085461355
10,2,26,35.44433094994893
10,2,26,40.17705141300647
11,2,26,43.27545114061968
11,2,26,44.84167517875383
12,2,26,45.658835546476
12,2,26,46.27170582226762
13,2,26,45.9993190330269
13,2,26,45.760980592441264
14,2,26,44.90977187606401
14,2,26,44.6033367381682
15,2,26,43.92236976506639
15,2,26,42.90091930541369
15,2,26,41.16445352400409
16,2,26,38.95131086142322
7,3,26,35.61457269322438
8,3,26,18.04562478719782
9,3,26,22.26762002042901
9,3,26,27.61321075927817
9,3,26,32.00544773578481
10,3,26,36.26149131767109
11,3,26,39.22369765066394
11,3,26,41.36874361593463
11,3,26,43.27545114061968
12,3,26,44.29690160027239
13,3,26,44.67143343547838
13,3,26,44.43309499489275
13,3,26,44.56928838951311
14,3,26,44.56928838951311
15,3,26,43.13925774599932
15,3,26,42.11780728634661
16,3,26,41.028260129383725
16,3,26,39.22369765066394
8,4,26,36.09124957439564
8,4,26,17.97752808988764
9,4,26,21.995233231188287
9,4,26,27.715355805243444
10,4,26,30.983997276132108
10,4,26,34.62717058222676
11,4,26,36.02315287708546
11,4,26,37.65747361252979
12,4,26,38.57677902621723
12,4,26,39.598229485869936
13,4,26,39.97276132107593
13,4,26,40.58563159686755
14,4,26,40.99421178072864
14,4,26,40.789921688798096
15,4,26,40.04085801838611
15,4,26,38.20224719101124
16,4,26,36.49982975825672
16,4,26,34.831460674157306
8,5,26,32.686414708886616
8,5,26,14.164113040517536
9,5,26,15.355805243445692
9,5,26,16.683690840994213
10,5,26,18.556350017024176
10,5,26,21.21212121212121
11,5,26,22.81239359891045
11,5,26,23.83384405856316
12,5,26,25.53626149131767
12,5,26,26.72795369424583
13,5,26,27.81750085120872
13,5,26,29.349676540687778
14,5,26,30.575417092271024
14,5,26,31.596867551923733
15,5,26,31.66496424923391
15,5,26,32.073544433094995
16,5,26,32.414027919645896
16,5,26,32.85665645216207
8,6,26,32.311882873680624
8,6,26,17.228464419475657
9,6,26,19.20326864147089
9,6,26,23.73169901259789
10,6,26,28.02179094313926
10,6,26,29.622063329928498
11,6,26,29.928498467824312
11,6,26,29.82635342185904
12,6,26,30.507320394960843
12,6,26,30.847803881511748
13,6,26,30.813755532856657
13,6,26,31.869254341164453
14,6,26,31.15423901940756
14,6,26,30.371127000340483
15,6,26,29.55396663261832
15,6,26,27.987742594484168
15,6,26,27.511065713312902
16,6,26,26.421518556350016
8,0,26,24.446714334354784
8,0,26,17.024174327545115
9,0,26,21.04187946884576
9,0,26,26.8300987402111
10,0,26,31.22233571671774
10,0,26,36.32958801498128
11,0,26,38.74702076949268
11,0,26,40.55158324821246
12,0,26,42.01566224038134
12,0,26,42.8668709567586
12,0,26,43.13925774599932
13,0,26,43.61593462717058
14,0,26,43.990466462376574
14,0,26,43.85427306775621
14,0,26,42.90091930541369
15,0,26,41.91351719441607
15,0,26,40.72182499148792
16,0,26,40.34729315628192
8,1,26,37.52128021790943
8,1,26,22.029281579843374
9,1,26,26.4896152536602
9,1,26,32.95880149812734
10,1,26,36.70411985018727
10,1,26,42.798774259448415
11,1,26,45.14811031664964
11,1,26,46.91862444671433
12,1,26,47.56554307116105
12,1,26,47.87197820905686
13,1,26,47.80388151174668
13,1,26,47.97412325502213
13,1,26,47.83792986040177
14,1,26,47.53149472250596
15,1,26,46.407899216887984
15,1,26,44.90977187606401
15,1,26,43.64998297582567
16,1,26,42.11780728634661
8,2,26,37.58937691521961
8,2,26,22.131426625808647
8,2,26,25.36601974804222
9,2,26,32.00544773578481
9,2,26,37.11270003404835
10,2,26,41.50493701055499
10,2,26,43.75212802179095
11,2,26,46.20360912495744
11,2,26,46.714334354783794
12,2,26,45.35240040858018
12,2,26,45.72693224378617
13,2,26,45.9993190330269
13,2,26,46.20360912495744
14,2,26,45.38644875723527
14,2,26,44.56928838951311
15,2,26,43.75212802179095
15,2,26,41.40279196458972
16,2,26,39.53013278855976
7,5,26,36.90840994211781
8,5,26,11.88287368062649
8,5,26,12.325502213142665
9,5,26,13.34695267279537
9,5,26,14.266258086482804
10,5,26,15.730337078651685
10,5,26,16.819884235614573
11,5,26,19.1692202928158
11,5,26,21.109976166155946
12,5,26,22.982635342185905
12,5,26,25.60435818862785
13,5,26,27.272727272727277
13,5,26,28.430371127000345
14,5,26,27.647259107933262
14,5,26,28.975144705481785
15,5,26,28.975144705481785
15,5,26,29.41777323799796
16,5,26,29.9625468164794
7,6,26,29.00919305413688
8,6,26,14.027919645897176
8,6,26,14.300306435137896
9,6,26,14.77698331630916
9,6,26,15.01532175689479
10,6,26,15.866530473272046
10,6,26,17.194416070820566
11,6,26,19.645897173987063
11,6,26,20.42900919305414
12,6,26,22.301668369084098
13,6,26,24.10623084780388
13,6,26,25.40006809669731
13,6,26,25.944841675178758
14,6,26,26.96629213483146
14,6,26,27.545114061967997
15,6,26,28.15798433775962
15,6,26,28.05583929179435
16,6,26,26.93224378617637
7,0,26,25.22982635342186
8,0,26,15.866530473272046
9,0,26,21.722846441947567
9,0,26,27.442969016002724
9,0,26,29.82635342185904
10,0,26,32.379979570990805
11,0,26,34.831460674157306
11,0,26,36.567926455566905
12,0,26,37.99795709908069
12,0,26,39.870616275110656
12,0,26,40.92611508341845
13,0,26,41.94756554307117
13,0,26,42.254000680966975
14,0,26,42.59448416751788
14,0,26,42.45829077289751
15,0,26,42.76472591079333
16,0,26,41.36874361593463
16,0,26,38.74702076949268
8,1,26,34.490977187606404
8,1,26,19.918283963227783
9,1,26,24.24242424242424
9,1,26,31.32448076268301
9,1,26,33.98025195778005
10,1,26,38.372488934286686
10,1,26,41.09635682669391
11,1,26,42.76472591079333
12,1,26,44.77357848144365
12,1,26,47.19101123595506
13,1,26,47.46339802519578
13,1,26,47.19101123595506
13,1,26,47.66768811712632
14,1,26,47.36125297923051
15,1,26,47.66768811712632
15,1,26,45.52264215185564
15,1,26,44.19475655430712
16,1,26,41.43684031324481
7,2,26,38.06605379639088
8,2,26,19.20326864147089
8,2,26,24.310520939734424
9,2,26,30.16683690840994
9,2,26,33.844058563159685
10,2,26,38.372488934286686
10,2,26,40.72182499148792
11,2,26,42.45829077289751
11,2,26,43.8883214164113
12,2,26,45.42049710589036
12,2,26,45.829077289751446
13,2,26,46.441947565543074
13,2,26,46.748382703438885
14,2,26,47.42934967654069
14,2,26,47.46339802519578
15,2,26,46.714334354783794
15,2,26,45.658835546476
16,2,26,42.798774259448415
7,3,26,39.15560095335376
8,3,26,19.10112359550562
8,3,26,24.446714334354784
9,3,26,29.86040177051413
9,3,26,32.61831801157644
10,3,26,35.75076608784474
10,3,26,37.58937691521961
11,3,26,39.836567926455565
11,3,26,41.64113040517535
12,3,26,43.82022471910113
12,3,26,45.93122233571672
13,3,26,46.54409261150834
13,3,26,47.15696288729997
14,3,26,46.85052774940415
14,3,26,46.407899216887984
15,3,26,45.829077289751446
15,3,26,44.262853251617294
16,3,26,41.74327545114062
8,4,26,38.88321416411304
8,4,26,19.88423561457269
9,4,26,26.35342185903984
10,4,26,29.89445011916922
10,4,26,32.89070480081716
10,4,26,34.55907388491658
11,4,26,37.01055498808308
12,4,26,38.50868232890705
12,4,26,39.66632618318012
13,4,26,40.483486550902285
13,4,26,42.04971058903643
14,4,26,42.28804902962207
14,4,26,42.49233912155261
15,4,26,42.526387470207695
15,4,26,41.74327545114062
16,4,26,40.21109976166156
16,4,26,38.372488934286686
7,5,26,35.71671773918965
8,5,26,14.470548178413347
8,5,26,14.674838270343889
9,5,26,16.207013959822948
9,5,26,17.398706162751107
10,5,26,19.5097037793667
10,5,26,21.75689479060265
11,5,26,24.480762683009875
12,5,26,25.57030983997276
12,5,26,27.74940415389853
12,5,26,28.53251617296561
13,5,26,29.2815798433776
13,5,26,29.89445011916922
14,5,26,31.0180456247872
14,5,26,31.903302689819544
15,5,26,32.686414708886616
15,5,26,32.686414708886616
16,5,26,32.78855975485189
7,6,26,32.55022131426626
8,6,26,15.151515151515152
8,6,26,15.18556350017024
9,6,26,15.696288729996596
9,6,26,15.968675519237316
10,6,26,16.41130405175349
10,6,26,17.228464419475657
11,6,26,18.283963227783453
11,6,26,20.122574055158324
12,6,26,21.382362955396665
13,6,26,22.06332992849847
13,6,26,23.663602315287708
13,6,26,24.92339121552605
14,6,26,25.29792305073204
15,6,26,25.36601974804222
15,6,26,25.808648280558398
8,0,26,25.36601974804222
8,0,26,17.160367722165475
9,0,26,21.21212121212121
9,0,26,27.272727272727277
10,0,26,31.49472250595846
10,0,26,35.71671773918965
11,0,26,37.41913517194416
11,0,26,38.57677902621723
12,0,26,39.08750425604358
12,0,26,40.85801838610828
13,0,26,41.43684031324481
13,0,26,41.77732379979571
13,0,26,41.607082056520255
14,0,26,41.87946884576098
15,0,26,41.77732379979571
15,0,26,40.38134150493701
16,0,26,38.44058563159687
16,0,26,36.53387810691181
8,1,26,34.150493701055495
8,1,26,15.355805243445692
9,1,26,18.556350017024176
9,1,26,25.22982635342186
10,1,26,29.451821586653047
10,1,26,35.47837929860402
11,1,26,37.75961865849506
11,1,26,39.870616275110656
12,1,26,39.80251957780048
12,1,26,41.334695267279535
13,1,26,41.40279196458972
13,1,26,42.21995233231189
14,1,26,41.8113721484508
14,1,26,41.70922710248553
15,1,26,40.65372829417773
15,1,26,39.39393939393939
16,1,26,37.75961865849506
16,1,26,35.68266939053456
7,2,26,32.107592781750085
8,2,26,16.61559414368403
8,2,26,20.973782771535586
9,2,26,26.4896152536602
9,2,26,32.61831801157644
10,2,26,36.601974804222
10,2,26,39.564181137214845
11,2,26,41.062308478038815
11,2,26,42.90091930541369
12,2,26,43.8883214164113
13,2,26,43.75212802179095
13,2,26,44.2288049029622
14,2,26,43.2073544433095
14,2,26,43.51378958120531
14,2,26,43.718079673135854
15,2,26,42.93496765406878
16,2,26,41.09635682669391
16,2,26,38.13415049370106
8,3,26,35.308137555328564
8,3,26,18.726591760299627
9,3,26,22.43786176370446
9,3,26,29.69016002723868
10,3,26,33.63976847122915
10,3,26,38.20224719101124
11,3,26,39.90466462376575
11,3,26,42.28804902962207
12,3,26,43.07116104868914
12,3,26,43.75212802179095
12,3,26,44.12665985699694
13,3,26,45.01191692202928
13,3,26,45.284303711270006
14,3,26,45.69288389513109
15,3,26,44.70548178413347
15,3,26,43.445692883895134
16,3,26,41.36874361593463
16,3,26,39.66632618318012
8,4,26,35.13789581205312
8,4,26,18.42015662240381
8,4,26,22.57405515832482
9,4,26,29.2815798433776
10,4,26,32.72046305754171
10,4,26,35.13789581205312
11,4,26,36.09124957439564
11,4,26,37.72557030983997
12,4,26,39.15560095335376
12,4,26,40.4494382022472
13,4,26,40.61967994552264
13,4,26,40.68777664283282
13,4,26,40.68777664283282
14,4,26,40.755873340143005
15,4,26,39.66632618318012
15,4,26,37.79366700715016
16,4,26,35.648621041879466
16,4,26,33.50357507660878
8,5,26,31.32448076268301
8,5,26,12.393598910452845
8,5,26,12.734082397003744
9,5,26,14.402451481103167
9,5,26,15.764385427306776
10,5,26,18.01157643854273
10,5,26,19.850187265917604
11,5,26,20.76949267960504
12,5,26,21.893088185223014
12,5,26,25.02553626149132
13,5,26,25.60435818862785
13,5,26,26.8300987402111
13,5,26,29.179434797412327
14,5,26,30.13278855975485
15,5,26,30.337078651685392
15,5,26,31.52877085461355
16,5,26,31.903302689819544
16,5,26,30.541368743615934
8,6,26,29.622063329928498
8,6,26,11.270003404834863
9,6,26,11.338100102145043
9,6,26,11.440245148110316
10,6,26,11.95097037793667
10,6,26,12.734082397003744
10,6,26,13.857677902621722
11,6,26,15.832482124616956
11,6,26,16.61559414368403
12,6,26,19.10112359550562
13,6,26,19.952332311882877
13,6,26,23.016683690841
13,6,26,24.00408580183861
14,6,26,25.87674497786857
15,6,26,26.591760299625467
15,6,26,27.919645897173982
15,6,26,28.49846782431052
16,6,26,27.374872318692542
8,0,26,26.55771195097038
8,0,26,13.210759278175008
8,0,26,17.364657814096017
9,0,26,24.276472591079333
9,0,26,28.600612870275796
10,0,26,32.20973782771536
10,0,26,35.342185903983655
11,0,26,37.45318352059925
11,0,26,37.9639087504256
12,0,26,39.870616275110656
12,0,26,40.17705141300647
13,0,26,40.21109976166156
13,0,26,40.143003064351376
14,0,26,40.65372829417773
15,0,26,39.7344228804903
15,0,26,38.57677902621723
16,0,26,37.38508682328907
16,0,26,34.96765406877766
7,1,26,32.141641130405176
8,1,26,19.135171944160707
8,1,26,23.084780388151174
9,1,26,30.303030303030305
9,1,26,33.605720122574056
10,1,26,37.89581205311542
11,1,26,40.96016343207354
11,1,26,42.83282260810351
11,1,26,45.59073884916582
12,1,26,46.13551242764726
13,1,26,46.101464078992166
13,1,26,46.30575417092271
14,1,26,46.64623765747361
14,1,26,46.748382703438885
15,1,26,45.01191692202928
15,1,26,44.262853251617294
16,1,26,42.11780728634661
16,1,26,39.05345590738849
8,2,26,35.27408920667347
8,2,26,19.645897173987063
9,2,26,22.131426625808647
9,2,26,26.96629213483146
10,2,26,31.596867551923733
10,2,26,34.01430030643514
11,2,26,35.61457269322438
11,2,26,37.65747361252979
12,2,26,39.12155260469867
12,2,26,40.21109976166156
13,2,26,40.72182499148792
13,2,26,40.72182499148792
14,2,26,40.65372829417773
14,2,26,40.10895471569629
15,2,26,40.17705141300647
15,2,26,46.16956077630235
16,2,26,44.09261150834185
16,2,26,41.77732379979571
8,3,26,38.06605379639088
8,3,26,18.998978549540347
9,3,26,24.719101123595507
9,3,26,30.234933605720123
10,3,26,34.66121893088185
10,3,26,40.17705141300647
11,3,26,41.98161389172625
11,3,26,43.78617637044604
12,3,26,44.84167517875383
12,3,26,46.51004426285325
13,3,26,46.37385086823289
13,3,26,47.054817841334696
14,3,26,46.95267279536942
14,3,26,46.03336738168199
15,3,26,44.943820224719104
15,3,26,43.61593462717058
16,3,26,41.98161389172625
16,3,26,39.35989104528431
8,4,26,35.71671773918965
8,4,26,17.671092951991827
9,4,26,21.62070139598229
9,4,26,26.52366360231529
10,4,26,29.89445011916922
10,4,26,32.7545114061968
11,4,26,34.89955737146748
11,4,26,36.63602315287709
12,4,26,37.92986040177051
12,4,26,38.6789240721825
13,4,26,39.7344228804903
13,4,26,40.51753489955737
14,4,26,40.755873340143005
14,4,26,40.51753489955737
15,4,26,40.483486550902285
15,4,26,39.22369765066394
16,4,26,37.38508682328907
16,4,26,35.342185903983655
8,5,26,33.23118828736806
8,5,26,11.98501872659176
9,5,26,12.529792305073205
9,5,26,13.823629553966631
10,5,26,15.04937010554988
10,5,26,16.819884235614573
11,5,26,18.181818181818183
11,5,26,20.5652025876745
12,5,26,22.19952332311883
12,5,26,23.016683690841
13,5,26,24.310520939734424
13,5,26,26.285325161729656
14,5,26,28.26012938372489
14,5,26,28.975144705481785
15,5,26,30.541368743615934
15,5,26,31.596867551923733
16,5,26,31.66496424923391
16,5,26,32.039496084439904
8,6,26,32.311882873680624
8,6,26,13.891726251276811
9,6,26,13.993871297242084
9,6,26,14.334354783792984
10,6,26,15.151515151515152
10,6,26,16.24106230847804
11,6,26,18.488253319713998
11,6,26,19.850187265917604
12,6,26,20.83758937691522
12,6,26,21.68879809329248
13,6,26,21.382362955396665
13,6,26,22.301668369084098
14,6,26,22.914538644875723
14,6,26,22.778345250255363
15,6,26,23.629553966632617
15,6,26,23.016683690841
16,6,26,22.608103506979912
16,6,26,21.722846441947567
8,0,26,20.29281579843377
8,0,26,14.84508001361934
9,0,26,19.33946203609125
9,0,26,24.51481103166497
10,0,26,28.566564521620705
10,0,26,33.19713993871297
11,0,26,35.648621041879466
11,0,26,37.79366700715016
12,0,26,38.81511746680286
12,0,26,40.99421178072864
13,0,26,40.96016343207354
13,0,26,41.67517875383044
14,0,26,42.01566224038134
14,0,26,41.91351719441607
15,0,26,40.61967994552264
15,0,26,39.05345590738849
16,0,26,37.38508682328907
16,0,26,35.00170241743275
7,1,26,32.78855975485189
8,1,26,18.726591760299627
8,1,26,23.220973782771537
9,1,26,28.15798433775962
9,1,26,33.40143003064351
10,1,26,38.16819884235615
11,1,26,41.98161389172625
11,1,26,43.718079673135854
11,1,26,43.58188627851549
12,1,26,44.943820224719104
12,1,26,45.69288389513109
13,1,26,45.89717398706163
14,1,26,45.86312563840654
14,1,26,45.79502894109636
15,1,26,44.80762683009874
15,1,26,43.68403132448076
15,1,26,41.607082056520255
16,1,26,39.836567926455565
8,2,26,36.05720122574055
8,2,26,23.97003745318352
9,2,26,28.08988764044944
9,2,26,34.763363976847124
10,2,26,38.54273067756214
10,2,26,42.93496765406878
11,2,26,44.73953013278856
11,2,26,45.79502894109636
12,2,26,46.64623765747361
12,2,26,47.906026557711954
13,2,26,47.56554307116105
13,2,26,46.95267279536942
14,2,26,46.91862444671433
14,2,26,46.64623765747361
15,2,26,45.9993190330269
15,2,26,44.29690160027239
16,2,26,42.28804902962207
16,2,26,40.82397003745319
8,3,26,37.04460333673817
8,3,26,19.33946203609125
9,3,26,23.391215526046988
9,3,26,30.711610486891384
9,3,26,34.42288049029622
10,3,26,40.61967994552264
11,3,26,43.58188627851549
11,3,26,45.69288389513109
12,3,26,46.95267279536942
12,3,26,48.48484848484848
13,3,26,48.38270343888321
13,3,26,49.16581545795029
14,3,26,49.16581545795029
14,3,26,48.96152536601975
14,3,26,48.31460674157304
15,3,26,47.66768811712632
15,3,26,45.488593803200544
16,3,26,43.34354783792986
8,4,26,39.76847122914538
8,4,26,18.318011576438543
9,4,26,21.927136533878105
10,4,26,30.439223697650664
10,4,26,33.63976847122915
11,4,26,35.5464759959142
11,4,26,37.52128021790943
12,4,26,38.98535921007832
12,4,26,40.04085801838611
13,4,26,41.70922710248553
13,4,26,41.300646918624444
14,4,26,41.19850187265918
14,4,26,40.789921688798096
15,4,26,40.34729315628192
15,4,26,39.35989104528431
16,4,26,37.79366700715016
16,4,26,35.58052434456929
7,5,26,33.94620360912496
8,5,26,11.8488253319714
8,5,26,12.734082397003744
9,5,26,14.640789921688798
10,5,26,16.990125978890024
10,5,26,19.782090568607423
10,5,26,21.893088185223014
11,5,26,24.753149472250595
12,5,26,27.442969016002724
12,5,26,29.9625468164794
13,5,26,30.77970718420157
13,5,26,31.46067415730337
14,5,26,33.46952672795369
14,5,26,35.92100783112019
15,5,26,36.67007150153218
15,5,26,37.55532856656452
16,5,26,37.75961865849506
16,5,26,38.16819884235615
8,6,26,38.100102145045966
8,6,26,13.108614232209735
9,6,26,13.142662580864828
9,6,26,13.38100102145046
10,6,26,14.470548178413347
10,6,26,16.785835886959482
11,6,26,18.692543411644536
11,6,26,22.40381341504937
12,6,26,24.140279196458973
12,6,26,26.285325161729656
13,6,26,26.421518556350016
13,6,26,27.715355805243444
14,6,26,28.430371127000345
14,6,26,30.200885257065032
15,6,26,31.596867551923733
15,6,26,33.06094654409261
16,6,26,33.40143003064351
16,6,26,33.333333333333336
8,0,26,32.414027919645896
8,0,26,17.500851208716377
9,0,26,21.144024514811036
9,0,26,27.579162410623084
10,0,26,30.541368743615934
10,0,26,35.13789581205312
11,0,26,37.38508682328907
11,0,26,38.91726251276813
11,0,26,40.4494382022472
12,0,26,41.87946884576098
12,0,26,42.56043581886279
13,0,26,43.13925774599932
14,0,26,42.21995233231189
14,0,26,42.66258086482806
14,0,26,41.87946884576098
15,0,26,40.89206673476336
15,0,26,38.57677902621723
16,0,26,36.70411985018727
7,1,26,33.02689819543752
8,1,26,20.93973442288049
9,1,26,25.944841675178758
9,1,26,32.48212461695608
10,1,26,36.32958801498128
10,1,26,40.21109976166156
11,1,26,42.69662921348315
11,1,26,44.70548178413347
12,1,26,45.658835546476
12,1,26,45.35240040858018
12,1,26,45.658835546476
13,1,26,45.9993190330269
13,1,26,46.16956077630235
14,1,26,43.00306435137896
14,1,26,41.91351719441607
15,1,26,40.82397003745319
15,1,26,39.42798774259448
16,1,26,41.77732379979571
8,2,26,37.38508682328907
8,2,26,23.220973782771537
8,2,26,27.851549199863808
9,2,26,33.878106911814776
10,2,26,39.63227783452503
10,2,26,43.82022471910113
11,2,26,45.89717398706163
11,2,26,46.95267279536942
11,2,26,46.37385086823289
12,2,26,47.3953013278856
13,2,26,47.76983316309159
13,2,26,47.83792986040177
13,2,26,48.4167517875383
14,2,26,48.212461695607765
15,2,26,47.940074906367045
15,2,26,46.37385086823289
16,2,26,44.12665985699694
16,2,26,41.53898535921008
8,3,26,38.44058563159687
8,3,26,19.37351038474634
9,3,26,22.948586993530814
9,3,26,29.451821586653047
10,3,26,33.74191351719442
10,3,26,37.24889342866871
11,3,26,39.70037453183521
11,3,26,42.18590398365679
12,3,26,43.37759618658495
12,3,26,44.84167517875383
13,3,26,45.93122233571672
13,3,26,46.20360912495744
13,3,26,46.16956077630235
14,3,26,46.3398025195778
14,3,26,45.38644875723527
15,3,26,44.05856315968676
15,3,26,42.39019407558733
16,3,26,40.00680966973102
8,4,26,37.14674838270344
9,4,26,18.726591760299627
9,4,26,28.05583929179435
10,4,26,31.66496424923391
10,4,26,35.47837929860402
11,4,26,37.69152196118488
11,4,26,40.34729315628192
12,4,26,41.36874361593463
12,4,26,43.37759618658495
13,4,26,43.75212802179095
13,4,26,43.58188627851549
14,4,26,43.78617637044604
14,4,26,43.8883214164113
15,4,26,43.34354783792986
15,4,26,42.254000680966975
16,4,26,40.68777664283282
16,4,26,38.644875723527406
8,5,26,36.46578140960163
8,5,26,15.18556350017024
9,5,26,16.207013959822948
9,5,26,18.89683350357508
10,5,26,21.280217909431396
10,5,26,24.310520939734424
11,5,26,27.715355805243444
11,5,26,29.79230507320395
12,5,26,30.711610486891384
12,5,26,32.51617296561117
13,5,26,34.797412325502215
13,5,26,35.5464759959142
14,5,26,36.80626489615253
14,5,26,37.69152196118488
15,5,26,37.9639087504256
15,5,26,38.20224719101124
16,5,26,39.05345590738849
16,5,26,39.598229485869936
8,6,26,39.46203609124957
8,6,26,16.138917262512766
9,6,26,16.070820565202588
9,6,26,16.3772557030984
10,6,26,17.228464419475657
10,6,26,18.352059925093634
11,6,26,21.00783112019067
11,6,26,24.10623084780388
12,6,26,25.808648280558398
12,6,26,27.306775621382364
13,6,26,28.634661218930884
13,6,26,29.07728975144705
14,6,26,30.03064351378958
14,6,26,31.0180456247872
15,6,26,31.869254341164453
15,6,26,32.51617296561117
16,6,26,32.89070480081716
16,6,26,32.311882873680624
8,0,26,32.95880149812734
8,0,26,18.38610827374872
9,0,26,23.118828736806265
9,0,26,28.46441947565543
10,0,26,32.72046305754171
10,0,26,37.9639087504256
11,0,26,41.300646918624444
11,0,26,42.93496765406878
12,0,26,44.39904664623766
12,0,26,44.87572352740892
13,0,26,45.45454545454545
13,0,26,45.9993190330269
14,0,26,46.03336738168199
14,0,26,45.9993190330269
15,0,26,45.01191692202928
15,0,26,44.09261150834185
16,0,26,41.98161389172625
16,0,26,40.27919645897174
7,1,26,37.38508682328907
8,1,26,21.382362955396665
9,1,26,26.796050391556008
9,1,26,32.61831801157644
10,1,26,37.04460333673817
10,1,26,39.66632618318012
11,1,26,42.66258086482806
11,1,26,45.69288389513109
11,1,26,46.85052774940415
12,1,26,47.020769492679605
13,1,26,47.599591419816136
13,1,26,47.53149472250596
14,1,26,46.91862444671433
14,1,26,47.12291453864488
14,1,26,45.52264215185564
15,1,26,45.14811031664964
16,1,26,41.84542049710589
16,1,26,39.93871297242084
8,2,26,36.15934627170582
8,2,26,20.83758937691522
9,2,26,25.16172965611168
9,2,26,31.66496424923391
10,2,26,36.02315287708546
10,2,26,40.31324480762683
10,2,26,42.90091930541369
11,2,26,43.718079673135854
12,2,26,44.943820224719104
12,2,26,46.27170582226762
13,2,26,46.64623765747361
13,2,26,46.57814096016343
14,2,26,46.441947565543074
14,2,26,46.6802860061287
15,2,26,45.89717398706163
15,2,26,44.97786857337419
16,2,26,43.47974123255022
16,2,26,41.062308478038815
8,3,26,38.47463398025196
8,3,26,22.608103506979912
8,3,26,25.50221314266258
9,3,26,32.51617296561117
9,3,26,38.06605379639088
10,3,26,43.27545114061968
10,3,26,46.714334354783794
11,3,26,48.62104187946885
11,3,26,49.23391215526047
12,3,26,49.33605720122574
12,3,26,49.19986380660538
13,3,26,49.37010554988083
13,3,26,49.4722505958461
14,3,26,49.94892747701736
14,3,26,49.50629894450119
15,3,26,48.0762683009874
15,3,26,46.88457609805924
16,3,26,44.33094994892748
7,4,26,41.87946884576098
8,4,26,17.90943139257746
9,4,26,22.54000680966973
9,4,26,28.600612870275796
10,4,26,31.869254341164453
10,4,26,34.72931562819203
11,4,26,36.19339462036091
11,4,26,38.54273067756214
12,4,26,40.0749063670412
12,4,26,41.91351719441607
12,4,26,42.66258086482806
13,4,26,42.8668709567586
13,4,26,42.96901600272387
14,4,26,43.5478379298604
14,4,26,42.1518556350017
15,4,26,40.99421178072864
15,4,26,39.598229485869936
16,4,26,37.41913517194416
8,0,26,34.93360572012257
8,0,26,15.11746680286006
9,0,26,19.1692202928158
9,0,26,24.276472591079333
10,0,26,28.53251617296561
10,0,26,33.06094654409261
11,0,26,35.75076608784474
11,0,26,38.50868232890705
11,0,26,40.21109976166156
12,0,26,42.21995233231189
13,0,26,42.73067756213823
13,0,26,43.13925774599932
14,0,26,43.07116104868914
14,0,26,42.76472591079333
15,0,26,41.77732379979571
15,0,26,40.4153898535921
16,0,26,38.84916581545795
16,0,26,36.26149131767109
7,1,26,33.63976847122915
8,1,26,18.113721484508
8,1,26,23.289070480081715
9,1,26,27.34082397003745
10,1,26,32.992849846782434
10,1,26,38.06605379639088
11,1,26,40.789921688798096
11,1,26,43.95641811372148
11,1,26,45.04596527068437
12,1,26,45.69288389513109
12,1,26,45.01191692202928
13,1,26,45.556690500510726
14,1,26,45.59073884916582
14,1,26,45.59073884916582
15,1,26,43.990466462376574
15,1,26,42.39019407558733
16,1,26,39.90466462376575
16,1,26,37.41913517194416
7,2,26,34.62717058222676
8,2,26,20.326864147088862
8,2,26,24.20837589376915
9,2,26,30.16683690840994
9,2,26,35.103847463398026
10,2,26,39.93871297242084
10,2,26,42.76472591079333
11,2,26,45.14811031664964
11,2,26,45.760980592441264
12,2,26,46.6802860061287
12,2,26,46.441947565543074
13,2,26,47.53149472250596
13,2,26,47.7357848144365
14,2,26,48.178413346952674
14,2,26,47.70173646578141
15,2,26,46.441947565543074
15,2,26,44.29690160027239
16,2,26,42.45829077289751
7,3,26,39.46203609124957
8,3,26,18.147769833163093
8,3,26,21.75689479060265
9,3,26,26.89819543752128
9,3,26,31.63091590057882
10,3,26,36.36363636363637
10,3,26,41.130405175349
11,3,26,43.95641811372148
11,3,26,45.72693224378617
12,3,26,46.16956077630235
12,3,26,46.51004426285325
13,3,26,47.08886618998979
13,3,26,46.714334354783794
14,3,26,46.61218930881852
14,3,26,46.30575417092271
15,3,26,44.943820224719104
15,3,26,44.53524004085802
16,3,26,41.300646918624444
8,4,26,38.40653728294178
8,4,26,20.76949267960504
8,4,26,24.957439564181136
9,4,26,29.315628192032687
9,4,26,32.61831801157644
10,4,26,35.342185903983655
10,4,26,37.55532856656452
11,4,26,39.12155260469867
11,4,26,40.65372829417773
12,4,26,41.300646918624444
13,4,26,41.43684031324481
13,4,26,41.8113721484508
14,4,26,41.67517875383044
14,4,26,41.130405175349
14,4,26,40.0749063670412
15,4,26,39.66632618318012
16,4,26,38.3384405856316
16,4,26,36.32958801498128
7,5,26,34.25263874702077
8,5,26,15.355805243445692
9,5,26,15.934627170582226
9,5,26,17.97752808988764
9,5,26,18.93088185223017
10,5,26,20.93973442288049
11,5,26,22.40381341504937
11,5,26,24.0381341504937
12,5,26,25.05958461014641
12,5,26,26.285325161729656
12,5,26,27.306775621382364
13,5,26,28.32822608103507
13,5,26,30.03064351378958
14,5,26,31.22233571671774
15,5,26,31.97139938712973
15,5,26,32.51617296561117
15,5,26,33.16309159005788
16,5,26,33.19713993871297
8,6,26,32.95880149812734
8,6,26,14.9812734082397
8,6,26,15.01532175689479
9,6,26,15.389853592100785
9,6,26,16.036772216547497
10,6,26,17.80728634661219
10,6,26,20.088525706503237
11,6,26,23.83384405856316
11,6,26,25.978890023833845
12,6,26,27.306775621382364
13,6,26,27.987742594484168
13,6,26,28.123935989104528
13,6,26,29.043241402791963
14,6,26,30.64351378958121
14,6,26,31.46067415730337
15,6,26,31.801157643854275
15,6,26,31.767109295199184
16,6,26,30.200885257065032
8,0,26,29.99659516513449
8,0,26,16.75178753830439
9,0,26,21.144024514811036
9,0,26,26.89819543752128
10,0,26,30.507320394960843
10,0,26,35.75076608784474
11,0,26,38.13415049370106
11,0,26,40.10895471569629
11,0,26,42.08375893769152
12,0,26,43.17330609465441
12,0,26,43.5478379298604
13,0,26,43.61593462717058
14,0,26,43.82022471910113
14,0,26,43.41164453524004
14,0,26,43.68403132448076
15,0,26,42.93496765406878
15,0,26,42.08375893769152
16,0,26,40.4494382022472
7,1,27,0.0
8,1,27,33.66111951588502
8,1,27,36.15733736762481
9,1,27,39.183055975794254
9,1,27,44.62934947049924
10,1,27,49.69742813918305
10,1,27,54.084720121028745
11,1,27,59.83358547655068
11,1,27,62.02723146747353
12,1,27,63.2375189107413
13,1,27,63.2375189107413
13,1,27,61.27080181543116
14,1,27,61.3464447806354
14,1,27,61.64901664145234
14,1,27,59.98487140695915
15,1,27,56.95915279878971
16,1,27,54.16036308623298
16,1,27,50.22692889561271
7,2,27,46.74735249621785
8,2,27,34.26626323751891
9,2,27,36.83812405446294
9,2,27,41.90620272314675
10,2,27,47.35249621785174
10,2,27,53.70650529500757
11,2,27,57.5642965204236
11,2,27,59.90922844175492
12,2,27,60.21180030257186
12,2,27,61.19515885022693
12,2,27,61.3464447806354
13,2,27,62.556732223903175
13,2,27,62.32980332829047
14,2,27,61.87594553706505
14,2,27,60.06051437216339
15,2,27,58.32072617246596
16,2,27,53.55521936459909
16,2,27,51.81543116490167
7,3,27,47.806354009077154
8,3,27,30.559757942511347
8,3,27,34.8714069591528
9,3,27,37.29198184568835
10,3,27,41.6036308623298
10,3,27,46.97428139183056
10,3,27,51.66414523449319
11,3,27,54.76550680786687
12,3,27,56.65658093797277
12,3,27,57.26172465960666
12,3,27,58.77458396369138
13,3,27,59.379727685325264
13,3,27,58.92586989409985
14,3,27,59.07715582450832
15,3,27,55.6732223903177
15,3,27,54.53857791225416
16,3,27,52.64750378214826
16,3,27,49.62178517397882
8,4,27,47.0499243570348
8,4,27,29.500756429652043
9,4,27,32.37518910741301
9,4,27,36.98940998487141
9,4,27,40.16641452344932
10,4,27,43.72163388804841
10,4,27,46.67170953101362
11,4,27,48.63842662632375
12,4,27,49.69742813918305
12,4,27,52.723146747352494
13,4,27,52.64750378214826
13,4,27,52.87443267776097
14,4,27,51.73978819969743
14,4,27,51.0590015128593
15,4,27,50.529500756429655
15,4,27,47.20121028744327
15,4,27,45.53706505295008
16,4,27,42.66263237518911
7,5,27,40.16641452344932
8,5,27,22.617246596066565
8,5,27,24.05446293494705
9,5,27,27.004538577912253
10,5,27,30.33282904689864
10,5,27,34.79576399394856
10,5,27,36.91376701966717
11,5,27,38.50226928895613
12,5,27,40.09077155824508
12,5,27,43.04084720121029
13,5,27,45.915279878971255
13,5,27,50.8320726172466
14,5,27,54.311649016641454
14,5,27,57.86686838124054
14,5,27,60.13615733736763
15,5,27,59.53101361573373
16,5,27,61.043872919818455
16,5,27,59.07715582450832
8,6,27,54.99243570347958
8,6,27,26.55068078668684
9,6,27,26.70196671709531
9,6,27,27.83661119515885
9,6,27,28.81996974281392
10,6,27,27.912254160363087
11,6,27,30.03025718608169
11,6,27,34.41754916792738
11,6,27,38.27534039334342
12,6,27,41.22541603630862
13,6,27,45.46142208774584
13,6,27,48.1089258698941
14,6,27,50.30257186081695
14,6,27,51.81543116490167
15,6,27,51.51285930408472
15,6,27,51.58850226928896
16,6,27,49.24357034795764
16,6,27,45.68835098335855
8,0,27,43.57034795763994
8,0,27,22.76853252647504
9,0,27,26.021180030257185
9,0,27,30.03025718608169
10,0,27,34.26626323751891
10,0,27,39.107413010590015
10,0,27,43.19213313161876
11,0,27,45.46142208774584
11,0,27,47.35249621785174
12,0,27,48.48714069591528
13,0,27,49.69742813918305
13,0,27,51.73978819969743
14,0,27,52.11800302571861
14,0,27,51.58850226928896
14,0,27,50.30257186081695
15,0,27,48.48714069591528
15,0,27,46.82299546142209
16,0,27,44.93192133131619
8,1,27,42.28441754916793
8,1,27,33.43419062027232
8,1,27,36.006051437216335
9,1,27,38.956127080181545
9,1,27,45.31013615733737
10,1,27,51.28593040847201
10,1,27,57.11043872919819
11,1,27,60.13615733736763
12,1,27,60.96822995461422
12,1,27,62.02723146747353
13,1,27,62.85930408472012
13,1,27,62.934947049924354
14,1,27,62.85930408472012
14,1,27,62.32980332829047
15,1,27,60.96822995461422
15,1,27,58.92586989409985
16,1,27,55.06807866868381
16,1,27,52.11800302571861
8,2,27,48.940998487140696
8,2,27,33.812405446293496
9,2,27,36.38426626323752
9,2,27,39.78819969742814
10,2,27,44.251134644478064
10,2,27,49.39485627836611
11,2,27,53.10136157337367
11,2,27,53.93343419062028
12,2,27,55.824508320726174
12,2,27,57.413010590015126
13,2,27,58.32072617246596
13,2,27,59.68229954614221
14,2,27,58.3963691376702
14,2,27,57.26172465960666
15,2,27,55.597579425113466
15,2,27,53.7821482602118
15,2,27,51.81543116490167
16,2,27,49.69742813918305
7,3,27,45.46142208774584
8,3,27,28.668683812405447
9,3,27,31.240544629349472
9,3,27,33.66111951588502
9,3,27,37.89712556732224
10,3,27,43.72163388804841
11,3,27,49.092284417549166
11,3,27,53.32829046898638
11,3,27,56.27836611195159
12,3,27,57.94251134644478
13,3,27,58.77458396369138
13,3,27,58.62329803328291
13,3,27,59.2284417549168
14,3,27,59.60665658093797
15,3,27,58.69894099848714
15,3,27,55.97579425113464
16,3,27,55.14372163388805
16,3,27,53.40393343419062
8,4,27,50.30257186081695
8,4,27,28.59304084720121
9,4,27,31.467473524962177
9,4,27,35.09833585476551
10,4,27,39.03177004538578
10,4,27,44.02420574886536
11,4,27,46.36913767019667
11,4,27,48.86535552193646
12,4,27,50.07564296520424
12,4,27,52.193645990922846
13,4,27,53.17700453857791
13,4,27,54.236006051437215
14,4,27,54.16036308623298
14,4,27,53.02571860816944
15,4,27,52.723146747352494
15,4,27,50.680786686838125
16,4,27,47.12556732223903
16,4,27,44.17549167927383
8,5,27,42.66263237518911
8,5,27,26.55068078668684
9,5,27,27.912254160363087
9,5,27,30.71104387291982
10,5,27,35.552193645990926
10,5,27,41.90620272314675
11,5,27,44.93192133131619
11,5,27,47.65506807866869
12,5,27,50.907715582450834
12,5,27,55.14372163388805
13,5,27,59.60665658093797
13,5,27,62.78366111951589
14,5,27,65.73373676248109
14,5,27,68.15431164901665
15,5,27,69.66717095310136
15,5,27,70.12102874432678
16,5,27,69.21331316187594
16,5,27,68.45688350983359
8,6,27,66.86838124054464
8,6,27,33.66111951588502
9,6,27,36.38426626323752
9,6,27,45.38577912254161
10,6,27,53.7821482602118
10,6,27,55.97579425113464
11,6,27,55.6732223903177
11,6,27,54.8411497730711
12,6,27,56.95915279878971
12,6,27,58.62329803328291
13,6,27,59.30408472012103
13,6,27,61.19515885022693
14,6,27,59.83358547655068
14,6,27,58.01815431164901
15,6,27,56.35400907715582
15,6,27,53.17700453857791
15,6,27,49.77307110438729
16,6,27,47.20121028744327
8,0,27,43.4947049924357
8,0,27,25.56732223903177
9,0,27,27.912254160363087
9,0,27,30.48411497730711
10,0,27,35.32526475037822
10,0,27,40.5446293494705
11,0,27,44.3267776096823
11,0,27,47.88199697428139
12,0,27,50.0
12,0,27,50.529500756429655
12,0,27,51.81543116490167
13,0,27,53.55521936459909
14,0,27,53.85779122541604
14,0,27,53.85779122541604
14,0,27,52.11800302571861
15,0,27,51.28593040847201
15,0,27,49.54614220877458
16,0,27,48.33585476550681
8,1,27,45.23449319213313
8,1,27,35.24962178517398
9,1,27,37.97276853252647
9,1,27,41.52798789712557
10,1,27,45.61270801815432
10,1,27,52.11800302571861
11,1,27,56.5052950075643
11,1,27,59.15279878971256
12,1,27,59.75794251134644
12,1,27,59.98487140695915
13,1,27,60.89258698940999
13,1,27,60.96822995461422
13,1,27,60.2874432677761
14,1,27,59.60665658093797
15,1,27,58.47201210287443
15,1,27,56.5052950075643
15,1,27,55.37065052950076
16,1,27,53.85779122541604
8,2,27,48.41149773071104
8,2,27,34.72012102874433
8,2,27,36.006051437216335
9,2,27,39.33434190620272
9,2,27,44.70499243570348
10,2,27,50.529500756429655
10,2,27,54.387291981845685
11,2,27,57.337367624810895
11,2,27,58.77458396369138
12,2,27,58.92586989409985
12,2,27,59.83358547655068
13,2,27,60.89258698940999
13,2,27,61.27080181543116
14,2,27,60.363086232980336
14,2,27,58.62329803328291
15,2,27,58.01815431164901
15,2,27,54.387291981845685
16,2,27,52.496217851739786
7,5,27,48.940998487140696
8,5,27,22.16338880484115
8,5,27,22.844175491679277
9,5,27,24.583963691376702
9,5,27,27.08018154311649
10,5,27,30.48411497730711
10,5,27,32.526475037821484
11,5,27,36.83812405446294
11,5,27,42.13313161875946
12,5,27,45.00756429652042
12,5,27,51.0590015128593
13,5,27,56.27836611195159
13,5,27,60.81694402420575
14,5,27,61.3464447806354
14,5,27,64.37216338880484
15,5,27,64.0695915279879
15,5,27,64.0695915279879
16,5,27,64.22087745839637
7,6,27,61.64901664145234
8,6,27,26.55068078668684
8,6,27,27.004538577912253
9,6,27,28.1391830559758
9,6,27,29.046898638426622
10,6,27,31.013615733736764
10,6,27,32.829046898638424
11,6,27,39.40998487140696
11,6,27,42.58698940998488
12,6,27,47.50378214826021
13,6,27,52.11800302571861
13,6,27,56.95915279878971
13,6,27,59.90922844175492
14,6,27,62.63237518910741
14,6,27,64.0695915279879
15,6,27,64.82602118003025
15,6,27,63.08623298033283
16,6,27,57.18608169440242
7,0,27,51.0590015128593
8,0,27,22.76853252647504
9,0,27,26.399394856278366
9,0,27,31.164901664145237
9,0,27,33.13161875945537
10,0,27,36.006051437216335
11,0,27,39.107413010590015
11,0,27,42.58698940998488
12,0,27,44.55370650529501
12,0,27,46.67170953101362
12,0,27,49.84871406959153
13,0,27,52.496217851739786
13,0,27,52.496217851739786
14,0,27,53.40393343419062
14,0,27,52.34493192133132
15,0,27,52.79878971255673
16,0,27,49.39485627836611
16,0,27,46.82299546142209
8,1,27,42.05748865355522
8,1,27,30.257186081694403
9,1,27,32.299546142208776
9,1,27,36.98940998487141
9,1,27,40.16641452344932
10,1,27,45.23449319213313
10,1,27,47.88199697428139
11,1,27,50.8320726172466
12,1,27,55.446293494705
12,1,27,59.30408472012103
13,1,27,60.13615733736763
13,1,27,60.43872919818457
13,1,27,60.89258698940999
14,1,27,61.11951588502269
15,1,27,61.043872919818455
15,1,27,59.75794251134644
15,1,27,56.732223903177
16,1,27,54.16036308623298
7,2,27,49.39485627836611
8,2,27,29.803328290468983
8,2,27,33.28290468986384
9,2,27,37.97276853252647
9,2,27,42.88956127080181
10,2,27,47.20121028744327
10,2,27,51.43721633888048
11,2,27,54.16036308623298
11,2,27,56.5052950075643
12,2,27,57.488653555219365
12,2,27,59.001512859304086
13,2,27,61.3464447806354
13,2,27,62.32980332829047
14,2,27,62.481089258698944
14,2,27,61.80030257186082
15,2,27,61.64901664145234
15,2,27,59.53101361573373
16,2,27,55.37065052950076
7,3,27,50.8320726172466
8,3,27,28.1391830559758
8,3,27,31.694402420574885
9,3,27,35.47655068078669
9,3,27,39.107413010590015
10,3,27,42.73827534039334
10,3,27,44.55370650529501
11,3,27,49.54614220877458
11,3,27,52.26928895612708
12,3,27,54.76550680786687
12,3,27,57.63993948562784
13,3,27,60.81694402420575
13,3,27,61.57337367624811
14,3,27,62.78366111951589
14,3,27,62.78366111951589
15,3,27,62.25416036308624
15,3,27,59.83358547655068
16,3,27,55.37065052950076
8,4,27,52.04236006051437
8,4,27,28.44175491679274
9,4,27,32.07261724659607
10,4,27,36.91376701966717
10,4,27,40.31770045385779
10,4,27,42.28441754916793
11,4,27,46.2178517397882
12,4,27,49.39485627836611
12,4,27,51.66414523449319
13,4,27,54.084720121028745
13,4,27,57.413010590015126
14,4,27,58.62329803328291
14,4,27,59.2284417549168
15,4,27,60.06051437216339
15,4,27,59.15279878971256
16,4,27,55.14372163388805
16,4,27,51.96671709531014
7,5,27,47.806354009077154
8,5,27,26.55068078668684
8,5,27,26.55068078668684
9,5,27,29.34947049924357
9,5,27,32.07261724659607
10,5,27,36.61119515885023
10,5,27,42.4357034795764
11,5,27,48.48714069591528
12,5,27,51.66414523449319
12,5,27,57.86686838124054
12,5,27,58.62329803328291
13,5,27,60.2874432677761
13,5,27,60.43872919818457
14,5,27,63.69137670196672
14,5,27,66.86838124054464
15,5,27,68.45688350983359
15,5,27,67.09531013615734
16,5,27,65.1285930408472
7,6,27,64.29652042360061
8,6,27,29.27382753403933
8,6,27,29.500756429652043
9,6,27,30.181543116490168
9,6,27,30.63540090771558
10,6,27,31.164901664145237
10,6,27,32.526475037821484
11,6,27,34.79576399394856
11,6,27,40.468986384266266
12,6,27,44.40242057488653
13,6,27,47.20121028744327
13,6,27,50.8320726172466
13,6,27,51.8910741301059
14,6,27,52.34493192133132
15,6,27,53.55521936459909
15,6,27,53.32829046898638
8,0,27,50.15128593040847
8,0,27,25.416036308623298
9,0,27,27.760968229954614
9,0,27,32.148260211800306
10,0,27,35.7034795763994
10,0,27,40.92284417549168
11,0,27,43.04084720121029
11,0,27,44.78063540090771
12,0,27,45.99092284417549
12,0,27,48.56278366111952
13,0,27,48.71406959152799
13,0,27,49.84871406959153
13,0,27,49.39485627836611
14,0,27,49.470499243570345
15,0,27,50.07564296520424
15,0,27,48.26021180030257
16,0,27,44.40242057488653
16,0,27,42.360060514372165
8,1,27,38.6535552193646
8,1,27,22.01210287443268
9,1,27,23.827534039334346
9,1,27,27.760968229954614
10,1,27,31.467473524962177
10,1,27,37.443267776096825
11,1,27,40.92284417549168
11,1,27,45.08320726172466
12,1,27,47.12556732223903
12,1,27,48.71406959152799
13,1,27,48.48714069591528
13,1,27,50.15128593040847
14,1,27,49.62178517397882
14,1,27,50.22692889561271
15,1,27,48.33585476550681
15,1,27,46.29349470499243
16,1,27,44.47806354009077
16,1,27,42.360060514372165
7,2,27,38.27534039334342
8,2,27,25.491679273827533
8,2,27,27.68532526475038
9,2,27,30.71104387291982
9,2,27,37.14069591527988
10,2,27,41.37670196671709
10,2,27,45.839636913767016
11,2,27,48.18456883509833
11,2,27,51.43721633888048
12,2,27,52.64750378214826
13,2,27,52.87443267776097
13,2,27,54.61422087745839
14,2,27,53.32829046898638
14,2,27,54.311649016641454
14,2,27,53.85779122541604
15,2,27,52.34493192133132
16,2,27,48.03328290468986
16,2,27,43.94856278366112
8,3,27,40.99848714069592
8,3,27,26.70196671709531
9,3,27,29.27382753403933
9,3,27,34.11497730711044
10,3,27,38.80484114977307
10,3,27,45.00756429652042
11,3,27,48.18456883509833
11,3,27,52.34493192133132
12,3,27,53.47957639939486
12,3,27,54.91679273827534
12,3,27,55.824508320726174
13,3,27,57.94251134644478
13,3,27,59.2284417549168
14,3,27,59.001512859304086
15,3,27,56.95915279878971
15,3,27,55.446293494705
16,3,27,52.79878971255673
16,3,27,47.88199697428139
8,4,27,45.46142208774584
8,4,27,23.449319213313164
8,4,27,25.71860816944024
9,4,27,29.803328290468983
10,4,27,33.963691376701966
10,4,27,37.443267776096825
11,4,27,40.468986384266266
11,4,27,43.11649016641452
12,4,27,45.53706505295008
12,4,27,47.35249621785174
13,4,27,47.579425113464445
13,4,27,48.48714069591528
13,4,27,48.56278366111952
14,4,27,49.62178517397882
15,4,27,47.428139183055976
15,4,27,43.11649016641452
16,4,27,38.88048411497731
16,4,27,35.930408472012104
8,5,27,33.73676248108926
8,5,27,16.944024205748864
8,5,27,18.003025718608168
9,5,27,21.25567322239032
9,5,27,24.659606656580937
10,5,27,29.12254160363086
10,5,27,32.829046898638424
11,5,27,34.72012102874433
12,5,27,39.03177004538578
12,5,27,46.52042360060514
13,5,27,48.71406959152799
13,5,27,52.496217851739786
13,5,27,57.18608169440242
14,5,27,59.4553706505295
15,5,27,59.75794251134644
15,5,27,60.21180030257186
16,5,27,60.06051437216339
16,5,27,58.69894099848714
8,6,27,54.91679273827534
8,6,27,20.04538577912254
9,6,27,20.27231467473525
9,6,27,20.04538577912254
10,6,27,20.87745839636914
10,6,27,22.31467473524962
10,6,27,25.264750378214828
11,6,27,30.78668683812405
11,6,27,34.41754916792738
12,6,27,38.6535552193646
13,6,27,41.45234493192133
13,6,27,49.62178517397882
13,6,27,51.8910741301059
14,6,27,54.00907715582451
15,6,27,55.21936459909229
15,6,27,55.14372163388805
15,6,27,52.64750378214826
16,6,27,48.03328290468986
8,0,27,42.88956127080181
8,0,27,18.759455370650528
8,0,27,20.87745839636914
9,0,27,24.96217851739788
9,0,27,30.10590015128593
10,0,27,33.66111951588502
10,0,27,39.78819969742814
11,0,27,42.58698940998488
11,0,27,43.64599092284418
12,0,27,45.915279878971255
12,0,27,46.44478063540091
13,0,27,46.97428139183056
13,0,27,47.0499243570348
14,0,27,47.35249621785174
15,0,27,46.52042360060514
15,0,27,44.93192133131619
16,0,27,42.81391830559758
16,0,27,40.16641452344932
7,1,27,37.14069591527988
8,1,27,31.164901664145237
8,1,27,33.05597579425113
9,1,27,36.53555219364599
9,1,27,40.39334341906203
10,1,27,47.73071104387292
11,1,27,52.26928895612708
11,1,27,55.52193645990923
11,1,27,55.748865355521936
12,1,27,57.413010590015126
13,1,27,58.3963691376702
13,1,27,60.81694402420575
14,1,27,61.043872919818455
14,1,27,61.11951588502269
15,1,27,59.07715582450832
15,1,27,58.32072617246596
16,1,27,54.00907715582451
16,1,27,50.8320726172466
8,2,27,45.38577912254161
8,2,27,32.148260211800306
9,2,27,34.11497730711044
9,2,27,37.21633888048412
10,2,27,43.4947049924357
10,2,27,46.82299546142209
11,2,27,50.30257186081695
11,2,27,53.70650529500757
12,2,27,56.88350983358548
12,2,27,59.53101361573373
13,2,27,61.57337367624811
13,2,27,61.19515885022693
14,2,27,61.27080181543116
14,2,27,60.514372163388806
15,2,27,60.66565809379728
15,2,27,60.81694402420575
16,2,27,57.79122541603631
16,2,27,55.446293494705
8,3,27,50.60514372163389
8,3,27,29.57639939485628
9,3,27,32.9803328290469
9,3,27,35.779122541603634
10,3,27,40.620272314674736
10,3,27,47.12556732223903
11,3,27,51.0590015128593
11,3,27,54.387291981845685
12,3,27,56.20272314674735
12,3,27,58.62329803328291
13,3,27,60.06051437216339
13,3,27,60.13615733736763
14,3,27,62.02723146747353
14,3,27,59.98487140695915
15,3,27,57.94251134644478
15,3,27,56.42965204236006
16,3,27,53.40393343419062
16,3,27,49.39485627836611
8,4,27,45.08320726172466
8,4,27,26.4750378214826
9,4,27,29.57639939485628
9,4,27,32.90468986384266
10,4,27,36.15733736762481
10,4,27,40.31770045385779
11,4,27,44.40242057488653
11,4,27,47.88199697428139
12,4,27,50.60514372163389
12,4,27,51.8910741301059
13,4,27,54.61422087745839
13,4,27,57.18608169440242
14,4,27,56.95915279878971
14,4,27,56.58093797276853
15,4,27,56.42965204236006
15,4,27,55.37065052950076
16,4,27,51.210287443267774
16,4,27,49.092284417549166
8,5,27,45.915279878971255
8,5,27,22.390317700453856
9,5,27,23.600605143721637
9,5,27,25.79425113464448
10,5,27,29.27382753403933
10,5,27,33.43419062027232
11,5,27,36.91376701966717
11,5,27,41.6036308623298
12,5,27,46.59606656580938
12,5,27,48.86535552193646
13,5,27,53.32829046898638
13,5,27,57.18608169440242
14,5,27,60.2874432677761
14,5,27,61.57337367624811
15,5,27,64.37216338880484
15,5,27,66.86838124054464
16,5,27,67.24659606656581
16,5,27,65.27987897125567
8,6,27,63.76701966717096
8,6,27,27.83661119515885
9,6,27,28.06354009077156
9,6,27,28.59304084720121
10,6,27,30.257186081694403
10,6,27,32.75340393343419
11,6,27,36.91376701966717
11,6,27,41.37670196671709
12,6,27,44.17549167927383
12,6,27,47.806354009077154
13,6,27,48.56278366111952
13,6,27,52.79878971255673
14,6,27,54.311649016641454
14,6,27,53.7821482602118
15,6,27,53.93343419062028
15,6,27,52.57186081694402
16,6,27,49.39485627836611
16,6,27,43.79727685325265
8,0,27,38.6535552193646
8,0,27,21.331316187594556
9,0,27,23.978819969742812
9,0,27,26.096822995461423
10,0,27,30.181543116490168
10,0,27,34.64447806354009
11,0,27,38.57791225416036
11,0,27,43.267776096823
12,0,27,45.61270801815432
12,0,27,48.56278366111952
13,0,27,49.54614220877458
13,0,27,50.529500756429655
14,0,27,51.43721633888048
14,0,27,50.8320726172466
15,0,27,48.78971255673223
15,0,27,46.74735249621785
16,0,27,43.72163388804841
16,0,27,40.695915279878975
7,1,27,38.35098335854766
8,1,27,29.72768532526475
8,1,27,31.84568835098336
9,1,27,34.26626323751891
9,1,27,39.7125567322239
10,1,27,45.839636913767016
11,1,27,52.42057488653556
11,1,27,56.20272314674735
11,1,27,55.6732223903177
12,1,27,56.5052950075643
12,1,27,57.86686838124054
13,1,27,58.24508320726172
14,1,27,58.24508320726172
14,1,27,58.54765506807867
15,1,27,57.5642965204236
15,1,27,54.99243570347958
15,1,27,51.43721633888048
16,1,27,49.84871406959153
8,2,27,45.23449319213313
8,2,27,37.065052950075646
9,2,27,39.7125567322239
9,2,27,44.70499243570348
10,2,27,48.56278366111952
10,2,27,53.25264750378215
11,2,27,56.27836611195159
11,2,27,57.94251134644478
12,2,27,59.001512859304086
12,2,27,60.59001512859304
13,2,27,61.19515885022693
13,2,27,61.72465960665658
14,2,27,61.57337367624811
14,2,27,60.81694402420575
15,2,27,59.15279878971256
15,2,27,57.86686838124054
16,2,27,54.387291981845685
16,2,27,52.64750378214826
8,3,27,49.092284417549166
8,3,27,29.57639939485628
9,3,27,31.921331316187597
9,3,27,37.065052950075646
9,3,27,42.20877458396369
10,3,27,52.34493192133132
11,3,27,57.71558245083207
11,3,27,61.87594553706505
12,3,27,63.91830559757943
12,3,27,65.9606656580938
13,3,27,66.71709531013616
13,3,27,68.53252647503783
14,3,27,68.00302571860817
14,3,27,68.00302571860817
14,3,27,67.54916792738275
15,3,27,66.1875945537065
15,3,27,63.01059001512859
16,3,27,60.06051437216339
8,4,27,56.732223903177
8,4,27,25.869894099848715
9,4,27,27.98789712556732
10,4,27,35.24962178517398
10,4,27,39.636913767019664
11,4,27,43.11649016641452
11,4,27,45.839636913767016
12,4,27,48.63842662632375
12,4,27,49.84871406959153
13,4,27,53.63086232980333
13,4,27,54.16036308623298
14,4,27,54.53857791225416
14,4,27,53.17700453857791
15,4,27,52.64750378214826
15,4,27,50.680786686838125
16,4,27,47.35249621785174
16,4,27,44.85627836611195
7,5,27,43.4947049924357
8,5,27,20.87745839636914
8,5,27,22.995461422087747
9,5,27,26.626323751891075
10,5,27,32.07261724659607
10,5,27,38.57791225416036
10,5,27,42.88956127080181
11,5,27,47.95763993948563
12,5,27,54.68986384266263
12,5,27,60.363086232980336
13,5,27,63.69137670196672
13,5,27,66.49016641452344
14,5,27,71.10438729198185
14,5,27,74.73524962178517
15,5,27,75.94553706505295
15,5,27,76.77760968229954
16,5,27,77.38275340393344
16,5,27,75.642965204236
8,6,27,73.07110438729198
8,6,27,25.64296520423601
9,6,27,25.64296520423601
9,6,27,26.096822995461423
10,6,27,28.81996974281392
10,6,27,33.812405446293496
11,6,27,37.29198184568835
11,6,27,44.93192133131619
12,6,27,49.84871406959153
12,6,27,55.824508320726174
13,6,27,59.30408472012103
13,6,27,63.01059001512859
14,6,27,65.50680786686839
14,6,27,67.62481089258699
15,6,27,68.53252647503783
15,6,27,68.60816944024205
16,6,27,65.9606656580938
16,6,27,62.481089258698944
8,0,27,58.32072617246596
8,0,27,23.903177004538577
9,0,27,26.096822995461423
9,0,27,29.500756429652043
10,0,27,32.9803328290469
10,0,27,38.72919818456884
11,0,27,42.360060514372165
11,0,27,47.428139183055976
11,0,27,50.75642965204236
12,0,27,52.79878971255673
12,0,27,54.53857791225416
13,0,27,57.63993948562784
14,0,27,57.11043872919819
14,0,27,56.42965204236006
14,0,27,54.99243570347958
15,0,27,53.17700453857791
15,0,27,48.940998487140696
16,0,27,46.74735249621785
7,1,27,41.75491679273828
8,1,27,30.71104387291982
9,1,27,33.13161875945537
9,1,27,37.065052950075646
10,1,27,40.39334341906203
10,1,27,44.3267776096823
11,1,27,49.39485627836611
11,1,27,52.723146747352494
12,1,27,55.446293494705
12,1,27,56.58093797276853
12,1,27,56.42965204236006
13,1,27,58.3963691376702
13,1,27,58.62329803328291
14,1,27,59.60665658093797
14,1,27,57.5642965204236
15,1,27,55.97579425113464
15,1,27,54.16036308623298
16,1,27,51.36157337367625
8,2,27,46.14220877458396
8,2,27,33.13161875945537
8,2,27,36.081694402420574
9,2,27,39.636913767019664
10,2,27,45.61270801815432
10,2,27,51.28593040847201
11,2,27,55.597579425113466
11,2,27,58.24508320726172
11,2,27,60.2874432677761
12,2,27,62.178517397882
13,2,27,63.01059001512859
13,2,27,63.69137670196672
13,2,27,64.59909228441755
14,2,27,64.29652042360061
15,2,27,64.67473524962179
15,2,27,62.25416036308624
16,2,27,59.07715582450832
16,2,27,55.21936459909229
8,3,27,53.10136157337367
8,3,27,28.06354009077156
9,3,27,29.12254160363086
9,3,27,33.20726172465961
10,3,27,37.89712556732224
10,3,27,41.67927382753404
11,3,27,45.99092284417549
11,3,27,50.75642965204236
12,3,27,53.47957639939486
12,3,27,56.732223903177
13,3,27,60.363086232980336
13,3,27,62.10287443267776
13,3,27,61.80030257186082
14,3,27,60.81694402420575
14,3,27,59.83358547655068
15,3,27,57.71558245083207
15,3,27,55.21936459909229
16,3,27,51.81543116490167
8,4,27,49.016641452344935
9,4,27,28.97125567322239
9,4,27,35.7034795763994
10,4,27,40.84720121028744
10,4,27,46.67170953101362
11,4,27,51.0590015128593
11,4,27,56.27836611195159
12,4,27,59.4553706505295
12,4,27,63.08623298033283
13,4,27,64.37216338880484
13,4,27,65.20423600605143
14,4,27,66.49016641452344
14,4,27,66.33888048411498
15,4,27,64.90166414523449
15,4,27,62.78366111951589
16,4,27,58.77458396369138
16,4,27,54.53857791225416
8,5,27,51.66414523449319
8,5,27,28.44175491679274
9,5,27,30.63540090771558
9,5,27,35.854765506807865
10,5,27,42.20877458396369
10,5,27,49.31921331316188
11,5,27,56.80786686838124
11,5,27,61.95158850226929
12,5,27,63.54009077155825
12,5,27,68.45688350983359
13,5,27,73.29803328290468
13,5,27,75.79425113464448
14,5,27,78.97125567322239
14,5,27,82.1482602118003
15,5,27,89.25869894099849
15,5,27,91.67927382753405
16,5,27,93.41906202723146
16,5,27,92.73827534039334
8,6,27,90.7715582450832
8,6,27,32.148260211800306
9,6,27,32.148260211800306
9,6,27,32.90468986384266
10,6,27,34.56883509833585
10,6,27,37.21633888048412
11,6,27,42.73827534039334
11,6,27,50.75642965204236
12,6,27,56.05143721633888
12,6,27,60.74130105900152
13,6,27,65.1285930408472
13,6,27,68.07866868381241
14,6,27,70.12102874432678
14,6,27,72.61724659606656
15,6,27,74.73524962178517
15,6,27,74.88653555219365
16,6,27,72.16338880484115
16,6,27,68.60816944024205
8,0,27,66.11195158850227
8,0,27,27.08018154311649
9,0,27,29.87897125567322
9,0,27,33.50983358547655
10,0,27,38.04841149773071
10,0,27,44.62934947049924
11,0,27,51.73978819969743
11,0,27,55.97579425113464
12,0,27,59.4553706505295
12,0,27,61.57337367624811
13,0,27,63.08623298033283
13,0,27,64.37216338880484
14,0,27,64.97730711043873
14,0,27,65.1285930408472
15,0,27,63.46444780635401
15,0,27,62.02723146747353
16,0,27,56.88350983358548
16,0,27,53.7821482602118
7,1,27,51.73978819969743
8,1,27,35.32526475037822
9,1,27,38.6535552193646
9,1,27,41.75491679273828
10,1,27,45.76399394856279
10,1,27,47.12556732223903
11,1,27,51.81543116490167
11,1,27,58.32072617246596
11,1,27,61.49773071104387
12,1,27,61.11951588502269
13,1,27,61.95158850226929
13,1,27,63.01059001512859
14,1,27,62.25416036308624
14,1,27,63.46444780635401
14,1,27,63.54009077155825
15,1,27,62.63237518910741
16,1,27,57.488653555219365
16,1,27,55.52193645990923
8,2,27,50.60514372163389
8,2,27,32.299546142208776
9,2,27,35.24962178517398
9,2,27,40.84720121028744
10,2,27,46.52042360060514
10,2,27,53.32829046898638
10,2,27,57.79122541603631
11,2,27,59.83358547655068
12,2,27,62.78366111951589
12,2,27,63.84266263237519
13,2,27,64.44780635400907
13,2,27,62.85930408472012
14,2,27,62.70801815431165
14,2,27,63.46444780635401
15,2,27,62.32980332829047
15,2,27,60.81694402420575
16,2,27,58.3963691376702
16,2,27,55.14372163388805
8,3,27,52.11800302571861
8,3,27,34.8714069591528
8,3,27,36.45990922844175
9,3,27,41.75491679273828
9,3,27,46.44478063540091
10,3,27,52.64750378214826
10,3,27,58.3963691376702
11,3,27,62.556732223903175
11,3,27,65.88502269288956
12,3,27,67.17095310136158
12,3,27,67.24659606656581
13,3,27,69.06202723146747
13,3,27,70.8018154311649
14,3,27,70.87745839636914
14,3,27,69.59152798789712
15,3,27,67.32223903177004
15,3,27,65.20423600605143
16,3,27,61.043872919818455
7,4,27,59.2284417549168
8,4,27,27.68532526475038
9,4,27,29.87897125567322
9,4,27,33.50983358547655
10,4,27,37.14069591527988
10,4,27,40.695915279878975
11,4,27,43.267776096823
11,4,27,47.579425113464445
12,4,27,50.983358547655065
12,4,27,55.06807866868381
12,4,27,58.01815431164901
13,4,27,61.27080181543116
13,4,27,61.64901664145234
14,4,27,60.59001512859304
14,4,27,60.06051437216339
15,4,27,57.03479576399395
15,4,27,54.53857791225416
16,4,27,50.07564296520424
8,0,27,46.59606656580938
8,0,27,22.31467473524962
9,0,27,24.508320726172467
9,0,27,27.23146747352496
10,0,27,31.391830559757945
10,0,27,37.29198184568835
11,0,27,41.98184568835099
11,0,27,48.41149773071104
11,0,27,52.723146747352494
12,0,27,56.88350983358548
13,0,27,59.75794251134644
13,0,27,61.80030257186082
14,0,27,61.043872919818455
14,0,27,60.06051437216339
15,0,27,56.95915279878971
15,0,27,53.10136157337367
16,0,27,51.28593040847201
16,0,27,46.2178517397882
7,1,27,43.11649016641452
8,1,27,28.51739788199697
8,1,27,30.408472012102877
9,1,27,32.450832072617246
10,1,27,37.594553706505295
10,1,27,44.02420574886536
11,1,27,48.33585476550681
11,1,27,54.8411497730711
11,1,27,57.413010590015126
12,1,27,59.15279878971256
12,1,27,58.54765506807867
13,1,27,60.2874432677761
14,1,27,61.49773071104387
14,1,27,61.95158850226929
15,1,27,59.75794251134644
15,1,27,57.18608169440242
16,1,27,53.7821482602118
16,1,27,50.0
7,2,27,46.44478063540091
8,2,27,31.391830559757945
8,2,27,33.28290468986384
9,2,27,37.443267776096825
9,2,27,41.6036308623298
10,2,27,47.65506807866869
10,2,27,51.81543116490167
11,2,27,56.35400907715582
11,2,27,58.62329803328291
12,2,27,61.11951588502269
12,2,27,62.02723146747353
13,2,27,64.67473524962179
13,2,27,67.0196671709531
14,2,27,66.71709531013616
14,2,27,66.1875945537065
15,2,27,63.61573373676248
15,2,27,59.90922844175492
16,2,27,57.86686838124054
7,3,27,55.52193645990923
8,3,27,28.74432677760968
8,3,27,30.48411497730711
9,3,27,33.35854765506808
9,3,27,38.956127080181545
10,3,27,45.915279878971255
10,3,27,55.21936459909229
11,3,27,60.59001512859304
11,3,27,64.52344931921331
12,3,27,65.20423600605143
12,3,27,65.20423600605143
13,3,27,66.86838124054464
13,3,27,67.17095310136158
14,3,27,67.8517397881997
14,3,27,67.77609682299546
15,3,27,65.35552193645991
15,3,27,64.44780635400907
16,3,27,59.4553706505295
8,4,27,56.05143721633888
8,4,27,32.677760968229954
8,4,27,35.24962178517398
9,4,27,38.50226928895613
9,4,27,42.66263237518911
10,4,27,46.82299546142209
10,4,27,51.0590015128593
11,4,27,54.236006051437215
11,4,27,58.3963691376702
12,4,27,60.21180030257186
13,4,27,62.178517397882
13,4,27,63.69137670196672
14,4,27,64.97730711043873
14,4,27,63.38880484114977
14,4,27,61.19515885022693
15,4,27,59.90922844175492
16,4,27,56.05143721633888
16,4,27,53.25264750378215
7,5,27,50.680786686838125
8,5,27,29.57639939485628
9,5,27,31.013615733736764
9,5,27,35.930408472012104
9,5,27,39.33434190620272
10,5,27,44.62934947049924
11,5,27,48.940998487140696
11,5,27,53.55521936459909
12,5,27,56.35400907715582
12,5,27,60.06051437216339
12,5,27,63.16187594553706
13,5,27,65.50680786686839
13,5,27,69.06202723146747
14,5,27,71.18003025718608
15,5,27,73.14674735249622
15,5,27,73.37367624810892
15,5,27,73.29803328290468
16,5,27,72.6928895612708
8,6,27,70.72617246596067
8,6,27,27.98789712556732
8,6,27,27.98789712556732
9,6,27,28.97125567322239
9,6,27,30.559757942511347
10,6,27,35.17397881996974
10,6,27,40.84720121028744
11,6,27,51.0590015128593
11,6,27,59.07715582450832
12,6,27,65.05295007564297
13,6,27,69.21331316187594
13,6,27,72.23903177004539
13,6,27,74.20574886535552
14,6,27,78.89561270801815
14,6,27,79.04689863842663
15,6,27,77.53403933434191
15,6,27,75.79425113464448
16,6,27,70.19667170953102
8,0,27,67.09531013615734
8,0,27,25.416036308623298
9,0,27,28.81996974281392
9,0,27,32.75340393343419
10,0,27,36.006051437216335
10,0,27,44.47806354009077
11,0,27,50.37821482602118
11,0,27,55.6732223903177
11,0,27,60.06051437216339
12,0,27,62.02723146747353
12,0,27,63.91830559757943
13,0,27,65.05295007564297
14,0,27,64.97730711043873
14,0,27,63.54009077155825
14,0,27,62.934947049924354
15,0,27,61.19515885022693
15,0,27,59.68229954614221
16,0,27,57.18608169440242
7,1,28,0.0
8,1,28,18.94940380277151
8,1,28,21.849822752175317
9,1,28,25.523686754753463
9,1,28,30.03544956493716
10,1,28,33.90267483080889
10,1,28,36.8030937802127
11,1,28,38.99452143087335
11,1,28,39.99355462455688
12,1,28,41.50821785368998
13,1,28,41.79825974863036
13,1,28,41.50821785368998
14,1,28,41.02481469545601
14,1,28,40.67031904608444
14,1,28,39.89687399291009
15,1,28,37.67321946503384
16,1,28,36.31969062197873
16,1,28,32.83918788269417
7,2,28,30.16435707379955
8,2,28,20.94747019013857
9,2,28,24.492426683854333
9,2,28,28.87528198517564
10,2,28,32.3235578472446
10,2,28,35.83628746374476
11,2,28,38.09216886883661
11,2,28,40.28359651949726
12,2,28,40.57363841443764
12,2,28,40.73477280051563
12,2,28,41.185949081534
13,2,28,41.2181759587496
13,2,28,40.21914276506607
14,2,28,39.86464711569449
14,2,28,38.41443764099259
15,2,28,36.57750563970351
16,2,28,34.03158233967129
16,2,28,31.969062197873026
7,3,28,28.77860135352884
8,3,28,22.300999033193683
8,3,28,25.29809861424428
9,3,28,28.87528198517564
10,3,28,32.19465033838221
10,3,28,35.61069932323558
10,3,28,37.31872381566226
11,3,28,38.15662262326781
12,3,28,39.60683209796971
12,3,28,41.02481469545601
12,3,28,41.34708346761199
13,3,28,39.31679020302933
13,3,28,38.54334514985498
14,3,28,37.96326135997422
15,3,28,36.22300999033194
15,3,28,34.83725427006123
16,3,28,33.25813728649694
16,3,28,31.356751530776663
8,4,28,29.22977763454721
8,4,28,24.073477280051563
9,4,28,26.4582661940058
9,4,28,30.357718337093136
9,4,28,32.3235578472446
10,4,28,34.67611988398324
10,4,28,36.67418627135031
11,4,28,37.44763132452465
12,4,28,38.12439574605221
12,4,28,38.93006767644215
13,4,28,38.54334514985498
13,4,28,38.34998388656139
14,4,28,37.31872381566226
14,4,28,36.25523686754754
15,4,28,35.03061553335482
15,4,28,33.48372542700612
15,4,28,32.3880116016758
16,4,28,30.16435707379955
7,5,28,28.87528198517564
8,5,28,20.238478891395424
8,5,28,20.75410892684499
9,5,28,21.720915243312923
10,5,28,22.623267805349663
10,5,28,23.622300999033197
10,5,28,24.460199806638737
11,5,28,25.394779245891076
12,5,28,26.361585562359007
12,5,28,27.68288752819852
13,5,28,28.93973573960683
13,5,28,30.776667740895903
14,5,28,31.93683532065743
14,5,28,34.09603609410248
14,5,28,35.41733805994199
15,5,28,36.02964872703835
16,5,28,36.02964872703835
16,5,28,36.15855623590074
8,6,28,36.28746374476313
8,6,28,17.015791169835644
9,6,28,17.08024492426684
9,6,28,17.24137931034483
9,6,28,18.07927811795037
10,6,28,18.59490815339993
11,6,28,19.43280696100548
11,6,28,20.109571382533037
11,6,28,21.269738962294557
12,6,28,21.527553980019334
13,6,28,21.527553980019334
13,6,28,21.81759587495972
14,6,28,21.49532710280374
14,6,28,22.429906542056077
15,6,28,22.139864647115694
15,6,28,22.20431840154689
16,6,28,22.0754108926845
16,6,28,21.076377699000968
8,0,28,19.465033838221075
8,0,28,17.402513696422815
9,0,28,20.01289075088624
9,0,28,24.331292297776347
10,0,28,27.263938124395747
10,0,28,30.45439896873993
10,0,28,32.54914598775379
11,0,28,33.35481791814373
11,0,28,34.41830486625846
12,0,28,34.83725427006123
13,0,28,35.22397679664841
13,0,28,35.15952304221721
14,0,28,34.86948114727683
14,0,28,34.54721237512085
14,0,28,33.74154044473091
15,0,28,32.61359974218498
15,0,28,30.808894618111506
16,0,28,29.616500161134383
8,1,28,27.10280373831776
8,1,28,21.269738962294557
8,1,28,23.428939735739608
9,1,28,26.780534966161778
9,1,28,30.8733483725427
10,1,28,33.58040605865292
10,1,28,36.15855623590074
11,1,28,37.83435385111183
12,1,28,39.22010957138253
12,1,28,40.57363841443764
13,1,28,40.41250402835965
13,1,28,40.76699967773123
14,1,28,40.41250402835965
14,1,28,39.89687399291009
15,1,28,38.67225265871737
15,1,28,37.22204318401547
16,1,28,35.09506928778601
16,1,28,32.77473412826297
8,2,28,30.325491459877536
8,2,28,21.882049629390917
9,2,28,24.073477280051563
9,2,28,27.65066065098292
10,2,28,29.84208830164357
10,2,28,32.64582661940058
11,2,28,35.03061553335482
11,2,28,36.60973251691911
12,2,28,37.60876571060264
12,2,28,38.83338704479536
13,2,28,39.51015146632292
13,2,28,39.92910087012569
14,2,28,39.12342893973574
14,2,28,38.73670641314857
15,2,28,37.54431195617145
15,2,28,36.7386400257815
15,2,28,35.06284241057042
16,2,28,33.8382210763777
7,3,28,30.97002900418949
8,3,28,21.140831453432163
9,3,28,23.912342893973573
9,3,28,27.167257492748952
9,3,28,28.585240090235256
10,3,28,31.67902030293265
11,3,28,34.57943925233645
11,3,28,35.90074121817596
11,3,28,36.51305188527232
12,3,28,37.41540444730906
13,3,28,38.12439574605221
13,3,28,39.28456332581373
13,3,28,38.99452143087335
14,3,28,38.83338704479536
15,3,28,38.221076377699
15,3,28,36.7708669029971
16,3,28,35.09506928778601
16,3,28,32.77473412826297
8,4,28,30.51885272317113
8,4,28,22.300999033193683
9,4,28,24.68578794714792
9,4,28,28.81082823074444
10,4,28,32.3557847244602
10,4,28,35.256203673864
11,4,28,36.7708669029971
11,4,28,38.15662262326781
12,4,28,39.57460522075411
12,4,28,40.09023525620368
13,4,28,40.02578150177248
13,4,28,40.60586529165324
14,4,28,40.18691588785047
14,4,28,39.41347083467612
15,4,28,37.86658072832743
15,4,28,36.25523686754754
16,4,28,33.32259104092813
16,4,28,30.29326458266194
8,5,28,28.23074444086368
8,5,28,17.08024492426684
9,5,28,17.402513696422815
9,5,28,18.304866258459555
10,5,28,19.368353206574284
10,5,28,21.62423461166613
11,5,28,22.687721559780854
11,5,28,23.493393490170803
12,5,28,24.363519174991943
12,5,28,25.71704801804705
13,5,28,26.61940058008379
13,5,28,28.87528198517564
14,5,28,32.13019658395101
14,5,28,34.12826297131808
15,5,28,34.22494360296487
15,5,28,34.16048984853368
16,5,28,33.90267483080889
16,5,28,33.8059941991621
8,6,28,32.74250725104737
8,6,28,19.30389945214309
9,6,28,21.430873348372543
9,6,28,25.71704801804705
10,6,28,29.68095391556558
10,6,28,33.32259104092813
11,6,28,34.28939735739607
11,6,28,34.99838865613922
12,6,28,37.47985820174025
12,6,28,40.09023525620368
13,6,28,40.89590718659362
13,6,28,41.2181759587496
14,6,28,38.47889139542378
14,6,28,34.32162423461167
15,6,28,31.388978407992266
15,6,28,29.97099581050596
15,6,28,27.553980019336127
16,6,28,25.620367386400257
8,0,28,22.139864647115694
8,0,28,18.917176925555918
9,0,28,21.430873348372543
9,0,28,24.879149210441508
10,0,28,27.48952626490493
10,0,28,30.64776023203352
11,0,28,32.48469223332259
11,0,28,34.16048984853368
12,0,28,35.61069932323558
12,0,28,36.8030937802127
12,0,28,37.38317757009346
13,0,28,37.76990009668063
14,0,28,38.38221076377699
14,0,28,38.83338704479536
14,0,28,38.38221076377699
15,0,28,37.38317757009346
15,0,28,36.99645504350629
16,0,28,36.93200128907509
8,1,28,36.8030937802127
8,1,28,22.043184015468903
9,1,28,24.299065420560748
9,1,28,28.19851756364808
10,1,28,31.711247180148245
10,1,28,35.64292620045118
11,1,28,38.1888495004834
11,1,28,40.18691588785047
12,1,28,41.05704157267161
12,1,28,42.02384788913954
13,1,28,42.6361585562359
13,1,28,43.184015468901066
13,1,28,43.24846922333226
14,1,28,42.893973573960686
15,1,28,42.18498227521753
15,1,28,40.89590718659362
15,1,28,39.34901708024493
16,1,28,39.25233644859813
8,2,28,37.18981630679987
8,2,28,26.716081211730582
8,2,28,28.714147599097647
9,2,28,32.45246535610699
9,2,28,35.96519497260716
10,2,28,38.99452143087335
10,2,28,41.2504028359652
11,2,28,43.37737673219465
11,2,28,44.1830486625846
12,2,28,45.18208185626813
12,2,28,45.76216564614889
13,2,28,46.56783757653884
13,2,28,46.277795681598455
14,2,28,46.11666129552047
14,2,28,44.634224943602966
15,2,28,43.474057363841446
15,2,28,40.34805027392846
16,2,28,38.70447953593297
7,5,28,37.12536255236868
8,5,28,16.242346116661295
8,5,28,16.46793425717048
9,5,28,17.24137931034483
9,5,28,18.788269416693524
10,5,28,20.077344505317438
10,5,28,21.269738962294557
11,5,28,22.881082823074443
11,5,28,24.492426683854333
12,5,28,26.039316790203028
12,5,28,28.29519819529488
13,5,28,30.09990331936835
13,5,28,32.13019658395101
14,5,28,32.74250725104737
14,5,28,33.38704479535933
15,5,28,33.7737673219465
15,5,28,33.93490170802449
16,5,28,34.70834676119884
7,6,28,34.57943925233645
8,6,28,18.65936190783113
8,6,28,18.62713503061553
9,6,28,19.27167257492749
9,6,28,19.23944569771189
10,6,28,20.17402513696423
10,6,28,20.88301643570738
11,6,28,21.91427650660651
11,6,28,21.527553980019334
12,6,28,22.623267805349663
13,6,28,23.493393490170803
13,6,28,26.941669352239767
13,6,28,28.10183693200129
14,6,28,29.90654205607477
14,6,28,30.48662584595553
15,6,28,31.260070899129875
15,6,28,29.80986142442797
16,6,28,28.29519819529488
7,0,28,25.974863035771836
8,0,28,18.466000644537544
9,0,28,21.946503383822108
9,0,28,25.233644859813083
9,0,28,26.4260393167902
10,0,28,28.488559458588465
11,0,28,30.51885272317113
11,0,28,31.93683532065743
12,0,28,33.19368353206574
12,0,28,35.22397679664841
12,0,28,35.19174991943281
13,0,28,35.86851434096036
13,0,28,35.51401869158879
14,0,28,35.22397679664841
14,0,28,34.48275862068966
15,0,28,33.7737673219465
16,0,28,32.09796970673542
16,0,28,30.06767644215276
8,1,28,27.167257492748952
8,1,28,19.916210119239445
9,1,28,22.94553657750564
9,1,28,26.683854334514987
9,1,28,29.068643248469225
10,1,28,32.09796970673542
10,1,28,34.67611988398324
11,1,28,35.99742184982275
12,1,28,38.15662262326781
12,1,28,39.7679664840477
13,1,28,40.25136964228166
13,1,28,41.1537222043184
13,1,28,41.44376409925878
14,1,28,41.66935223976797
15,1,28,41.31485659039639
15,1,28,40.12246213341927
15,1,28,38.86561392201096
16,1,28,36.7708669029971
7,2,28,34.74057363841444
8,2,28,20.46406703190461
8,2,28,23.718981630679988
9,2,28,26.522719948437
9,2,28,29.294231388978407
10,2,28,32.13019658395101
10,2,28,34.19271672574928
11,2,28,36.64195939413471
11,2,28,37.51208507895585
12,2,28,39.7679664840477
12,2,28,42.57170480180471
13,2,28,45.92330003222688
13,2,28,48.85594585884628
14,2,28,55.36577505639704
14,2,28,57.13825330325491
15,2,28,56.78375765388334
15,2,28,55.494682565259424
16,2,28,52.562036738640025
7,3,28,47.470190138575575
8,3,28,23.042217209152437
8,3,28,27.61843377376732
9,3,28,31.260070899129875
9,3,28,36.86754753464389
10,3,28,44.98872059297454
10,3,28,50.950692877860135
11,3,28,54.592330003222685
11,3,28,56.33258137286497
12,3,28,58.45955526909442
12,3,28,61.58556235900741
13,3,28,58.33064776023203
13,3,28,58.94295842732839
14,3,28,60.74766355140187
14,3,28,60.42539477924589
15,3,28,58.68514340960361
15,3,28,56.62262326780535
16,3,28,53.174347405736384
8,4,28,50.27392845633258
8,4,28,23.36448598130841
9,4,28,28.29519819529488
10,4,28,33.35481791814373
10,4,28,43.60296487270384
10,4,28,47.27682887528199
11,4,28,48.79149210441509
12,4,28,50.467289719626166
12,4,28,51.88527231711248
13,4,28,54.10892684498872
13,4,28,46.825652594263616
14,4,28,49.693844666451824
14,4,28,55.172413793103445
15,4,28,57.106026426039314
15,4,28,55.26909442475024
16,4,28,52.465356106993234
16,4,28,49.50048340315824
7,5,28,46.986786980341606
8,5,28,19.40058008378988
8,5,28,20.14179825974863
9,5,28,22.333225910409283
9,5,28,26.74830808894618
10,5,28,36.06187560425395
10,5,28,41.2181759587496
11,5,28,43.11956171446987
12,5,28,43.66741862713503
12,5,28,48.34031582339672
12,5,28,49.790525298098615
13,5,28,44.31195617144699
13,5,28,43.60296487270384
14,5,28,50.177247824685786
14,5,28,56.88043828553013
15,5,28,57.3316145665485
15,5,28,56.62262326780535
16,5,28,56.20367386400258
7,6,28,56.59039639058975
8,6,28,21.17305833064776
8,6,28,21.301965839510157
9,6,28,21.140831453432163
9,6,28,21.140831453432163
10,6,28,21.20528520786336
10,6,28,21.62423461166613
11,6,28,22.0754108926845
11,6,28,22.591040928134063
12,6,28,24.75024170157912
13,6,28,26.941669352239767
13,6,28,32.90364163712536
13,6,28,36.86754753464389
14,6,28,45.95552690944248
15,6,28,49.919432806961005
15,6,28,49.59716403480503
8,0,28,48.565903963905896
8,0,28,20.077344505317438
9,0,28,22.687721559780854
9,0,28,26.361585562359007
10,0,28,29.036416371253623
10,0,28,31.48565903963906
11,0,28,33.32259104092813
11,0,28,34.28939735739607
12,0,28,35.2884305510796
12,0,28,36.41637125362552
13,0,28,36.67418627135031
13,0,28,37.15758942958427
13,0,28,37.41540444730906
14,0,28,36.8353206574283
15,0,28,35.86851434096036
15,0,28,34.57943925233645
16,0,28,32.87141475990976
16,0,28,30.58330647760232
8,1,28,28.456332581372862
8,1,28,19.078311311633904
9,1,28,21.04415082178537
9,1,28,25.040283596519497
10,1,28,28.06961005478569
10,1,28,32.09796970673542
11,1,28,33.70931356751531
11,1,28,35.54624556880438
12,1,28,35.96519497260716
12,1,28,37.41540444730906
13,1,28,37.86658072832743
13,1,28,38.3177570093458
14,1,28,37.76990009668063
14,1,28,37.18981630679987
15,1,28,35.93296809539156
15,1,28,34.25717048018047
16,1,28,33.12922977763455
16,1,28,30.97002900418949
7,2,28,28.03738317757009
8,2,28,19.30389945214309
8,2,28,22.49436029648727
9,2,28,24.943602964872703
9,2,28,29.004189494038027
10,2,28,31.969062197873026
10,2,28,34.12826297131808
11,2,28,35.57847244601998
11,2,28,37.15758942958427
12,2,28,37.28649693844667
13,2,28,38.09216886883661
13,2,28,39.34901708024493
14,2,28,39.34901708024493
14,2,28,40.12246213341927
14,2,28,39.6712858524009
15,2,28,38.57557202707058
16,2,28,36.41637125362552
16,2,28,33.8382210763777
8,3,28,31.55011279407025
8,3,28,21.076377699000968
9,3,28,24.26683854334515
9,3,28,28.97196261682243
10,3,28,31.388978407992266
10,3,28,34.61166612955205
11,3,28,35.61069932323558
11,3,28,37.64099258781824
12,3,28,38.1888495004834
12,3,28,39.12342893973574
12,3,28,40.05800837898808
13,3,28,34.83725427006123
13,3,28,35.64292620045118
14,3,28,35.3528843055108
15,3,28,34.61166612955205
15,3,28,33.38704479535933
16,3,28,31.45343216242346
16,3,28,30.13213019658395
8,4,28,29.13309700290042
8,4,28,19.17499194328069
8,4,28,21.20528520786336
9,4,28,24.492426683854333
10,4,28,26.683854334514987
10,4,28,28.81082823074444
11,4,28,29.90654205607477
11,4,28,30.937802126973896
12,4,28,32.03351595230422
12,4,28,32.80696100547857
13,4,28,32.48469223332259
13,4,28,32.87141475990976
13,4,28,32.67805349661618
14,4,28,33.38704479535933
15,4,28,32.61359974218498
15,4,28,31.55011279407025
16,4,28,29.87431517885917
16,4,28,29.004189494038027
8,5,28,27.908475668707705
8,5,28,14.11537222043184
8,5,28,14.083145343216245
9,5,28,14.212052852078632
9,5,28,14.534321624234613
10,5,28,15.339993554624558
10,5,28,16.62906864324847
11,5,28,17.95037060908798
12,5,28,18.788269416693524
12,5,28,21.46310022558814
13,5,28,22.36545278762488
13,5,28,24.073477280051563
13,5,28,27.36061875604254
14,5,28,28.456332581372862
15,5,28,29.165323880116016
15,5,28,29.97099581050596
16,5,28,30.06767644215276
16,5,28,29.10087012568482
8,6,28,27.48952626490493
8,6,28,17.273606187560425
9,6,28,17.402513696422815
9,6,28,17.563648082500805
10,6,28,17.305833064776024
10,6,28,17.692555591363195
10,6,28,18.04705124073477
11,6,28,18.27263938124396
11,6,28,19.1427650660651
12,6,28,19.948436996455044
13,6,28,19.497260715436678
13,6,28,21.46310022558814
13,6,28,21.946503383822108
14,6,28,22.81662906864325
15,6,28,23.171124718014823
15,6,28,23.10667096358363
15,6,28,22.558814050918468
16,6,28,21.301965839510157
8,0,28,19.88398324202385
8,0,28,16.59684176603287
8,0,28,19.20721882049629
9,0,28,23.880116016757977
9,0,28,27.231711247180147
10,0,28,30.42217209152433
10,0,28,32.87141475990976
11,0,28,34.74057363841444
11,0,28,35.73960683209797
12,0,28,36.57750563970351
12,0,28,36.99645504350629
13,0,28,36.35191749919433
13,0,28,36.93200128907509
14,0,28,36.99645504350629
15,0,28,34.77280051563004
15,0,28,33.38704479535933
16,0,28,31.32452465356107
16,0,28,29.4553657750564
7,1,28,26.716081211730582
8,1,28,21.108604576216564
8,1,28,23.428939735739608
9,1,28,26.716081211730582
9,1,28,29.80986142442797
10,1,28,33.45149854979053
11,1,28,36.51305188527232
11,1,28,38.34998388656139
11,1,28,40.38027715114406
12,1,28,41.44376409925878
13,1,28,41.54044473090558
13,1,28,42.60393167902031
14,1,28,42.34611666129552
14,1,28,42.47502417015791
15,1,28,41.185949081534
15,1,28,40.28359651949726
16,1,28,38.12439574605221
16,1,28,36.44859813084112
8,2,28,33.25813728649694
8,2,28,21.559780857234934
9,2,28,23.493393490170803
9,2,28,27.10280373831776
10,2,28,30.38994521430873
10,2,28,33.12922977763455
11,2,28,35.22397679664841
11,2,28,37.57653883338705
12,2,28,39.12342893973574
12,2,28,39.57460522075411
13,2,28,40.50918466000645
13,2,28,41.50821785368998
14,2,28,41.47599097647438
14,2,28,40.96036094102482
15,2,28,40.41250402835965
15,2,28,39.05897518530455
16,2,28,37.12536255236868
16,2,28,35.06284241057042
8,3,28,31.421205285207865
8,3,28,22.913309700290043
9,3,28,26.780534966161778
9,3,28,30.13213019658395
10,3,28,32.64582661940058
10,3,28,35.77183370931357
11,3,28,37.60876571060264
11,3,28,39.15565581695134
12,3,28,40.34805027392846
12,3,28,41.95939413470835
13,3,28,42.57170480180471
13,3,28,36.7064131485659
14,3,28,37.25427006123107
14,3,28,36.60973251691911
15,3,28,35.09506928778601
15,3,28,33.51595230422172
16,3,28,31.969062197873026
16,3,28,29.71318079278118
8,4,28,27.425072510473736
8,4,28,21.720915243312923
9,4,28,23.718981630679988
9,4,28,26.393812439574607
10,4,28,24.202384788913957
10,4,28,26.103770544634227
11,4,28,27.425072510473736
11,4,28,28.585240090235256
12,4,28,29.487592652272
12,4,28,30.48662584595553
13,4,28,31.32452465356107
13,4,28,31.03448275862069
14,4,28,30.776667740895903
14,4,28,30.74444086368031
15,4,28,29.777634547212376
15,4,28,27.77956815984531
16,4,28,26.232678053496617
16,4,28,24.879149210441508
8,5,28,23.654527876248792
8,5,28,17.402513696422815
9,5,28,17.78923622300999
9,5,28,18.07927811795037
10,5,28,18.884950048340315
10,5,28,19.916210119239445
11,5,28,21.01192394456977
11,5,28,23.10667096358363
12,5,28,24.13793103448276
12,5,28,25.104737350950693
13,5,28,26.071543667418627
13,5,28,27.9407025459233
14,5,28,29.55204640670319
14,5,28,31.90460844344183
15,5,28,33.7737673219465
15,5,28,34.51498549790525
16,5,28,35.256203673864
16,5,28,34.41830486625846
8,6,28,33.16145665485014
8,6,28,14.598775378665808
9,6,28,14.921044150821784
9,6,28,15.049951659684176
10,6,28,15.501127940702546
10,6,28,16.91911053818885
11,6,28,17.95037060908798
11,6,28,18.723815662262325
12,6,28,19.1105381888495
12,6,28,18.53045439896874
13,6,28,18.175958749597164
13,6,28,20.6252014179826
14,6,28,21.49532710280374
14,6,28,21.81759587495972
15,6,28,22.429906542056077
15,6,28,21.81759587495972
16,6,28,20.6252014179826
16,6,28,18.07927811795037
8,0,28,16.403480502739285
8,0,28,14.598775378665808
9,0,28,18.07927811795037
9,0,28,21.108604576216564
10,0,28,23.39671285852401
10,0,28,26.4582661940058
11,0,28,28.29519819529488
11,0,28,29.90654205607477
12,0,28,30.9055752497583
12,0,28,31.87238156622623
13,0,28,32.16242346116661
13,0,28,32.48469223332259
14,0,28,32.48469223332259
14,0,28,31.90460844344183
15,0,28,30.58330647760232
15,0,28,29.97099581050596
16,0,28,28.327425072510472
16,0,28,25.620367386400257
7,1,28,23.332259104092813
8,1,28,16.242346116661295
8,1,28,19.88398324202385
9,1,28,22.81662906864325
9,1,28,26.780534966161778
10,1,28,30.8733483725427
11,1,28,34.09603609410248
11,1,28,36.09410248146955
11,1,28,36.8030937802127
12,1,28,37.57653883338705
12,1,28,37.73767321946504
13,1,28,37.93103448275862
14,1,28,38.05994199162101
14,1,28,37.41540444730906
15,1,28,36.67418627135031
15,1,28,34.64389300676764
15,1,28,32.291330970029
16,1,28,30.51885272317113
8,2,28,26.780534966161778
8,2,28,18.04705124073477
9,2,28,20.43184015468901
9,2,28,25.33032549145988
10,2,28,27.747341282629712
10,2,28,31.16339026748308
11,2,28,33.8382210763777
11,2,28,35.57847244601998
12,2,28,37.25427006123107
12,2,28,38.89784079922656
13,2,28,39.25233644859813
13,2,28,39.92910087012569
14,2,28,40.09023525620368
14,2,28,39.38124395746052
15,2,28,38.34998388656139
15,2,28,36.48082500805672
16,2,28,34.22494360296487
16,2,28,32.13019658395101
8,3,28,28.714147599097647
8,3,28,19.948436996455044
9,3,28,22.268772155978084
9,3,28,26.232678053496617
9,3,28,28.52078633580406
10,3,28,31.517885916854656
11,3,28,34.54721237512085
11,3,28,36.8353206574283
12,3,28,37.80212697389623
12,3,28,38.76893329036417
13,3,28,39.02674830808895
13,3,28,40.70254592330003
14,3,28,40.38027715114406
14,3,28,39.54237834353851
14,3,28,37.99548823718982
15,3,28,36.12632935868514
15,3,28,34.32162423461167
16,3,28,32.45246535610699
8,4,28,29.584273283918787
8,4,28,14.953271028037385
9,4,28,17.305833064776024
10,4,28,22.172091524331293
10,4,28,24.589107315501128
11,4,28,26.587173702868192
11,4,28,28.68192072188205
12,4,28,29.938768933290365
12,4,28,30.74444086368031
13,4,28,30.97002900418949
13,4,28,30.679987109249115
14,4,28,30.71221398646471
14,4,28,30.61553335481792
15,4,28,29.90654205607477
15,4,28,28.84305510796004
16,4,28,27.521753142120527
16,4,28,26.4260393167902
7,5,28,24.68578794714792
8,5,28,12.568482114083146
8,5,28,13.116339026748308
9,5,28,14.244279729294233
10,5,28,15.14663229133097
10,5,28,16.725749274895264
10,5,28,18.337093135675158
11,5,28,19.626168224299064
12,5,28,22.20431840154689
12,5,28,25.491459877537867
13,5,28,27.07057686110216
13,5,28,28.93973573960683
14,5,28,31.00225588140509
14,5,28,34.03158233967129
15,5,28,35.38511118272639
15,5,28,36.7064131485659
16,5,28,36.93200128907509
16,5,28,37.25427006123107
8,6,28,36.41637125362552
8,6,28,14.98549790525298
9,6,28,14.888817273606188
9,6,28,15.114405414115373
10,6,28,15.630035449564938
10,6,28,16.951337415404446
11,6,28,17.82146310022559
11,6,28,18.884950048340315
12,6,28,21.108604576216564
12,6,28,24.26683854334515
13,6,28,28.585240090235256
13,6,28,34.86948114727683
14,6,28,38.2855301321302
14,6,28,47.1801482436352
15,6,28,53.625523686754754
15,6,28,60.77989042861747
16,6,28,60.07089912987431
16,6,28,58.39510151466323
8,0,28,55.65581695133741
8,0,28,14.792136641959392
9,0,28,17.46696745085401
9,0,28,21.140831453432163
10,0,28,23.39671285852401
10,0,28,27.296165001611342
11,0,28,29.938768933290365
11,0,28,32.3557847244602
11,0,28,33.32259104092813
12,0,28,34.03158233967129
12,0,28,34.74057363841444
13,0,28,35.2884305510796
14,0,28,35.80406058652917
14,0,28,35.64292620045118
14,0,28,34.54721237512085
15,0,28,33.38704479535933
15,0,28,31.16339026748308
16,0,28,29.487592652272
7,1,28,25.26587173702868
8,1,28,15.307766677408958
9,1,28,18.85272317112472
9,1,28,23.461166612955203
10,1,28,26.007089912987432
10,1,28,28.52078633580406
11,1,28,30.776667740895903
11,1,28,32.71028037383178
12,1,28,34.28939735739607
12,1,28,35.48179181437319
12,1,28,35.83628746374476
13,1,28,36.64195939413471
13,1,28,36.7064131485659
14,1,28,36.44859813084112
14,1,28,35.44956493715759
15,1,28,33.64485981308411
15,1,28,31.03448275862069
16,1,28,28.84305510796004
8,2,28,25.169191105381888
8,2,28,16.274572993876895
8,2,28,19.046084434418304
9,2,28,21.81759587495972
10,2,28,25.87818240412504
10,2,28,29.87431517885917
11,2,28,32.45246535610699
11,2,28,34.41830486625846
11,2,28,35.70737995488237
12,2,28,36.7386400257815
13,2,28,37.89880760554302
13,2,28,38.64002578150177
13,2,28,39.18788269416694
14,2,28,39.18788269416694
15,2,28,37.47985820174025
15,2,28,35.22397679664841
16,2,28,33.22591040928134
16,2,28,30.45439896873993
8,3,28,27.553980019336127
8,3,28,17.37028681920722
9,3,28,19.497260715436678
9,3,28,22.97776345472124
10,3,28,25.91040928134064
10,3,28,27.876248791492102
11,3,28,30.42217209152433
11,3,28,31.969062197873026
12,3,28,32.74250725104737
12,3,28,33.41927167257493
13,3,28,34.45053174347406
13,3,28,35.99742184982275
13,3,28,36.41637125362552
14,3,28,36.28746374476313
14,3,28,35.22397679664841
15,3,28,34.09603609410248
15,3,28,32.06574282951982
16,3,28,29.648727038349985
8,4,28,26.29713180792781
9,4,28,17.17692555591363
9,4,28,23.39671285852401
10,4,28,25.749274895262648
10,4,28,27.747341282629712
11,4,28,29.4553657750564
11,4,28,31.711247180148245
12,4,28,33.16145665485014
12,4,28,34.83725427006123
13,4,28,35.41733805994199
13,4,28,35.44956493715759
14,4,28,35.67515307766677
14,4,28,35.54624556880438
15,4,28,34.41830486625846
15,4,28,32.93586851434096
16,4,28,31.55011279407025
16,4,28,29.584273283918787
8,5,28,26.61940058008379
8,5,28,17.273606187560425
9,5,28,18.304866258459555
9,5,28,19.497260715436678
10,5,28,21.46310022558814
10,5,28,23.39671285852401
11,5,28,26.4582661940058
11,5,28,28.553013213019657
12,5,28,30.16435707379955
12,5,28,33.54817918143732
13,5,28,36.64195939413471
13,5,28,38.99452143087335
14,5,28,40.70254592330003
14,5,28,44.086368030937805
15,5,28,45.27876248791492
15,5,28,45.37544311956172
16,5,28,46.31002255881405
16,5,28,46.79342571704802
8,6,28,46.11666129552047
8,6,28,17.33805994199162
9,6,28,17.434740573638415
9,6,28,17.853689977441185
10,6,28,18.27263938124396
10,6,28,18.59490815339993
11,6,28,20.109571382533037
11,6,28,22.78440219142765
12,6,28,25.459233000322268
12,6,28,29.84208830164357
13,6,28,35.256203673864
13,6,28,44.054141153722206
14,6,28,49.017080244924266
14,6,28,52.62649049307122
15,6,28,53.65775056397035
15,6,28,53.20657428295198
16,6,28,51.98195294875927
16,6,28,49.59716403480503
8,0,28,46.438930067676445
8,0,28,16.01675797615211
9,0,28,19.078311311633904
9,0,28,22.623267805349663
10,0,28,25.008056719303895
10,0,28,28.134063809216887
11,0,28,30.9055752497583
11,0,28,32.3880116016758
12,0,28,34.51498549790525
12,0,28,35.15952304221721
13,0,28,35.15952304221721
13,0,28,29.97099581050596
14,0,28,30.03544956493716
14,0,28,29.3909120206252
15,0,28,28.617466967450856
15,0,28,27.48952626490493
16,0,28,24.782468578794717
16,0,28,22.848855945858848
7,1,28,20.979697067354174
8,1,28,16.983564292620045
9,1,28,19.85175636480825
9,1,28,23.718981630679988
10,1,28,26.683854334514987
10,1,28,30.8411214953271
11,1,28,33.06477602320335
11,1,28,35.77183370931357
11,1,28,37.57653883338705
12,1,28,38.54334514985498
13,1,28,38.51111827263938
13,1,28,39.28456332581373
14,1,28,38.93006767644215
14,1,28,38.83338704479536
14,1,28,38.221076377699
15,1,28,37.31872381566226
16,1,28,34.67611988398324
16,1,28,32.03351595230422
8,2,28,29.068643248469225
8,2,28,17.6603287141476
9,2,28,20.206252014179825
9,2,28,24.846922333225912
10,2,28,27.972929423138897
10,2,28,31.388978407992266
10,2,28,33.90267483080889
11,2,28,36.31969062197873
12,2,28,37.54431195617145
12,2,28,38.51111827263938
13,2,28,38.64002578150177
13,2,28,38.60779890428618
14,2,28,38.96229455365775
14,2,28,39.44569771189172
15,2,28,38.89784079922656
15,2,28,36.51305188527232
16,2,28,34.45053174347406
16,2,28,31.77570093457944
8,3,28,29.938768933290365
8,3,28,22.94553657750564
8,3,28,24.879149210441508
9,3,28,28.90750886239124
9,3,28,31.517885916854656
10,3,28,35.3206574282952
10,3,28,38.51111827263938
11,3,28,36.41637125362552
11,3,28,38.12439574605221
12,3,28,39.28456332581373
12,3,28,40.31582339671286
13,3,28,40.96036094102482
13,3,28,41.66935223976797
14,3,28,42.02384788913954
14,3,28,40.96036094102482
15,3,28,38.99452143087335
15,3,28,37.02868192072188
16,3,28,35.3206574282952
7,4,28,33.06477602320335
8,4,28,23.783435385111183
9,4,28,26.780534966161778
9,4,28,29.165323880116016
10,4,28,30.8733483725427
10,4,28,33.03254914598775
11,4,28,34.80502739284563
11,4,28,36.12632935868514
12,4,28,34.83725427006123
12,4,28,36.44859813084112
12,4,28,36.64195939413471
13,4,28,37.31872381566226
13,4,28,37.80212697389623
14,4,28,37.09313567515308
14,4,28,36.57750563970351
15,4,28,35.73960683209797
15,4,28,33.8382210763777
16,4,28,32.19465033838221
8,0,28,32.51691911053819
8,0,28,15.630035449564938
9,0,28,18.11150499516597
9,0,28,21.17305833064776
10,0,28,24.041250402835963
10,0,28,27.32839187882694
11,0,28,28.81082823074444
11,0,28,31.32452465356107
11,0,28,32.67805349661618
12,0,28,33.7737673219465
13,0,28,34.57943925233645
13,0,28,34.86948114727683
14,0,28,34.90170802449243
14,0,28,33.54817918143732
15,0,28,32.03351595230422
15,0,28,30.71221398646471
16,0,28,28.488559458588465
16,0,28,26.587173702868192
7,1,28,24.073477280051563
8,1,28,15.952304221720915
8,1,28,18.788269416693524
9,1,28,22.20431840154689
10,1,28,25.201417982597487
10,1,28,29.55204640670319
11,1,28,31.64679342571705
11,1,28,33.58040605865292
11,1,28,34.77280051563004
12,1,28,35.96519497260716
12,1,28,36.7064131485659
13,1,28,37.73767321946504
14,1,28,38.60779890428618
14,1,28,38.2533032549146
15,1,28,36.67418627135031
15,1,28,35.22397679664841
16,1,28,32.96809539155656
16,1,28,30.937802126973896
7,2,28,27.68288752819852
8,2,28,16.403480502739285
8,2,28,18.98163067998711
9,2,28,21.656461488881728
9,2,28,24.492426683854333
10,2,28,28.29519819529488
10,2,28,30.74444086368031
11,2,28,33.93490170802449
11,2,28,35.70737995488237
12,2,28,37.76990009668063
12,2,28,38.89784079922656
13,2,28,40.31582339671286
13,2,28,40.79922655494683
14,2,28,40.76699967773123
14,2,28,40.28359651949726
15,2,28,38.60779890428618
15,2,28,36.99645504350629
16,2,28,34.80502739284563
7,3,28,33.32259104092813
8,3,28,19.046084434418304
8,3,28,21.108604576216564
9,3,28,24.68578794714792
9,3,28,26.812761843377377
10,3,28,30.42217209152433
10,3,28,33.51595230422172
11,3,28,36.35191749919433
11,3,28,38.86561392201096
12,3,28,40.54141153722205
12,3,28,39.83242023847889
13,3,28,41.47599097647438
13,3,28,40.92813406380922
14,3,28,40.54141153722205
14,3,28,40.05800837898808
15,3,28,38.54334514985498
15,3,28,38.1888495004834
16,3,28,36.38414437640993
8,4,28,34.61166612955205
8,4,28,27.10280373831776
8,4,28,28.35965194972607
9,4,28,29.648727038349985
9,4,28,31.421205285207865
10,4,28,32.3557847244602
10,4,28,33.61263293586851
11,4,28,34.41830486625846
11,4,28,35.22397679664841
12,4,28,36.06187560425395
13,4,28,37.86658072832743
13,4,28,36.38414437640993
14,4,28,36.89977441185949
14,4,28,35.83628746374476
14,4,28,34.64389300676764
15,4,28,33.93490170802449
16,4,28,33.06477602320335
16,4,28,32.16242346116661
7,5,28,30.808894618111506
8,5,28,24.363519174991943
9,5,28,24.653561069932323
9,5,28,25.169191105381888
9,5,28,25.58814050918466
10,5,28,26.200451176281017
11,5,28,26.587173702868192
11,5,28,27.231711247180147
12,5,28,28.19851756364808
12,5,28,29.648727038349985
12,5,28,31.09893651305189
13,5,28,33.00032226877216
13,5,28,35.12729616500161
14,5,28,36.89977441185949
15,5,28,36.64195939413471
15,5,28,37.44763132452465
15,5,28,38.54334514985498
16,5,28,38.73670641314857
8,6,28,37.47985820174025
8,6,28,25.749274895262648
8,6,28,25.749274895262648
9,6,28,25.749274895262648
9,6,28,25.781501772478247
10,6,28,25.684821140831453
10,6,28,25.523686754753463
11,6,28,26.32935868514341
11,6,28,27.908475668707705
12,6,28,29.32645826619401
13,6,28,31.13116339026748
13,6,28,31.87238156622623
13,6,28,33.45149854979053
14,6,28,35.22397679664841
14,6,28,36.09410248146955
15,6,28,36.7708669029971
15,6,28,36.7064131485659
16,6,28,34.35385111182726
8,0,28,32.3557847244602
8,0,28,15.984531098936513
9,0,28,18.723815662262325
9,0,28,22.268772155978084
10,0,28,24.653561069932323
10,0,28,28.16629068643249
11,0,28,30.228810828230745
11,0,28,31.55011279407025
11,0,28,33.35481791814373
12,0,28,34.86948114727683
12,0,28,36.19078311311634
13,0,28,36.51305188527232
14,0,28,36.48082500805672
14,0,28,35.86851434096036
14,0,28,34.80502739284563
15,0,28,33.22591040928134
15,0,28,31.58233967128585
16,0,28,30.74444086368031
7,1,29,0.0
8,1,29,31.979166666666668
8,1,29,39.63541666666666
9,1,29,49.895833333333336
9,1,29,58.38541666666666
10,1,29,65.3125
10,1,29,68.95833333333333
11,1,29,72.23958333333333
11,1,29,74.375
12,1,29,75.36458333333333
13,1,29,76.04166666666667
13,1,29,75.41666666666667
14,1,29,74.58333333333333
14,1,29,74.47916666666667
14,1,29,74.42708333333333
15,1,29,71.92708333333333
16,1,29,67.70833333333333
16,1,29,63.4375
7,2,29,55.989583333333336
8,2,29,31.354166666666668
9,2,29,40.57291666666666
9,2,29,50.78125
10,2,29,59.270833333333336
10,2,29,68.02083333333333
11,2,29,71.82291666666667
11,2,29,73.4375
12,2,29,74.47916666666667
12,2,29,75.3125
12,2,29,74.84375
13,2,29,73.85416666666667
13,2,29,74.32291666666667
14,2,29,74.0625
14,2,29,73.38541666666667
15,2,29,71.77083333333333
16,2,29,67.86458333333333
16,2,29,62.65625
7,3,29,54.63541666666666
8,3,29,32.03125
8,3,29,40.208333333333336
9,3,29,48.802083333333336
10,3,29,58.28125
10,3,29,64.0625
10,3,29,66.92708333333333
11,3,29,69.53125
12,3,29,71.14583333333333
12,3,29,72.60416666666667
12,3,29,73.33333333333333
13,3,29,74.0625
13,3,29,73.90625
14,3,29,74.01041666666667
15,3,29,72.29166666666667
15,3,29,70.10416666666667
16,3,29,66.09375
16,3,29,60.9375
8,4,29,53.54166666666666
8,4,29,30.572916666666668
9,4,29,38.4375
9,4,29,46.875
9,4,29,52.76041666666666
10,4,29,58.59375
10,4,29,61.770833333333336
11,4,29,64.01041666666667
12,4,29,65.10416666666667
12,4,29,65.41666666666667
13,4,29,65.72916666666667
13,4,29,65.98958333333333
14,4,29,65.41666666666667
14,4,29,64.84375
15,4,29,62.76041666666666
15,4,29,61.458333333333336
15,4,29,58.85416666666666
16,4,29,54.739583333333336
7,5,29,47.1875
8,5,29,15.833333333333334
8,5,29,17.552083333333332
9,5,29,20.67708333333333
10,5,29,23.697916666666668
10,5,29,27.70833333333333
10,5,29,30.416666666666668
11,5,29,32.604166666666664
12,5,29,36.51041666666666
12,5,29,39.739583333333336
13,5,29,41.927083333333336
13,5,29,44.53125
14,5,29,45.57291666666666
14,5,29,47.76041666666666
14,5,29,48.177083333333336
15,5,29,49.6875
16,5,29,48.125
16,5,29,45.052083333333336
8,6,29,40.72916666666666
8,6,29,14.84375
9,6,29,12.916666666666666
9,6,29,13.489583333333334
9,6,29,14.6875
10,6,29,15.46875
11,6,29,16.041666666666668
11,6,29,17.291666666666668
11,6,29,19.791666666666668
12,6,29,21.71875
13,6,29,24.21875
13,6,29,25.0
14,6,29,25.36458333333333
14,6,29,25.36458333333333
15,6,29,25.885416666666668
15,6,29,24.89583333333333
16,6,29,23.64583333333333
16,6,29,21.92708333333333
8,0,29,19.53125
8,0,29,28.125
9,0,29,34.739583333333336
9,0,29,45.625
10,0,29,54.63541666666666
10,0,29,62.5
10,0,29,64.47916666666667
11,0,29,66.71875
11,0,29,67.70833333333333
12,0,29,68.95833333333333
13,0,29,69.32291666666667
13,0,29,69.53125
14,0,29,69.11458333333333
14,0,29,68.07291666666667
14,0,29,66.45833333333333
15,0,29,64.79166666666667
15,0,29,62.34375
16,0,29,59.114583333333336
8,1,29,52.239583333333336
8,1,29,29.375
8,1,29,36.25
9,1,29,44.375
9,1,29,56.35416666666666
10,1,29,63.020833333333336
10,1,29,68.22916666666667
11,1,29,69.94791666666667
12,1,29,71.30208333333333
12,1,29,72.70833333333333
13,1,29,74.53125
13,1,29,74.21875
14,1,29,73.22916666666667
14,1,29,72.60416666666667
15,1,29,70.26041666666667
15,1,29,67.1875
16,1,29,63.85416666666666
16,1,29,59.84375
8,2,29,52.395833333333336
8,2,29,31.666666666666668
9,2,29,38.22916666666666
9,2,29,49.114583333333336
10,2,29,57.13541666666666
10,2,29,65.78125
11,2,29,69.42708333333333
11,2,29,71.5625
12,2,29,72.5
12,2,29,72.60416666666667
13,2,29,73.28125
13,2,29,72.76041666666667
14,2,29,72.39583333333333
14,2,29,71.5625
15,2,29,70.10416666666667
15,2,29,65.78125
15,2,29,62.76041666666666
16,2,29,58.54166666666666
7,3,29,50.625
8,3,29,27.70833333333333
9,3,29,37.864583333333336
9,3,29,48.177083333333336
9,3,29,57.395833333333336
10,3,29,64.58333333333333
11,3,29,68.85416666666667
11,3,29,71.19791666666667
11,3,29,72.55208333333333
12,3,29,74.21875
13,3,29,74.375
13,3,29,74.375
13,3,29,74.27083333333333
14,3,29,73.02083333333333
15,3,29,71.14583333333333
15,3,29,69.53125
16,3,29,67.29166666666667
16,3,29,62.708333333333336
8,4,29,55.677083333333336
8,4,29,28.95833333333333
9,4,29,35.885416666666664
9,4,29,44.6875
10,4,29,52.60416666666666
10,4,29,59.47916666666666
11,4,29,62.083333333333336
11,4,29,63.54166666666666
12,4,29,64.53125
12,4,29,64.58333333333333
13,4,29,63.85416666666666
13,4,29,63.802083333333336
14,4,29,62.76041666666666
14,4,29,62.03125
15,4,29,61.5625
15,4,29,59.0625
16,4,29,54.583333333333336
16,4,29,50.46875
8,5,29,43.333333333333336
8,5,29,15.104166666666666
9,5,29,17.8125
9,5,29,20.36458333333333
10,5,29,22.760416666666668
10,5,29,26.041666666666668
11,5,29,28.75
11,5,29,31.92708333333333
12,5,29,32.760416666666664
12,5,29,34.84375
13,5,29,36.875
13,5,29,40.78125
14,5,29,44.16666666666666
14,5,29,44.94791666666666
15,5,29,45.833333333333336
15,5,29,47.13541666666666
16,5,29,45.88541666666666
16,5,29,44.427083333333336
8,6,29,41.09375
8,6,29,15.46875
9,6,29,16.875
9,6,29,21.875
10,6,29,27.08333333333333
10,6,29,35.15625
11,6,29,38.69791666666666
11,6,29,41.458333333333336
12,6,29,44.79166666666666
12,6,29,49.114583333333336
13,6,29,50.41666666666666
13,6,29,50.26041666666666
14,6,29,48.4375
14,6,29,45.364583333333336
15,6,29,41.35416666666666
15,6,29,37.1875
15,6,29,32.760416666666664
16,6,29,29.53125
8,0,29,24.479166666666668
8,0,29,27.86458333333333
9,0,29,33.28125
9,0,29,41.770833333333336
10,0,29,48.958333333333336
10,0,29,57.96875
11,0,29,61.5625
11,0,29,65.0
12,0,29,65.98958333333333
12,0,29,66.92708333333333
12,0,29,67.08333333333333
13,0,29,67.29166666666667
14,0,29,66.5625
14,0,29,66.51041666666667
14,0,29,66.35416666666667
15,0,29,64.6875
15,0,29,61.145833333333336
16,0,29,57.13541666666666
8,1,29,49.114583333333336
8,1,29,31.45833333333333
9,1,29,38.177083333333336
9,1,29,48.177083333333336
10,1,29,56.875
10,1,29,64.79166666666667
11,1,29,68.64583333333333
11,1,29,71.35416666666667
12,1,29,70.88541666666667
12,1,29,72.76041666666667
13,1,29,73.38541666666667
13,1,29,73.38541666666667
13,1,29,73.17708333333333
14,1,29,72.23958333333333
15,1,29,71.45833333333333
15,1,29,69.21875
15,1,29,65.625
16,1,29,63.489583333333336
8,2,29,60.625
8,2,29,32.916666666666664
8,2,29,38.020833333333336
9,2,29,49.79166666666666
9,2,29,60.46875
10,2,29,65.72916666666667
10,2,29,70.83333333333333
11,2,29,73.33333333333333
11,2,29,73.54166666666667
12,2,29,74.84375
12,2,29,74.94791666666667
13,2,29,73.85416666666667
13,2,29,73.90625
14,2,29,72.39583333333333
14,2,29,71.66666666666667
15,2,29,70.41666666666667
15,2,29,66.40625
16,2,29,61.302083333333336
7,5,29,53.54166666666666
8,5,29,14.0625
8,5,29,15.0
9,5,29,17.760416666666668
9,5,29,19.791666666666668
10,5,29,24.010416666666668
10,5,29,25.83333333333333
11,5,29,29.322916666666668
11,5,29,31.25
12,5,29,33.4375
12,5,29,36.19791666666666
13,5,29,38.85416666666666
13,5,29,40.677083333333336
14,5,29,40.57291666666666
14,5,29,42.03125
15,5,29,41.40625
15,5,29,41.09375
16,5,29,38.75
7,6,29,36.40625
8,6,29,15.46875
8,6,29,15.78125
9,6,29,16.197916666666668
9,6,29,17.447916666666668
10,6,29,18.697916666666668
10,6,29,19.166666666666668
11,6,29,19.6875
11,6,29,21.5625
12,6,29,24.375
13,6,29,26.45833333333333
13,6,29,27.34375
13,6,29,27.760416666666668
14,6,29,28.125
14,6,29,27.604166666666668
15,6,29,27.39583333333333
15,6,29,27.03125
16,6,29,24.53125
7,0,29,22.86458333333333
8,0,29,29.322916666666668
9,0,29,37.395833333333336
9,0,29,46.40625
9,0,29,52.708333333333336
10,0,29,55.9375
11,0,29,58.22916666666666
11,0,29,59.21875
12,0,29,60.989583333333336
12,0,29,63.020833333333336
12,0,29,64.27083333333333
13,0,29,64.94791666666667
13,0,29,64.84375
14,0,29,64.6875
14,0,29,65.20833333333333
15,0,29,64.53125
16,0,29,62.29166666666666
16,0,29,57.864583333333336
8,1,29,50.3125
8,1,29,28.48958333333333
9,1,29,34.635416666666664
9,1,29,43.802083333333336
9,1,29,48.07291666666666
10,1,29,55.46875
10,1,29,59.114583333333336
11,1,29,60.364583333333336
12,1,29,61.97916666666666
12,1,29,62.76041666666666
13,1,29,63.54166666666666
13,1,29,64.79166666666667
13,1,29,64.6875
14,1,29,64.11458333333333
15,1,29,64.01041666666667
15,1,29,62.96875
15,1,29,60.72916666666666
16,1,29,57.395833333333336
7,2,29,49.53125
8,2,29,29.11458333333333
8,2,29,37.552083333333336
9,2,29,45.520833333333336
9,2,29,51.51041666666666
10,2,29,56.5625
10,2,29,58.802083333333336
11,2,29,60.78125
11,2,29,61.614583333333336
12,2,29,62.96875
12,2,29,63.958333333333336
13,2,29,64.84375
13,2,29,65.20833333333333
14,2,29,66.04166666666667
14,2,29,65.9375
15,2,29,64.73958333333333
15,2,29,62.65625
16,2,29,58.22916666666666
7,3,29,49.94791666666666
8,3,29,30.0
8,3,29,37.60416666666666
9,3,29,45.26041666666666
9,3,29,51.35416666666666
10,3,29,54.895833333333336
10,3,29,57.8125
11,3,29,59.739583333333336
11,3,29,61.458333333333336
12,3,29,62.91666666666666
12,3,29,63.54166666666666
13,3,29,65.10416666666667
13,3,29,65.3125
14,3,29,65.78125
14,3,29,65.36458333333333
15,3,29,64.47916666666667
15,3,29,62.13541666666666
16,3,29,57.239583333333336
8,4,29,51.302083333333336
8,4,29,29.11458333333333
9,4,29,37.65625
10,4,29,43.489583333333336
10,4,29,48.489583333333336
10,4,29,51.09375
11,4,29,52.8125
12,4,29,53.69791666666666
12,4,29,54.79166666666666
13,4,29,55.72916666666666
13,4,29,57.395833333333336
14,4,29,56.770833333333336
14,4,29,58.59375
15,4,29,58.645833333333336
15,4,29,57.864583333333336
16,4,29,54.79166666666666
16,4,29,50.9375
7,5,29,45.052083333333336
8,5,29,13.4375
8,5,29,14.479166666666666
9,5,29,17.864583333333332
9,5,29,19.947916666666668
10,5,29,22.916666666666668
10,5,29,26.09375
11,5,29,30.52083333333333
12,5,29,32.864583333333336
12,5,29,36.875
12,5,29,38.38541666666666
13,5,29,40.364583333333336
13,5,29,41.66666666666666
14,5,29,42.8125
14,5,29,43.54166666666666
15,5,29,45.3125
15,5,29,44.53125
16,5,29,42.13541666666666
7,6,29,38.54166666666666
8,6,29,14.322916666666666
8,6,29,14.322916666666666
9,6,29,14.791666666666666
9,6,29,16.354166666666668
10,6,29,18.33333333333333
10,6,29,19.791666666666668
11,6,29,19.73958333333333
11,6,29,22.23958333333333
12,6,29,23.59375
13,6,29,25.20833333333333
13,6,29,27.39583333333333
13,6,29,27.34375
14,6,29,27.291666666666668
15,6,29,25.98958333333333
15,6,29,25.0
8,0,29,23.59375
8,0,29,29.635416666666668
9,0,29,37.44791666666666
9,0,29,48.54166666666666
10,0,29,56.458333333333336
10,0,29,63.802083333333336
11,0,29,65.88541666666667
11,0,29,67.96875
12,0,29,68.28125
12,0,29,68.69791666666667
13,0,29,69.0625
13,0,29,69.47916666666667
13,0,29,69.47916666666667
14,0,29,69.53125
15,0,29,67.91666666666667
15,0,29,65.78125
16,0,29,63.802083333333336
16,0,29,59.84375
8,1,29,52.65625
8,1,29,32.864583333333336
9,1,29,38.958333333333336
9,1,29,49.79166666666666
10,1,29,56.71875
10,1,29,66.30208333333333
11,1,29,69.0625
11,1,29,71.92708333333333
12,1,29,72.76041666666667
12,1,29,72.65625
13,1,29,73.17708333333333
13,1,29,73.28125
14,1,29,73.75
14,1,29,73.90625
15,1,29,74.21875
15,1,29,71.66666666666667
16,1,29,69.375
16,1,29,63.645833333333336
7,2,29,55.364583333333336
8,2,29,30.46875
8,2,29,38.645833333333336
9,2,29,46.51041666666666
9,2,29,58.020833333333336
10,2,29,65.72916666666667
10,2,29,70.625
11,2,29,73.4375
11,2,29,74.53125
12,2,29,75.15625
13,2,29,74.94791666666667
13,2,29,74.84375
14,2,29,73.69791666666667
14,2,29,73.64583333333333
14,2,29,72.39583333333333
15,2,29,71.35416666666667
16,2,29,66.04166666666667
16,2,29,59.53125
8,3,29,52.083333333333336
8,3,29,31.822916666666668
9,3,29,38.85416666666666
9,3,29,49.16666666666666
10,3,29,57.44791666666666
10,3,29,65.26041666666667
11,3,29,67.5
11,3,29,69.79166666666667
12,3,29,70.36458333333333
12,3,29,71.61458333333333
12,3,29,72.44791666666667
13,3,29,72.96875
13,3,29,73.02083333333333
14,3,29,73.22916666666667
15,3,29,72.08333333333333
15,3,29,69.11458333333333
16,3,29,66.30208333333333
16,3,29,62.13541666666666
8,4,29,55.989583333333336
8,4,29,30.572916666666668
8,4,29,37.1875
9,4,29,45.625
10,4,29,56.04166666666666
10,4,29,60.10416666666666
11,4,29,62.239583333333336
11,4,29,63.958333333333336
12,4,29,64.27083333333333
12,4,29,64.73958333333333
13,4,29,64.375
13,4,29,65.05208333333333
13,4,29,63.802083333333336
14,4,29,62.96875
15,4,29,61.97916666666666
15,4,29,58.75
16,4,29,55.10416666666666
16,4,29,50.78125
8,5,29,45.052083333333336
8,5,29,16.510416666666668
8,5,29,17.447916666666668
9,5,29,20.0
9,5,29,22.39583333333333
10,5,29,24.375
10,5,29,26.875
11,5,29,28.697916666666668
12,5,29,31.45833333333333
12,5,29,34.583333333333336
13,5,29,36.927083333333336
13,5,29,39.63541666666666
13,5,29,41.04166666666666
14,5,29,41.302083333333336
15,5,29,42.083333333333336
15,5,29,40.78125
16,5,29,40.46875
16,5,29,36.71875
8,6,29,35.0
8,6,29,14.375
9,6,29,14.6875
9,6,29,15.572916666666666
10,6,29,17.604166666666668
10,6,29,18.4375
10,6,29,19.21875
11,6,29,20.260416666666668
11,6,29,23.072916666666668
12,6,29,24.84375
13,6,29,25.67708333333333
13,6,29,26.77083333333333
13,6,29,26.77083333333333
14,6,29,27.604166666666668
15,6,29,26.45833333333333
15,6,29,26.197916666666668
15,6,29,24.0625
16,6,29,21.822916666666668
8,0,29,19.635416666666668
8,0,29,28.541666666666668
8,0,29,36.302083333333336
9,0,29,47.5
9,0,29,56.71875
10,0,29,64.0625
10,0,29,68.38541666666667
11,0,29,70.67708333333333
11,0,29,71.30208333333333
12,0,29,73.54166666666667
12,0,29,74.42708333333333
13,0,29,74.63541666666667
13,0,29,73.59375
14,0,29,74.58333333333333
15,0,29,72.5
15,0,29,70.57291666666667
16,0,29,66.97916666666667
16,0,29,61.770833333333336
7,1,29,51.927083333333336
8,1,29,30.46875
8,1,29,38.75
9,1,29,50.10416666666666
9,1,29,57.708333333333336
10,1,29,67.39583333333333
11,1,29,72.13541666666667
11,1,29,75.46875
11,1,29,77.55208333333333
12,1,29,79.01041666666667
13,1,29,79.21875
13,1,29,78.85416666666667
14,1,29,77.13541666666667
14,1,29,76.71875
15,1,29,74.16666666666667
15,1,29,71.5625
16,1,29,66.66666666666667
16,1,29,62.239583333333336
8,2,29,53.4375
8,2,29,30.20833333333333
9,2,29,37.708333333333336
9,2,29,47.395833333333336
10,2,29,58.333333333333336
10,2,29,64.63541666666667
11,2,29,69.32291666666667
11,2,29,71.25
12,2,29,71.66666666666667
12,2,29,73.69791666666667
13,2,29,73.75
13,2,29,74.16666666666667
14,2,29,74.84375
14,2,29,74.32291666666667
15,2,29,73.38541666666667
15,2,29,70.78125
16,2,29,66.5625
16,2,29,62.03125
8,3,29,52.708333333333336
8,3,29,30.98958333333333
9,3,29,41.35416666666666
9,3,29,49.0625
10,3,29,56.82291666666666
10,3,29,64.79166666666667
11,3,29,68.48958333333333
11,3,29,71.25
12,3,29,73.02083333333333
12,3,29,74.58333333333333
13,3,29,75.83333333333333
13,3,29,75.36458333333333
14,3,29,76.04166666666667
14,3,29,75.9375
15,3,29,74.01041666666667
15,3,29,70.83333333333333
16,3,29,67.34375
16,3,29,62.13541666666666
8,4,29,55.3125
8,4,29,31.25
9,4,29,39.47916666666666
9,4,29,48.85416666666666
10,4,29,56.302083333333336
10,4,29,64.42708333333333
11,4,29,68.90625
11,4,29,70.72916666666667
12,4,29,71.14583333333333
12,4,29,72.86458333333333
13,4,29,71.92708333333333
13,4,29,72.39583333333333
14,4,29,71.40625
14,4,29,71.51041666666667
15,4,29,71.30208333333333
15,4,29,68.07291666666667
16,4,29,62.76041666666666
16,4,29,59.16666666666666
8,5,29,50.677083333333336
8,5,29,15.416666666666666
9,5,29,16.510416666666668
9,5,29,19.21875
10,5,29,22.55208333333333
10,5,29,28.33333333333333
11,5,29,31.71875
11,5,29,35.729166666666664
12,5,29,39.16666666666666
12,5,29,42.5
13,5,29,45.625
13,5,29,48.4375
14,5,29,50.72916666666666
14,5,29,51.5625
15,5,29,51.35416666666666
15,5,29,52.34375
16,5,29,51.770833333333336
16,5,29,48.125
8,6,29,43.4375
8,6,29,15.208333333333334
9,6,29,15.15625
9,6,29,15.520833333333334
10,6,29,17.34375
10,6,29,18.4375
11,6,29,19.84375
11,6,29,21.14583333333333
12,6,29,24.84375
12,6,29,27.70833333333333
13,6,29,30.52083333333333
13,6,29,32.552083333333336
14,6,29,33.020833333333336
14,6,29,33.958333333333336
15,6,29,33.125
15,6,29,31.354166666666668
16,6,29,30.20833333333333
16,6,29,26.875
8,0,29,24.21875
8,0,29,28.541666666666668
9,0,29,38.958333333333336
9,0,29,48.177083333333336
10,0,29,58.489583333333336
10,0,29,66.04166666666667
11,0,29,69.21875
11,0,29,71.61458333333333
12,0,29,72.96875
12,0,29,74.73958333333333
13,0,29,74.84375
13,0,29,75.98958333333333
14,0,29,76.04166666666667
14,0,29,75.36458333333333
15,0,29,74.84375
15,0,29,72.96875
16,0,29,69.84375
16,0,29,65.10416666666667
7,1,29,57.5
8,1,29,29.84375
8,1,29,40.625
9,1,29,50.46875
9,1,29,61.66666666666666
10,1,29,71.14583333333333
11,1,29,76.30208333333333
11,1,29,79.01041666666667
11,1,29,79.79166666666667
12,1,29,80.83333333333333
12,1,29,80.41666666666667
13,1,29,80.0
14,1,29,79.32291666666667
14,1,29,79.27083333333333
15,1,29,78.28125
15,1,29,75.98958333333333
15,1,29,71.82291666666667
16,1,29,67.96875
8,2,29,57.552083333333336
8,2,29,32.5
9,2,29,40.57291666666666
9,2,29,51.51041666666666
10,2,29,60.9375
10,2,29,71.51041666666667
11,2,29,77.03125
11,2,29,79.42708333333333
12,2,29,80.05208333333333
12,2,29,80.88541666666667
13,2,29,81.30208333333333
13,2,29,80.83333333333333
14,2,29,80.72916666666667
14,2,29,78.75
15,2,29,77.03125
15,2,29,73.59375
16,2,29,69.42708333333333
16,2,29,65.3125
8,3,29,53.69791666666666
8,3,29,33.333333333333336
9,3,29,40.989583333333336
9,3,29,51.40625
9,3,29,60.41666666666666
10,3,29,67.44791666666667
11,3,29,72.1875
11,3,29,75.10416666666667
12,3,29,76.61458333333333
12,3,29,77.86458333333333
13,3,29,78.59375
13,3,29,78.54166666666667
14,3,29,78.33333333333333
14,3,29,77.13541666666667
14,3,29,76.14583333333333
15,3,29,73.125
15,3,29,69.32291666666667
16,3,29,65.05208333333333
8,4,29,55.88541666666666
8,4,29,30.83333333333333
9,4,29,37.864583333333336
10,4,29,55.78125
10,4,29,63.958333333333336
11,4,29,67.86458333333333
11,4,29,69.84375
12,4,29,71.25
12,4,29,71.71875
13,4,29,71.61458333333333
13,4,29,70.46875
14,4,29,71.5625
14,4,29,72.13541666666667
15,4,29,70.9375
15,4,29,67.86458333333333
16,4,29,65.26041666666667
16,4,29,60.364583333333336
7,5,29,54.6875
8,5,29,16.145833333333332
8,5,29,18.17708333333333
9,5,29,22.65625
10,5,29,27.96875
10,5,29,32.8125
10,5,29,37.34375
11,5,29,40.72916666666666
12,5,29,43.958333333333336
12,5,29,48.125
13,5,29,52.8125
13,5,29,57.65625
14,5,29,59.427083333333336
14,5,29,62.13541666666666
15,5,29,62.76041666666666
15,5,29,62.708333333333336
16,5,29,62.239583333333336
16,5,29,59.0625
8,6,29,53.85416666666666
8,6,29,14.21875
9,6,29,14.791666666666666
9,6,29,15.625
10,6,29,16.875
10,6,29,18.64583333333333
11,6,29,19.84375
11,6,29,21.875
12,6,29,25.0
12,6,29,28.17708333333333
13,6,29,31.45833333333333
13,6,29,34.479166666666664
14,6,29,35.052083333333336
14,6,29,37.34375
15,6,29,40.3125
15,6,29,39.47916666666666
16,6,29,37.34375
16,6,29,34.0625
8,0,29,29.21875
8,0,29,31.45833333333333
9,0,29,38.333333333333336
9,0,29,49.375
10,0,29,58.38541666666666
10,0,29,67.60416666666667
11,0,29,72.76041666666667
11,0,29,75.26041666666667
11,0,29,75.98958333333333
12,0,29,76.97916666666667
12,0,29,77.76041666666667
13,0,29,76.66666666666667
14,0,29,76.30208333333333
14,0,29,75.57291666666667
14,0,29,74.27083333333333
15,0,29,71.71875
15,0,29,68.33333333333333
16,0,29,63.645833333333336
7,1,29,53.333333333333336
8,1,29,29.010416666666668
9,1,29,39.6875
9,1,29,50.57291666666666
10,1,29,60.46875
10,1,29,70.15625
11,1,29,74.27083333333333
11,1,29,77.29166666666667
12,1,29,77.96875
12,1,29,78.22916666666667
12,1,29,78.90625
13,1,29,79.01041666666667
13,1,29,77.96875
14,1,29,77.91666666666667
14,1,29,76.82291666666667
15,1,29,75.05208333333333
15,1,29,70.78125
16,1,29,67.34375
8,2,29,57.91666666666666
8,2,29,33.958333333333336
8,2,29,40.72916666666666
9,2,29,50.833333333333336
10,2,29,61.614583333333336
10,2,29,73.07291666666667
11,2,29,77.1875
11,2,29,79.0625
11,2,29,78.95833333333333
12,2,29,80.0
13,2,29,80.3125
13,2,29,81.09375
13,2,29,80.10416666666667
14,2,29,79.21875
15,2,29,77.5
15,2,29,74.63541666666667
16,2,29,71.875
16,2,29,65.10416666666667
8,3,29,56.40625
8,3,29,30.78125
9,3,29,39.375
9,3,29,50.677083333333336
10,3,29,62.44791666666666
10,3,29,68.95833333333333
11,3,29,72.76041666666667
11,3,29,75.88541666666667
12,3,29,76.97916666666667
12,3,29,78.4375
13,3,29,77.96875
13,3,29,77.91666666666667
13,3,29,77.34375
14,3,29,77.34375
14,3,29,75.98958333333333
15,3,29,73.33333333333333
15,3,29,68.95833333333333
16,3,29,64.89583333333333
8,4,29,55.989583333333336
9,4,29,30.9375
9,4,29,50.15625
10,4,29,58.958333333333336
10,4,29,68.54166666666667
11,4,29,74.0625
11,4,29,76.14583333333333
12,4,29,79.0625
12,4,29,81.19791666666667
13,4,29,82.65625
13,4,29,78.54166666666667
14,4,29,77.86458333333333
14,4,29,77.13541666666667
15,4,29,74.63541666666667
15,4,29,70.20833333333333
16,4,29,66.5625
16,4,29,60.46875
8,5,29,53.28125
8,5,29,17.03125
9,5,29,17.96875
9,5,29,23.59375
10,5,29,29.010416666666668
10,5,29,33.125
11,5,29,38.020833333333336
11,5,29,41.71875
12,5,29,45.677083333333336
12,5,29,53.22916666666666
13,5,29,60.15625
13,5,29,66.45833333333333
14,5,29,70.05208333333333
14,5,29,74.27083333333333
15,5,29,77.55208333333333
15,5,29,77.60416666666667
16,5,29,78.4375
16,5,29,74.32291666666667
8,6,29,70.05208333333333
8,6,29,16.09375
9,6,29,16.5625
9,6,29,16.979166666666668
10,6,29,18.33333333333333
10,6,29,20.3125
11,6,29,22.8125
11,6,29,25.98958333333333
12,6,29,33.020833333333336
12,6,29,38.958333333333336
13,6,29,45.625
13,6,29,52.91666666666666
14,6,29,54.583333333333336
14,6,29,58.07291666666666
15,6,29,60.41666666666666
15,6,29,58.90625
16,6,29,55.052083333333336
16,6,29,49.0625
8,0,29,41.04166666666666
8,0,29,32.760416666666664
9,0,29,42.239583333333336
9,0,29,51.35416666666666
10,0,29,60.0
10,0,29,70.20833333333333
11,0,29,74.89583333333333
11,0,29,78.38541666666667
12,0,29,81.66666666666667
12,0,29,83.07291666666667
13,0,29,84.16666666666667
13,0,29,84.32291666666667
14,0,29,84.47916666666667
14,0,29,85.26041666666667
15,0,29,83.80208333333333
15,0,29,80.67708333333333
16,0,29,75.57291666666667
16,0,29,70.36458333333333
7,1,29,61.25
8,1,29,31.09375
9,1,29,40.26041666666666
9,1,29,49.16666666666666
10,1,29,59.21875
10,1,29,68.33333333333333
11,1,29,74.94791666666667
11,1,29,79.89583333333333
11,1,29,81.35416666666667
12,1,29,83.07291666666667
13,1,29,83.95833333333333
13,1,29,84.11458333333333
14,1,29,83.69791666666667
14,1,29,83.48958333333333
14,1,29,80.83333333333333
15,1,29,77.8125
16,1,29,73.22916666666667
16,1,29,66.92708333333333
8,2,29,59.01041666666666
8,2,29,31.61458333333333
9,2,29,39.84375
9,2,29,50.625
10,2,29,59.01041666666666
10,2,29,68.59375
10,2,29,74.0625
11,2,29,78.22916666666667
12,2,29,79.79166666666667
12,2,29,81.35416666666667
13,2,29,81.875
13,2,29,82.03125
14,2,29,81.875
14,2,29,81.77083333333333
15,2,29,80.10416666666667
15,2,29,75.98958333333333
16,2,29,72.08333333333333
16,2,29,67.39583333333333
8,3,29,57.76041666666666
8,3,29,32.65625
8,3,29,38.22916666666666
9,3,29,49.583333333333336
9,3,29,59.6875
10,3,29,69.21875
10,3,29,74.01041666666667
11,3,29,77.8125
11,3,29,78.85416666666667
12,3,29,80.20833333333333
12,3,29,80.46875
13,3,29,82.44791666666667
13,3,29,82.60416666666667
14,3,29,81.92708333333333
14,3,29,80.0
15,3,29,77.5
15,3,29,74.11458333333333
16,3,29,68.4375
7,4,29,60.677083333333336
8,4,29,27.8125
9,4,29,37.864583333333336
9,4,29,49.16666666666666
10,4,29,56.40625
10,4,29,64.79166666666667
11,4,29,67.76041666666667
11,4,29,70.46875
12,4,29,71.61458333333333
12,4,29,72.86458333333333
12,4,29,72.55208333333333
13,4,29,72.23958333333333
13,4,29,71.30208333333333
14,4,29,70.83333333333333
14,4,29,69.42708333333333
15,4,29,66.09375
15,4,29,61.25
16,4,29,56.614583333333336
8,0,29,49.114583333333336
8,0,29,31.30208333333333
9,0,29,40.208333333333336
9,0,29,50.833333333333336
10,0,29,57.91666666666666
10,0,29,63.59375
11,0,29,66.66666666666667
11,0,29,74.27083333333333
11,0,29,76.45833333333333
12,0,29,80.625
13,0,29,81.25
13,0,29,81.66666666666667
14,0,29,81.40625
14,0,29,79.47916666666667
15,0,29,78.48958333333333
15,0,29,76.40625
16,0,29,70.83333333333333
16,0,29,66.09375
7,1,29,57.76041666666666
8,1,29,30.98958333333333
8,1,29,40.364583333333336
9,1,29,49.47916666666666
10,1,29,59.375
10,1,29,65.10416666666667
11,1,29,69.16666666666667
11,1,29,77.5
11,1,29,79.16666666666667
12,1,29,80.36458333333333
12,1,29,80.46875
13,1,29,80.67708333333333
14,1,29,79.6875
14,1,29,80.67708333333333
15,1,29,79.375
15,1,29,75.52083333333333
16,1,29,72.13541666666667
16,1,29,66.45833333333333
7,2,29,58.802083333333336
8,2,29,33.645833333333336
8,2,29,41.25
9,2,29,50.15625
9,2,29,57.395833333333336
10,2,29,65.15625
10,2,29,70.98958333333333
11,2,29,75.83333333333333
11,2,29,76.92708333333333
12,2,29,79.11458333333333
12,2,29,81.09375
13,2,29,80.3125
13,2,29,80.88541666666667
14,2,29,79.375
14,2,29,77.65625
15,2,29,74.375
15,2,29,71.25
16,2,29,66.92708333333333
7,3,29,56.770833333333336
8,3,29,32.395833333333336
8,3,29,40.46875
9,3,29,50.208333333333336
9,3,29,57.29166666666666
10,3,29,66.14583333333333
10,3,29,72.96875
11,3,29,77.1875
11,3,29,79.63541666666667
12,3,29,81.14583333333333
12,3,29,81.09375
13,3,29,79.42708333333333
13,3,29,80.72916666666667
14,3,29,79.94791666666667
14,3,29,79.16666666666667
15,3,29,75.52083333333333
15,3,29,71.5625
16,3,29,66.04166666666667
8,4,29,57.395833333333336
8,4,29,33.125
8,4,29,39.94791666666666
9,4,29,48.07291666666666
9,4,29,57.708333333333336
10,4,29,64.11458333333333
10,4,29,67.55208333333333
11,4,29,69.73958333333333
11,4,29,71.40625
12,4,29,73.07291666666667
13,4,29,74.01041666666667
13,4,29,73.85416666666667
14,4,29,72.65625
14,4,29,72.23958333333333
14,4,29,69.94791666666667
15,4,29,67.55208333333333
16,4,29,63.4375
16,4,29,59.895833333333336
7,5,29,53.020833333333336
8,5,29,16.666666666666668
9,5,29,18.28125
9,5,29,21.197916666666668
9,5,29,24.635416666666668
10,5,29,28.4375
11,5,29,33.489583333333336
11,5,29,37.60416666666666
12,5,29,42.13541666666666
12,5,29,45.9375
12,5,29,50.520833333333336
13,5,29,53.59375
13,5,29,56.875
14,5,29,58.75
15,5,29,59.84375
15,5,29,60.052083333333336
15,5,29,59.94791666666666
16,5,29,58.54166666666666
8,6,29,54.739583333333336
8,6,29,15.885416666666666
8,6,29,15.833333333333334
9,6,29,16.510416666666668
9,6,29,18.072916666666668
10,6,29,20.885416666666668
10,6,29,22.55208333333333
11,6,29,26.5625
11,6,29,32.1875
12,6,29,39.6875
13,6,29,46.145833333333336
13,6,29,51.40625
13,6,29,53.85416666666666
14,6,29,56.302083333333336
14,6,29,59.32291666666666
15,6,29,58.333333333333336
15,6,29,55.625
16,6,29,49.114583333333336
8,0,29,43.22916666666666
8,0,29,29.635416666666668
9,0,29,38.333333333333336
9,0,29,48.69791666666666
10,0,29,57.239583333333336
10,0,29,65.78125
11,0,29,69.27083333333333
11,0,29,72.70833333333333
11,0,29,75.26041666666667
12,0,29,77.60416666666667
12,0,29,79.42708333333333
13,0,29,80.625
14,0,29,79.42708333333333
14,0,29,79.375
14,0,29,77.34375
15,0,29,74.0625
15,0,29,69.79166666666667
16,0,29,63.90625
